"germplasmName","DON","INC","SEV"
"09WESLEYBC21",8.68785055037206,NA,NA
"09WESLEYBC23",11.2628505503719,NA,NA
"09WESLEYBC40",7.18785055037161,NA,NA
"09WESLEYBC56",6.86285055037185,NA,NA
"09WESLEYBC6",14.462850550372,NA,NA
"09WESLSEYBC52",6.31285055037196,NA,NA
"17VDH.HRW11.189",NA,41.7262875281138,30.6567606044423
"17VDH.HRW11.211",NA,36.7262875281168,30.6567606044442
"18MD4448",NA,36.7262875281168,30.6567606044444
"19NORD-116",9.42332999830651,48.7018526563374,26.8853577815229
"19NORD-118",7.52332999830637,38.7018526563362,17.8853577815225
"19NORD-119",8.42332999830629,48.701852656337,11.8853577815221
"19NORD-120",7.62332999830636,51.7018526563375,49.8853577815223
"19NORD-121",11.1233299983063,38.7018526563367,11.8853577815224
"19NORD-122",10.4233299983062,41.7018526563372,19.8853577815221
"19NORD-124",8.59298374807571,38.4618361171404,42.8785167535871
"19NORD-125",7.42332999830623,45.701852656337,24.8853577815221
"19NORD-126",7.82332999830619,35.7018526563377,11.885357781522
"19NORD-128",9.92332999830631,38.7018526563374,44.8853577815223
"19NORD-129",7.42332999830641,45.7018526563374,44.8853577815222
"19NORD-130",6.62332999830623,41.7018526563376,13.8853577815221
"19NORD-131",8.62332999830643,31.7018526563372,7.88535778152193
"19NORD-132",6.82332999830646,38.701852656337,24.8853577815222
"19NORD-133",7.72332999830643,41.7018526563368,14.8853577815219
"2021MD3066",NA,56.7262875281177,33.9900939344439
"2021MD3069",NA,46.7262875281177,32.323427269444
"2021MD3070",NA,41.7262875281185,27.3234272694443
"2021MD3072",NA,41.7262875281184,45.6567606044441
"2021MD9006",NA,26.7262875281182,20.6567606044441
"20NORD-134",9.6569629027917,47.8792065634534,27.5055390804643
"20NORD-135",8.9569629027914,23.8792065634535,-4.49446091953531
"20NORD-136",8.95696290279146,33.8792065634529,8.50553908046457
"20NORD-139",9.15696290279175,20.8792065634525,10.5055390804646
"20NORD-141",8.85696290279193,17.8792065634526,8.50553908046442
"20NORD-142",8.95696290279166,20.8792065634535,-7.49446091953523
"20NORD-143",8.95696290279163,20.8792065634534,23.5055390804646
"20NORD-144",9.65696290279178,60.8792065634525,44.5055390804641
"20NORD-145",8.8569629027914,20.879206563453,-7.49446091953521
"20NORD-146",8.85696290279152,27.8792065634533,20.5055390804648
"20NORD-147",9.85696290279174,43.8792065634526,45.5055390804645
"20NORD-148",8.95696290279166,20.879206563453,-6.49446091953536
"20NORD-149",9.15696290279176,30.8792065634531,-3.49446091953523
"20NORD-150",8.95696290279152,27.8792065634529,31.5055390804646
"20Nord-138",10.5098002003182,33.0505130706967,16.4536074030579
"21MD3088",NA,41.7262875281172,27.3234272694438
"21MD7040",NA,31.7262875281171,25.6567606044443
"21MD9019",NA,46.7262875281168,32.3234272694445
"21MD9045",NA,36.7262875281176,30.6567606044437
"21NORD-151",12.0326383692685,47.2053143804497,24.3967261998929
"21NORD-152",9.03263836926843,45.2674082217059,27.985059533225
"21NORD-153",7.58263836926842,43.8821487194917,23.9833928665587
"21NORD-154",8.53263836926862,44.7029096391456,17.4133928665584
"21NORD-157",7.58263836926888,47.2099377829926,26.0650595332254
"21NORD-158",8.8826383692685,48.0392011874617,21.0450595332255
"21NORD-159",11.8326383692686,48.8734601546091,24.481726199892
"21NORD-160",10.5326383692685,50.5416059287669,33.8667261998921
"21NORD-162",10.5826383692685,52.2097517029252,25.4033928665586
"21NORD-163",11.8326383692689,57.768324322471,31.3533928665582
"21NORD-164",5.93263836926847,57.7683243224709,22.5783928665586
"21NORD-165",7.33263836926855,55.5506666537844,35.4967261998919
"21NORD-166",7.13263836926883,53.8778974770841,30.8533928665585
"21NORD-167",7.6982172932674,45.5460432512428,17.7383928665584
"21NORD-168",6.63263836926858,41.3758648959135,20.3833928665589
"21NORD.151",NA,46.7262875281176,30.6567606044444
"21NORD.152",NA,46.7262875281181,35.6567606044441
"21NORD.153",NA,26.7262875281183,20.656760604444
"21NORD.154",NA,36.7262875281183,40.6567606044436
"21NORD.155",NA,46.7262875281176,30.6567606044441
"21NORD.156",NA,36.7262875281186,40.6567606044438
"21NORD.157",NA,56.7262875281186,30.6567606044443
"21NORD.158",NA,26.7262875281186,20.6567606044441
"21NORD.159",NA,46.7262875281177,30.6567606044437
"21NORD.160",NA,36.7262875281186,60.6567606044438
"21NORD.161",NA,61.7262875281177,34.4067606044438
"21NORD.162",NA,36.726287528118,25.6567606044443
"21NORD.163",NA,41.7262875281178,33.1567606044436
"21NORD.164",NA,36.7262875281184,25.6567606044439
"21NORD.165",NA,41.726287528118,30.6567606044441
"21NORD.166",NA,41.7262875281179,25.6567606044437
"21NORD.167",NA,31.7262875281184,25.6567606044441
"21NORD.168",NA,36.7262875281179,30.6567606044441
"21Nord-155",10.9126374978449,48.5618195779431,27.6716757256509
"21Nord-156",12.2126374978449,68.5618195779435,33.9016757256508
"21Nord-161",12.7126374978448,53.5618195779435,31.7416757256507
"21Nord-169",10.2126374978448,33.561819577943,20.9716757256513
"21Nord-170",11.8626374978448,68.5618195779439,39.6916757256511
"21Nord-171",10.0126374978449,36.8918195779435,31.6116757256511
"21Nord-172",10.2626374978449,38.5618195779435,17.9716757256513
"21Nord-173",11.3026374978448,61.8918195779436,23.9216757256512
"21Nord-174",8.40263749784498,41.8918195779434,19.5916757256509
"21Nord-175",9.95263749784489,41.8918195779432,20.921675725651
"21Nord-176",11.612637497845,48.5618195779433,22.6516757256514
"21Nord-177",12.262637497845,56.8918195779434,32.3316757256511
"21Nord-178",16.4526374978448,41.8918195779434,29.551675725651
"22NORD.169",NA,76.5806279231006,28.6695398984609
"22NORD.170",NA,59.5806279231009,53.1695398984608
"22NORD.171",NA,75.5806279231009,27.6695398984603
"22NORD.172",NA,53.0806279231014,27.6695398984605
"22NORD.173",NA,33.080627923101,24.1695398984609
"22NORD.174",NA,89.5806279231003,61.6695398984609
"22NORD.175",NA,84.0806279231003,55.1695398984606
"22NORD.176",NA,25.580627923101,23.1695398984602
"22NORD.177",NA,25.5806279231011,22.1695398984602
"22NORD.178",NA,69.5806279231002,44.1695398984604
"22SENB24",NA,41.7262875281179,33.1567606044439
"22SENB46",NA,36.7262875281184,30.6567606044444
"22SENB6",NA,46.7262875281191,30.6567606044442
"22SENC30",NA,46.7262875281183,30.6567606044442
"22SENC32",NA,56.7262875281185,30.6567606044443
"22SEND7",NA,36.7262875281176,25.6567606044438
"22SEND9",NA,36.7262875281177,25.6567606044443
"23Nord-179",10.7601908003979,56.0475123221538,23.9152453406377
"23Nord-180",9.44019080039794,49.3775123221538,15.8352453406375
"23Nord-181",10.0601908003981,59.3775123221545,62.6652453406379
"23Nord-182",10.990190800398,57.7075123221538,29.0352453406377
"23Nord-183",10.0201908003979,46.047512322154,16.0352453406379
"23Nord-184",13.4201908003978,59.3775123221542,38.735245340638
"23Nord-185",11.3401908003979,51.0475123221543,30.5952453406379
"23Nord-187",9.59019080039791,57.7075123221544,26.6952453406378
"23Nord-189",11.3701908003979,59.377512322154,29.6652453406375
"23Nord-190",8.7101908003979,59.3775123221538,25.4352453406376
"23Nord-191",NA,25.7315412243443,13.0707505465072
"23Nord-192",8.67019080039813,57.707512322154,27.3052453406378
"23Nord-193",9.77019080039797,57.7075123221539,33.2452453406377
"23Nord-194",8.74019080039785,52.7075123221541,26.1152453406376
"23Nord-196",7.460190800398,24.377512322154,2.91524534063745
"23SENIORA.20",NA,70.5806279231007,26.6695398984607
"23SENIORA.25",NA,70.5806279231012,26.6695398984604
"23SENIORA.41",NA,25.5806279231012,23.1695398984606
"23SENIORA.47",NA,30.5806279231008,23.6695398984605
"23SENIORA.48",NA,89.580627923101,41.1695398984604
"23SENIORB.12",NA,25.5806279231013,22.1695398984605
"23SENIORB.23",NA,NA,21.6695398984605
"23SENIORB.48",NA,70.5806279231004,26.6695398984604
"23SENIORB.49",NA,38.0806279231006,24.1695398984606
"23SENIORB.6",NA,70.580627923101,26.6695398984606
"23SENIORB.7",NA,28.0806279231008,23.1695398984604
"23SENIORB.8",NA,70.580627923101,26.6695398984606
"23SENIORB.9",NA,70.5806279231007,26.6695398984606
"23SENIORC.11",NA,65.5806279231008,49.6695398984602
"23SENIORC.29",NA,48.5806279231007,43.6695398984604
"23SENIORC.36",NA,37.080627923101,33.6695398984606
"23SENIORC.37",NA,32.5806279231001,26.6695398984606
"23SENIORC.40",NA,33.0806279231008,24.6695398984606
"23SENIORC.41",NA,37.5806279231005,32.6695398984606
"23SENIORC.6",NA,70.5806279231006,31.6695398984606
"24CP900015",2.30996070317055,31.3630084289634,18.3615974263578
"24CP900017",6.55996070317047,56.3630084289642,48.3615974263573
"24CP900022",3.45996070317101,51.3630084289631,33.3615974263574
"24CP900027",8.45996070317074,61.3630084289638,53.361597426358
"24Nord-198",NA,15.7315412243445,12.9007505465071
"24Nord-199",NA,52.4015412243446,24.6807505465075
"24Nord-200",NA,59.0715412243448,30.2007505465066
"24Nord-201",NA,75.7315412243439,44.9907505465068
"24Nord-202",NA,37.4015412243443,18.3007505465066
"24Nord-203",NA,57.4015412243448,31.3307505465071
"24Nord-204",NA,59.0715412243447,36.6207505465073
"24Nord-205",NA,47.4015412243443,29.170750546507
"24Nord-206",NA,62.401541224345,30.130750546507
"24Nord-207",NA,47.4015412243449,22.720750546507
"24Nord-208",NA,49.0715412243448,28.150750546507
"24Nord-209",NA,70.7315412243442,31.9807505465069
"24Nord-210",NA,12.401541224345,13.3307505465071
"24Nord-211",NA,39.0715412243445,16.130750546507
"24SeniorB-41",7.44019080039806,52.7075123221538,12.5852453406376
"8992-L-B02",11.7826383692685,52.7685104025387,20.7100595332255
"ANTELOPE",NA,62.0884606868867,36.1633771843744
"ANTON",NA,77.088460686887,33.9411549643738
"BAKHSH24",11.9643088181372,NA,NA
"BAKHSH33",11.789308818137,NA,NA
"BAKHSH35",12.7643088181373,NA,NA
"BASF.23.1",NA,35.5806279231009,32.1695398984607
"BASF.23.10",NA,32.5806279231014,29.6695398984606
"BASF.23.11",NA,31.5806279231012,24.1695398984606
"BASF.23.12",NA,73.0806279231012,55.6695398984604
"BASF.23.13",NA,64.5806279231013,37.6695398984605
"BASF.23.14",NA,32.0806279231007,24.1695398984605
"BASF.23.15",NA,38.0806279231012,24.6695398984605
"BASF.23.16",NA,36.0806279231008,26.6695398984605
"BASF.23.17",NA,44.5806279231011,33.6695398984606
"BASF.23.18",NA,35.5806279231011,26.6695398984606
"BASF.23.19",NA,34.5806279231014,28.6695398984605
"BASF.23.2",NA,33.5806279231008,26.1695398984605
"BASF.23.20",NA,25.5806279231011,22.1695398984603
"BASF.23.21",NA,53.0806279231012,28.1695398984608
"BASF.23.22",NA,47.0806279231011,43.6695398984605
"BASF.23.23",NA,25.580627923101,22.1695398984606
"BASF.23.24",NA,30.5806279231013,23.1695398984607
"BASF.23.3",NA,33.080627923101,31.1695398984605
"BASF.23.4",NA,47.0806279231014,45.6695398984608
"BASF.23.5",NA,45.5806279231011,29.1695398984605
"BASF.23.6",NA,31.5806279231011,25.1695398984606
"BASF.23.7",NA,41.5806279231004,31.6695398984607
"BASF.23.8",NA,52.0806279231014,31.1695398984604
"BASF.23.9",NA,87.0806279231005,33.1695398984605
"CAMELOT",11.4087246616663,47.0884606868868,26.8578216313742
"CEDAR",NA,82.0884606868867,49.6494882993741
"CHEYENNE",NA,42.0884606868869,23.9411549643744
"CO16SF027",NA,71.7262875281166,36.656760604444
"CO16SF032",10.3982172932674,70.3948771964647,41.4801237385035
"CO16SF067",6.99821729326713,53.9082105297976,31.7234570718372
"CO17449R",8.5982172932676,58.9982105297977,35.23790151517
"CO18035RA",9.69821729326749,72.7982105297972,34.6501237385037
"CO18042RA",9.79821729326737,67.0615438631306,36.6967904051701
"CO18228RA",9.4982172932674,76.6848771964648,43.3712348485039
"CO18499M",10.2982172932673,58.2720565331588,38.8168500066243
"CO18922W",10.9982172932675,63.9082105297977,29.581076118503
"CO18D007W",NA,76.7262875281168,37.3234272694436
"CO18D297R",NA,76.7262875281168,33.1567606044445
"CO18SFD009W",NA,66.7262875281165,35.6567606044441
"CO19041R",NA,61.7262875281173,37.3234272694443
"CO19233R",NA,61.7262875281169,37.3234272694441
"CO19391R",NA,66.7262875281175,38.1567606044441
"CO19393R",10.1901908003978,49.8333624594626,25.7329221831743
"CO19410R",10.640190800398,59.276695792796,42.615144406508
"CO19D040W",22.2982172932672,77.0615438631316,38.2134570718367
"CO19D042W",18.5982172932674,43.908210529798,33.8701237385036
"CO19D087R",6.59821729326742,66.1315438631302,34.3901237385034
"CO19D223W",21.3982172932675,58.9082105297973,30.17679040517
"CO19D255W",15.4982172932673,43.3515438631314,32.8101237385036
"CO19D304R",11.798217293267,67.2415438631304,33.5667904051702
"CO19D322R",NA,81.7262875281167,33.9900939394443
"CO19D322R S",12.0982172932672,58.2720565331591,38.2668500066245
"CO19S038R",NA,66.7262875281167,36.4900939394438
"CO19S053R",NA,37.580627923101,32.1695398984603
"CO19S069W",NA,61.726287528117,42.156760604444
"CO19S076R",NA,56.7262875281168,31.6567606044439
"CO19S085W",NA,66.7262875281168,32.3234272694442
"CO19S088W",NA,66.7262875281166,32.0853320344441
"CO19S091W",NA,61.7262875281168,31.490093939444
"CO19S129W",10.3401908003981,50.3866957927955,33.9429221831749
"CO19S135W",NA,37.0806279231014,30.1695398984606
"CO200030R",NA,36.080627923101,30.6695398984604
"CO200034R",NA,25.5806279231012,25.1695398984607
"CO200037R",7.220190800398,39.3140701226278,25.4323926195488
"CO200168R",8.26019080039778,46.0475123221542,20.7452453406377
"CO200215R",15.820190800398,59.3775123221549,58.2152453406378
"CO200247W",7.87019080039795,47.7075123221545,10.3652453406377
"CO20D036R",6.96003740224663,46.9460392757956,35.4419950229536
"CO20D045R",NA,30.5806279231012,23.6695398984604
"CO20D058W",NA,58.0806279231012,35.1695398984606
"CO20D068W",9.4101908003978,49.7790701226271,31.922392619549
"CO20D073W",8.36019080039796,38.2290701226273,18.882392619549
"CO20D079R",8.66019080039788,37.0640701226269,24.7573926195491
"CO20D097R",9.8201908003978,48.8940701226276,25.6223926195494
"CO20D108R",12.9933707355801,45.7535392757952,22.0569950229535
"CO20D112R",NA,37.0806279231014,28.1695398984602
"CO20SF014W",15.652637497845,76.2362237505222,37.3956078120563
"CO20SF095R",9.16263749784477,36.2362237505231,21.4106078120563
"CO20SF141R",14.0626374978449,40.401223750522,24.5806078120561
"CO20SF160R",9.41263749784495,52.9012237505228,23.8656078120562
"CO20SF163R",8.51263749784501,34.9012237505225,19.4856078120563
"CO20SF192R",9.01263749784484,39.1512237505227,22.7206078120563
"CO20SF198R",8.71263749784484,48.321223750523,29.9306078120563
"CO20SF227R",9.21263749784461,55.1512237505224,25.9356078120562
"CO20SF240R",8.21263749784482,42.7362237505223,27.3606078120561
"CO20SFD011R",11.1626374978449,44.571223750522,36.7506078120563
"CO20SFD013R",11.112637497845,46.9462237505226,35.3706078120565
"CO20SFD019R",10.4241863013951,57.632116089743,37.8286026192064
"CO20SFD020R",NA,37.0806279231013,26.6695398984608
"CO20SFD033W",11.6026374978447,47.1912237505228,34.0056078120565
"CO20SFD043R",11.812637497845,53.5712237505227,40.1856078120564
"CO20SFD071R",10.1026374978448,47.4462237505228,29.770607812056
"CO21D1411R",8.49019080039785,42.7075123221542,23.2652453406381
"CO21D1790R",14.2967040689134,55.70117639336,44.1861467311175
"CO21SF0073W",NA,47.4015412243448,20.3007505465068
"CO21SF191RA",NA,42.4015412243448,33.0407505465072
"CO21SF197R",NA,59.0715412243445,31.5807505465069
"CO21SF226R",NA,77.4015412243446,57.310750546507
"CO21SF240R",NA,49.0715412243441,23.8107505465068
"CO21SF263RA",NA,29.0715412243446,14.2007505465069
"CO21SF496R",NA,59.0715412243451,43.6807505465069
"CO21SFD0950R",NA,77.4015412243447,66.430750546507
"CO22SF003R",NA,62.4015412243451,38.180750546507
"CO22SF008WC",NA,52.4015412243444,37.8507505465069
"CO22SF019R",NA,37.4015412243446,17.9507505465073
"CO22SFD101R",NA,72.4015412243455,42.2907505465072
"CO22SFD105M",NA,69.0715412243443,33.4807505465073
"CO22SFD168W",NA,67.4015412243451,39.2707505465073
"CO22SFD177W",NA,39.0715412243448,18.8007505465066
"DARRELL",5.38735141195467,NA,NA
"DECADE",7.59821729326734,53.2720565331596,19.7068500066242
"DH15GH8017",NA,41.7262875281181,30.6567606044436
"DH16GH8053",NA,66.7262875281176,30.6567606044439
"DH18HRW.138.56",NA,56.7262875281184,38.1567606044442
"DH19HRW01.45",NA,30.580627923101,24.1695398984605
"DH19HRW04.21",NA,30.5806279231014,24.169539898461
"DH19HRW04.86",NA,45.0806279231013,42.6695398984604
"EMERSON",9.8236818638365,42.6757324144006,15.8611304048551
"EVEREST",7.0103183778338,55.4519546836383,20.3787400048893
"EXPEDITION",12.3498514119544,NA,NA
"FHB BC2F2-5",7.48263836926873,62.2186263478759,27.3250595332251
"FHBAM6-1-1",NA,74.0715412243448,29.5007505465077
"FHBAM9-4-1",NA,67.4015412243451,47.0307505465072
"FHBAM9-4-2",NA,82.4015412243449,47.4107505465076
"FLOURISH",18.0303485305031,66.3182324144006,73.2736304048552
"GARRISON",15.4959699804589,69.6650046458415,NA
"GOODSTREAK",6.92332999830629,38.8951566716117,17.9132563729481
"HONDO",10.2644847603984,NA,NA
"JAGALENE",4.40996070317085,66.363008428964,48.3615974263576
"KARL_92",7.46489258010249,58.7447765630526,35.1308930674253
"KHARKOF",0.459960703170594,-3.63699157103667,-26.6384025736426
"KS010170M-11",8.41691147182048,NA,NA
"KS010209M-4",15.6169114718211,NA,NA
"KS010241K-11",11.2169114718209,NA,NA
"KS01080-1-1",13.8498514119549,NA,NA
"KS01080-1-2",11.1123514119545,NA,NA
"KS010957-6",14.6327913520888,NA,NA
"KS010957K-4",11.6169114718207,NA,NA
"KS011045-11-1",8.51691147182125,NA,NA
"KS011162-8",1.5577913520886,NA,NA
"KS011178-5",7.73279135208868,NA,NA
"KS011188TM-1",15.216911471821,NA,NA
"KS011188TM-6",7.41691147182129,NA,NA
"KS011676-4-1",4.81691147182117,NA,NA
"KS011676-5-1",-0.183088528179056,NA,NA
"KS01LR033-1M-2",23.2169114718211,NA,NA
"KS020045-17",12.6577913520883,NA,NA
"KS020150K-1",32.0169114718209,NA,NA
"KS020319-4",13.0077913520888,NA,NA
"KS020363WM-2",10.216911471821,NA,NA
"KS020638-2",16.4327913520888,NA,NA
"KS020638-5",10.7327913520888,NA,NA
"KS020648-M-6",12.3937514572855,NA,NA
"KS020822-M-5",7.34375145728565,NA,NA
"KS020942-7",11.3077913520885,NA,NA
"KS020947-K-13",18.9187514572858,NA,NA
"KS020952-4",11.8327913520884,NA,NA
"KS021006-NT-9",13.9687514572855,NA,NA
"KS021008-2",15.416911471821,NA,NA
"KS030024-K-3",6.39375145728563,NA,NA
"KS030024-K-4",6.19375145728563,NA,NA
"KS030039-3",7.93279135208884,NA,NA
"KS030049-NT-7",8.51875145728577,NA,NA
"KS030101-M-2",6.51875145728566,NA,NA
"KS030124-K-4",9.11875145728563,NA,NA
"KS030607K-11",12.9128505503721,NA,NA
"KS030607K-8",13.912850550372,NA,NA
"KS030644NT-16",12.0878505503716,NA,NA
"KS030792K-2",5.88785055037192,NA,NA
"KS030815K-13",6.26285055037204,NA,NA
"KS030815K-19",10.037850550372,NA,NA
"KS030887K-4",16.0628505503718,NA,NA
"KS031009K-4",9.76285055037168,NA,NA
"KS031009K-5",10.5378505503718,NA,NA
"KS031009K-6",12.4878505503719,NA,NA
"KS031009K-7",12.4128505503719,NA,NA
"KS031011K-2",14.3378505503719,NA,NA
"KS031027-FHB-8",4.19375145728573,NA,NA
"KS031027NT-11",5.93785055037205,NA,NA
"KS031027NT-6",6.71285055037188,NA,NA
"KS050173K-4",5.770969980459,40.4983379758415,NA
"KS060106-M-11",8.02096998045877,52.4983379758417,NA
"KS060377-M-11",8.84596998045865,52.4983379758417,NA
"KS060393-M-14",8.22096998045878,70.665004645842,NA
"KS060393-M-8",15.4209699804588,88.1650046458417,NA
"KS060638-BE-24",8.88930881813714,NA,NA
"KS060638-BE-32",3.64596998045887,NA,NA
"KS060638-BE-C",9.09596998045889,68.1650046458411,NA
"KS060750-BE-20",6.64596998045855,NA,NA
"KS060750-BE-27",10.6143088181372,NA,NA
"KS060750-BE-6",12.6893088181371,NA,NA
"KS060750-BE-7",1.52096998045873,52.1650046458418,NA
"KS060750-BE-A",3.94596998045859,43.165004645842,NA
"KS060750-BE-C",9.48930881813703,NA,NA
"KS060750-BE-E",7.44596998045887,NA,NA
"KS061131K-13",7.67499324490025,58.7496570835173,29.3941178813715
"KS061131M-1",5.78749324490033,55.9684070835176,26.3827020913721
"KS061162M-2",8.34582657840032,61.3434070835169,31.7994005163712
"KS061162M-4",4.96249324490034,52.8434070835179,20.582222751371
"KS061406-LN-1",13.7393088181371,NA,NA
"KS061406-LN-13",13.6643088181372,NA,NA
"KS061406-LN-20",11.7643088181369,NA,NA
"KS061406-LN-29",15.0143088181369,NA,NA
"KS061406-LN-33",15.9143088181372,NA,NA
"KS061406-LN-35",14.2393088181371,NA,NA
"KS061406-LN-37",15.0959699804587,83.1650046458416,NA
"KS061406-LN-40",15.8893088181373,NA,NA
"KS061406-LN-47",11.9393088181373,NA,NA
"KS061406-LN-7",15.2893088181373,NA,NA
"KS061406-LN-9",14.239308818137,NA,NA
"KS061406-LN-D",10.464308818137,NA,NA
"KS061658K-5",7.34165991140019,55.4059070835171,17.730060856372
"KS061837M-3",6.17915991140052,55.0309070835175,25.0547840013716
"KS07F5BULK01-K-7",5.34375145728556,NA,NA
"KS080194-K-2",NA,26.9803530731367,34.2542755290754
"KS080194-M-3",1.41453338747883,58.9803530731365,25.2542755290756
"KS080195-K-2",15.4145333874789,63.9803530731366,15.2542755290756
"KS080195-K-6",7.71453338747895,73.9803530731374,50.2542755290753
"KS080195-M-3",6.91453338747894,53.9803530731366,38.2542755290755
"KS080477-K-1",23.3145333874791,66.9803530731372,29.2542755290749
"KS080477-M-3",13.2145333874791,50.9803530731361,48.2542755290753
"KS080477-M-4",23.614533387479,46.980353073137,60.2542755290753
"KS080608-K-1",13.2145333874793,50.9803530731357,51.2542755290752
"KS080662-K-3",7.41453338747912,70.9803530731363,31.2542755290753
"KS080662-K-7",2.61453338747916,63.9803530731366,23.2542755290755
"KS080737-K-1",11.8145333874791,68.9803530731363,38.2542755290751
"KS08FHB-31",1.39375145728563,NA,NA
"KS08FHB-78",1.81875145728569,NA,NA
"KS08IFAFS1",0.0187514572856031,NA,NA
"KS08P1-108",8.59375145728559,NA,NA
"KS0CW01M883T-2",10.9827913520889,NA,NA
"KS0CW0651440T-M-9",12.3207596051563,60.6559070835177,23.824438446372
"KS100028K-11",7.42332999830643,48.7018526563378,44.8853577815224
"KS100028K-12",9.62332999830633,41.7018526563359,29.8853577815222
"KS110069K-3",8.2233299983062,45.7018526563374,41.8853577815226
"KS110409M-1",9.12332999830646,45.7018526563367,27.8853577815222
"KS110489M-6",7.12332999830636,41.7018526563374,13.8853577815221
"KS110832M-2",10.4233299983063,58.7018526563375,62.8853577815223
"KS120081K-1",7.72332999830645,41.701852656337,11.8853577815223
"KS120081K-7",8.52332999830628,51.7018526563378,14.8853577815222
"KS120215K-6",12.3982172932673,58.2720565331593,39.7068500066242
"KS120267K-5",7.4233299983063,58.7018526563378,49.8853577815219
"KS120267M-3",7.72332999830626,51.7018526563371,53.8853577815222
"KS120310M-3",7.5233299983062,41.7018526563377,64.8853577815222
"KS120742M-1",7.52332999830634,45.7018526563373,46.885357781522
"KS120766M-6",8.12332999830625,38.7018526563379,14.8853577815222
"KS120849K-9",9.52332999830649,51.7018526563376,49.8853577815222
"KS12FHB(A+)-108",8.10415991140052,53.5934070835173,18.8280462113715
"KS12FHB(A+)-38",2.02082657840023,51.4684070835176,17.9974484813716
"KS12FHB(A+)-39",0.358326578400394,49.843407083517,15.4990297863716
"KS12FHB(A+)-44",4.2749932449001,59.8434070835174,24.9462142363715
"KS12FHB(A+)-54",2.75832657840041,47.9529795039491,9.78996424137192
"KS12FHB(A+)-69",17.6916599114004,53.0309070835173,20.4848571713716
"KS12FHB(A+)-75",5.99582657840038,55.218407083517,23.7430308263716
"KS12FHB(A+)-81",4.96249324490036,54.468407083517,22.7418978163714
"KS12FHB(A-)-1",-1.38546661252101,6.98035307313623,2.254275529075
"KS12FHB(A-)-10",4.414533387479,46.9803530731357,8.25427552907496
"KS12FHB(A-)-23",4.51453338747874,53.9803530731367,27.2542755290751
"KS130019C4-7",7.39821729326735,51.6020565331584,23.5668500066243
"KS130060C.2",NA,30.5806279231011,22.6695398984607
"KS130236C4-8",5.69821729326729,42.712056533159,14.7268500066243
"KS130293C4-3",13.3569629027916,37.8792065634531,40.5055390804647
"KS130403M-3",9.83263836926866,54.8512878789322,25.4383928665585
"KS130403M.3",NA,36.7262875281171,33.1567606044441
"KS130459C.4",NA,57.0806279231008,29.1695398984606
"KS13DH0041-35",13.4982172932675,56.6020565331588,27.1068500066243
"KS13FHB0320M-3",10.0569629027916,77.8792065634534,55.5055390804645
"KS13FHB0322M-1",8.55696290279215,27.8792065634534,-4.4944609195352
"KS13FHB0323K-3",8.95696290279182,30.8792065634534,36.5055390804649
"KS140009C4-4",10.6569629027916,37.8792065634532,3.50553908046491
"KS140064M-1",7.33263836926865,53.8778974770844,31.3833928665584
"KS140064M.1",NA,26.7262875281175,20.6567606044444
"KS140064M.6",NA,30.580627923101,24.6695398984605
"KS140068C.6",NA,28.0806279231005,22.6695398984606
"KS140092M-1",15.5126374978449,62.0518195779449,54.3716757256512
"KS140490K-10",10.512637497845,58.5618195779445,39.3216757256508
"KS140535C-7",12.1126374978449,63.5618195779442,47.6016757256514
"KS140535C.7",NA,37.0806279231008,31.6695398984606
"KS140732K-2",8.78263836926853,48.0392011874627,32.1883928665587
"KS140732K.2",NA,56.7262875281171,31.656760604444
"KS140794K-8",8.03263836926843,46.5240570556336,34.0517261998917
"KS140794K.8",NA,46.7262875281174,33.9900939394435
"KS140848C4-3",10.2569629027917,73.8792065634533,38.5055390804647
"KS140884C4-5",10.3569629027918,43.8792065634538,36.5055390804645
"KS140884C4-6",10.5775900980293,45.4106315483052,24.3961945435448
"KS140924K-2",11.3226374978449,43.0718195779442,15.121675725651
"KS140977C4-2",10.7569629027917,30.8792065634538,-2.49446091953511
"KS141050K-10",8.4982172932672,51.6020565331593,30.3568500066243
"KS141050K.10",NA,51.7262875281165,33.1567606044442
"KS14FHB0004M-2",9.45696290279174,43.8792065634535,18.5055390804647
"KS14FHB0005M-1",9.05696290279172,37.8792065634534,8.50553908046466
"KS14FHB0598K-11",8.95696290279156,40.8792065634534,33.5055390804647
"KS14FHB0599M-2",9.17407988044293,51.7055419250433,34.0252193823056
"KS14FHB0599M.2",NA,46.7262875281177,35.6567606044441
"KS14FHB0732M-4",9.73263836926849,53.6081370924982,42.7100595332253
"KS14FHB0732M.4",NA,41.7262875281172,32.3234272694444
"KS14FHB0968M-5",10.0569629027916,27.8792065634537,28.5055390804647
"KS150167-18",11.0401908003981,51.0475123221539,45.295245340638
"KS150167-19",10.270190800398,27.7075123221542,13.9452453406376
"KS150167.15",NA,25.5806279231006,22.6695398984605
"KS150167.17",4.60996070317101,56.3630084289648,38.3615974263572
"KS150167.18",5.50996070317061,34.4355482603431,17.7975782503918
"KS150167.19",3.10996070317061,56.3630084289647,33.3615974263571
"KS150720-6",9.24019080039785,34.3775123221542,9.53524534063767
"KS150720.6",NA,53.0806279231012,28.6695398984606
"KS150765.4",NA,61.5806279231013,53.6695398984603
"KS150765.6",NA,34.0806279231014,24.6695398984607
"KS150826C-2",12.4601908003978,14.3775123221535,9.5852453406378
"KS15DH0055-11",9.46077364578643,51.6969545947486,21.7361038940734
"KS15RLGDPOP29-3",15.6401908003978,34.3775123221538,16.7152453406376
"KS15RLGDPOP30-1",15.270190800398,34.3775123221541,21.2652453406381
"KS160317-4",NA,34.0715412243443,19.2907505465072
"KS160332S.3",NA,61.7262875281166,33.6567606044441
"KS160352S-1",9.46705944527017,66.1581974924896,27.2932690598264
"KS160352S.1",NA,68.6534577256097,33.6631502514522
"KS160401-2",NA,72.4015412243446,37.0507505465067
"KS160458S-1",7.56705944527006,49.4915308258228,27.6266023931601
"KS160458S.1",NA,36.7262875281174,25.6567606044439
"KS160473S-6",6.86705944526994,49.4915308258231,32.6266023931598
"KS160473S.6",NA,41.7262875281165,28.9900939394442
"KS160476S-9",10.2026374978449,63.5618195779441,30.3016757256509
"KS160476S.6",NA,41.7262875281174,28.9900939394439
"KS160476S.9",NA,28.0806279231014,24.6695398984607
"KS160524-6",NA,49.0715412243441,16.3007505465074
"KS160524S.10",NA,56.7262875281176,30.6567606044436
"KS160563S-3",9.30263749784491,63.5618195779446,40.6016757256512
"KS160563S.2",NA,66.7262875281176,38.1567606044437
"KS160720S-1",7.26705944527002,59.4915308258224,37.9599357264932
"KS160720S.1",NA,56.7262875281176,33.9900939344435
"KS160765S.1",NA,61.726287528118,35.656760604444
"KS160765S.6",NA,25.5806279231008,23.1695398984606
"KS160786S.4",NA,49.3444009931126,42.8276870357826
"KS160855S-4",8.53984847155753,38.1928287775984,28.5408057260721
"KS160855S.4",NA,46.3444009931126,30.2165759257826
"KS160998S-2",6.86705944526996,52.8248641591563,32.2932690598264
"KS160998S.2",NA,41.7262875281173,33.1567606044441
"KS16DH0002-12",9.498217293267,46.602056533159,22.2568500066242
"KS16DH0010-17",10.1982172932672,58.2720565331591,35.1868500066243
"KS16FHB0211-101",7.61263749784504,30.2218195779446,13.011675725651
"KS16FHB0211-101-11",6.36019080039782,-7.29248767784625,-2.28475465936192
"KS16FHB0211-101-7",6.29019080039778,9.37751232215416,-2.80475465936225
"KS16FHB0211-201-17",7.36019080039792,17.7075123221539,8.40524534063765
"KS16FHB0211-201-3",6.07019080039778,4.37751232215439,-0.604754659362115
"KS16FHB0284-101-12",6.82019080039774,31.0475123221536,22.0952453406378
"KS16FHB0284-101-3",7.72019080039787,34.3775123221542,13.3952453406381
"KS16FHB0284-101-7",7.27019080039787,14.3775123221541,0.0452453406379476
"KS16RLGDPOP61-2",8.89019080039785,39.3775123221543,17.9152453406378
"KS170013D.16",NA,70.5806279231011,26.6695398984603
"KS170013D.19",5.20996070317101,71.3630084289646,40.8615974263575
"KS170025D-11",11.812637497845,58.5618195779443,42.2516757256511
"KS170025D-6",7.96705944526998,52.824864159156,28.2932690598261
"KS170025D.1",NA,25.5806279231008,22.6695398984603
"KS170025D.11",NA,30.580627923101,23.6695398984605
"KS170025D.6",NA,36.7262875281168,30.656760604444
"KS170118S.1",NA,53.0806279231019,27.6695398984606
"KS170275D-1",7.46705944527017,56.1581974924887,31.9599357264929
"KS170275D.1",NA,36.7262875281173,30.6567606044443
"KS170364S.3",NA,27.5806279231008,25.1695398984604
"KS170412S.2",NA,70.5806279231008,26.6695398984605
"KS170453S.3",NA,67.080627923101,34.6695398984606
"KS170569S.5",NA,54.5806279231012,29.1695398984606
"KS170684S.11",NA,70.5806279231014,26.6695398984604
"KS170684S.6",NA,53.5806279231008,32.1695398984603
"KS170778S-6",12.2601908003981,59.3775123221541,54.0552453406377
"KS170778S.2",NA,33.0806279231011,23.6695398984606
"KS170778S.5",NA,70.5806279231008,26.6695398984605
"KS170778S.6",NA,25.5806279231013,23.6695398984605
"KS170778S.8",NA,29.5806279231006,25.1695398984606
"KS190498S-1",NA,67.4015412243446,32.9207505465071
"KS19RDM-110",9.4569629027918,37.8792065634527,49.5055390804644
"KS200102D-2",NA,60.7315412243446,29.420750546507
"KS200285L-1",NA,65.7315412243443,33.0107505465069
"KS200408S4-1",NA,74.0715412243448,42.530750546507
"KS200544S4-3",NA,42.4015412243445,22.7707505465072
"KS200585L-1",NA,55.7315412243445,20.110750546507
"KS200665S4-8",NA,47.4015412243446,25.0807505465069
"KS200699S4-1",NA,59.0715412243442,45.890750546507
"KS200821S4-8",NA,64.0715412243444,24.9507505465071
"KS21H106",NA,41.7262875281178,33.1567606044444
"KS21H11",NA,46.7262875281176,26.9067606044441
"KS21H114",NA,41.7262875281171,30.6567606044441
"KS21H116",NA,56.7262875281177,33.9900939344439
"KS21H18",NA,46.726287528118,35.656760604444
"KS21H3",NA,51.7262875281169,32.3234272694439
"KS21H30",NA,36.7262875281177,25.6567606044444
"KS21H31",NA,51.7262875281176,29.6567606044443
"KS21H36",17.6599607031706,54.0446479785406,25.759179015401
"KS21H38",NA,61.7262875281167,42.1567606044441
"KS21H49",NA,61.7262875281175,36.1567606044444
"KS21H6",NA,66.7262875281178,33.3234272694441
"KS21H84",NA,36.7262875281179,25.6567606044443
"KS21H85",NA,46.7262875281172,26.9067606044441
"KS21H86",NA,61.7262875281183,31.6567606044441
"KS21HD121",NA,36.726287528117,30.6567606044443
"KS21HD125",NA,41.7262875281175,30.6567606044445
"KS21HD144",NA,56.7262875281174,30.6567606044447
"KS21HD147",NA,26.7262875281176,20.656760604444
"KS21HD149",NA,36.7262875281185,25.6567606044442
"KS21HD154",NA,36.7262875281186,25.6567606044443
"KS21HD156",NA,51.7262875281185,32.3234272694442
"KS21HD158",NA,41.7262875281178,30.6567606044445
"KS21HD159",NA,61.7262875281177,40.6567606044444
"KS21HD168",NA,26.7262875281175,20.6567606044446
"KS21HD170",NA,46.7262875281174,30.6567606044439
"KS21HD172",NA,51.7262875281188,45.6567606044441
"KS21HDW138",NA,41.7262875281191,27.3234272694441
"KS21HW27",NA,36.7262875281169,30.6567606044442
"KS21HW54",NA,46.726287528117,30.6567606044442
"KS21N16MD9210.B03.15",NA,66.7262875281176,30.656760604444
"KS21N16MD9261.F02.3",NA,76.7262875281171,36.6567606044438
"KS21U7263.B3.6.4",NA,56.7262875281175,33.9900939344441
"KS21U7266.E1.B2",NA,26.7262875281171,20.6567606044437
"KS21U7269.C1.B8",6.90996070317097,49.8174347953488,35.7933184857201
"KS21U7274.A.G149",NA,46.7262875281168,38.9900939394438
"KS21U7274.A.G155",NA,31.7262875281178,25.6567606044438
"KS21U7294.G6.4.3",NA,41.7262875281168,25.6567606044439
"KS21U7294.G6.4.7",NA,46.7262875281176,26.9067606044441
"KS21U7321.B2.B7",NA,46.7262875281174,35.6567606044437
"KS21U7420.S9",NA,81.7262875281171,36.3234272694439
"KS21U7445.H9.C3",NA,66.726287528117,33.1567606044436
"KS21U7445.H9.C6",NA,56.7262875281169,30.6567606044439
"KS21U7494.G14.C6",NA,66.7262875281168,30.6567606044439
"KS21U7494.H1.B8",NA,66.7262875281171,40.6567606044441
"KS21U7494.H5.C1",NA,36.7262875281182,90.656760604444
"KS21U7693.A.2.3",NA,56.7262875281177,30.6567606044439
"KS21U7748.A.10",NA,36.7262875281176,30.656760604444
"KS21U8086.13.14",9.58930474546078,52.8405554827195,35.5703965335315
"KS21U8086.13.44",NA,36.7262875281169,25.6567606044438
"KS21U8336.E.2",NA,36.7262875281173,30.6567606044439
"KS21U8337.A.1",NA,46.726287528117,30.656760604444
"KS21U8519.F.4",NA,66.7262875281168,30.6567606044437
"KS21U8520.C.1",NA,36.7262875281171,30.6567606044438
"KS21U8520.S.2",NA,76.7262875281173,36.6567606044438
"KS21U8572.A.4",NA,36.7262875281173,25.656760604444
"KS21U8578.B.A3",NA,46.726287528117,35.6567606044441
"KS21U8584.C.A3",9.28263836926844,48.2197916620864,26.5109100688345
"KS21U8715.I.F01",NA,41.7262875281172,30.656760604444
"KS21U8715.J.E07",NA,66.7262875281175,31.9067606044438
"KS22H100",NA,25.5806279231011,22.1695398984607
"KS22H108",NA,25.5806279231017,22.1695398984608
"KS22H112",NA,25.5806279231013,23.1695398984607
"KS22H126",NA,25.5806279231013,22.1695398984609
"KS22H147",NA,27.0806279231016,23.6695398984605
"KS22H149",NA,25.5806279231009,22.1695398984607
"KS22H163",NA,25.5806279231012,24.6695398984606
"KS22H170",NA,32.580627923101,27.1695398984608
"KS22H172",NA,53.0806279231013,27.6695398984606
"KS22H178",NA,NA,21.6695398984608
"KS22H19",NA,49.5806279231014,43.1695398984606
"KS22H21",NA,34.0806279231014,30.6695398984608
"KS22H23",NA,32.5806279231008,29.1695398984605
"KS22H28",NA,32.0806279231011,28.6695398984604
"KS22H38",NA,43.0806279231013,41.6695398984606
"KS22H40",NA,25.5806279231007,22.6695398984606
"KS22H57",NA,26.580627923101,24.6695398984606
"KS22H75",NA,25.5806279231015,23.669539898461
"KS22H88",9.0599607031709,46.1022149270093,6.46424491705851
"KS22H89",NA,25.5806279231014,22.1695398984607
"KS22HD156",NA,NA,21.6695398984609
"KS22HD157",NA,25.5806279231012,22.6695398984608
"KS22HD158",6.55996070317113,39.4355482603432,3.46424491705872
"KS22HW118",NA,25.5806279231013,22.6695398984606
"KS22HW150",NA,25.580627923101,22.1695398984604
"KS22HW152",NA,31.5806279231016,27.169539898461
"KS22HW175",NA,26.5806279231012,24.6695398984607
"KS22HW44",NA,25.580627923101,22.1695398984608
"KS22HW54",NA,25.5806279231008,22.669539898461
"KS22HW60",NA,25.5806279231006,22.1695398984607
"KS22U2017013.G43",NA,79.5806279231007,28.6695398984606
"KS22U2017023.G40",NA,85.5806279231015,29.6695398984605
"KS22U6864.1H.1R.R2.A1",NA,70.5806279231012,26.6695398984607
"KS22U7269.F11.C10",NA,25.5806279231013,22.6695398984606
"KS22U7321.B2.B7",2.85996070317093,36.3630084289637,38.3615974263572
"KS22U7487.G49",NA,25.5806279231011,22.1695398984604
"KS22U7487.G57",NA,25.5806279231008,22.1695398984606
"KS22U7494.E11.C7",NA,25.580627923101,22.1695398984607
"KS22U7710.O.6",NA,33.0806279231018,25.1695398984607
"KS22U7715.R1.1G.10R",NA,35.0806279231016,31.1695398984606
"KS22U7907.13.RS001",NA,25.5806279231011,22.6695398984606
"KS22U7907.13.RS002",5.00996070317095,57.7688815936761,42.4642449170587
"KS22U8054.12",NA,80.580627923101,28.6695398984606
"KS22U8186.C.16.1",NA,38.0806279231009,24.1695398984605
"KS22U8191.A.21.1",NA,35.5806279231012,23.1695398984607
"KS22U8191.A.3.1",NA,70.5806279231011,31.6695398984607
"KS22U8191.A.6.1",NA,58.580627923101,44.6695398984606
"KS22U8313.K.2.1",NA,30.5806279231014,23.6695398984608
"KS22U8314.F.A1.A005",NA,82.5806279231016,32.6695398984607
"KS22U8314.M.A8.T7",NA,35.5806279231012,24.6695398984605
"KS22U8344.I.8.2",NA,25.5806279231014,22.1695398984609
"KS22U8345.B.4.0",NA,60.5806279231013,25.6695398984607
"KS22U8492.J.T1",NA,60.5806279231012,31.1695398984603
"KS22U8520.P.3",NA,72.080627923101,38.6695398984605
"KS22U8578.E.A1.H20.11",NA,25.5806279231012,22.1695398984608
"KS22U8578.K.A2.A20.1",NA,25.5806279231009,24.1695398984606
"KS22U8578.P.A7.A012",NA,32.580627923101,30.1695398984607
"KS22U8581.F.5.8",NA,70.5806279231015,26.6695398984606
"KS22U8654.H.A06.T9",NA,70.580627923101,31.6695398984604
"KS22U8693.E.6.T8",NA,25.5806279231013,22.1695398984607
"KS22U8707.H.14.T28",NA,70.580627923101,26.6695398984605
"KS22U8712.O.C07.T8",NA,25.5806279231011,22.1695398984606
"KS22U8790.J.T1",NA,25.5806279231015,22.1695398984606
"KS23U7494.E11.C5.Y22",5.15996070317084,41.3630084289645,48.3615974263574
"KS23U7494.H1.B3",4.10996070317093,41.3630084289642,23.3615974263572
"KS23U8313.D.6.9",5.15996070317101,6.36300842896384,-16.6384025736425
"KS970093-8-9-#1-1",0.457791352088833,NA,NA
"KSOCW06S1440T-M-9",8.36256021764422,NA,NA
"KanMark",12.5628505503718,NA,NA
"LCH22.1741",7.90996070317068,71.3630084289643,48.3615974263568
"LCH22.2015",6.30996070317067,36.3630084289645,8.36159742635743
"LCH22.2408",5.85996070317084,31.3630084289639,23.361597426357
"LCH22.9889",5.90996070317088,76.3630084289645,53.3615974263572
"LCS_MINT",NA,65.4217940168866,41.9967105243741
"LCS_WIZARD",NA,45.4217940198871,27.2744882973739
"LYMAN",2.65238101109621,NA,NA
"MATTERN",10.8958265784002,45.7095400578414,30.9022792222094
"MCGILL",12.9358480058789,85.4217940168873,40.3994882943744
"MT1793",5.29821729326736,56.6020565331597,15.0068500066245
"MT19175",NA,69.9183279231007,32.6695398984606
"MT2019",11.662637497845,61.8118195779444,30.1916757256512
"MT2128",NA,24.918327923101,23.6695398984605
"MT2172",NA,24.9183279231008,22.6695398984607
"MT2178",NA,29.9183279231003,24.6695398984604
"MT2219",10.3701908003978,59.377512322154,52.4852453406376
"MT2230",8.34019080039798,54.3775123221541,18.5352453406375
"MT2262",9.29019080039794,54.3775123221536,26.4852453406379
"MT2270",11.760190800398,59.3775123221541,37.7952453406379
"MT2335",9.77019080039805,57.7075123221536,47.0952453406377
"MTAX21187",NA,NA,21.6695398984608
"MTCL2010",10.6626374978451,62.5618195779446,48.5716757256506
"MTFH19132",8.89821729326725,53.2720565331591,24.4568500066244
"MTFH20163",4.69821729326728,84.0951922281294,33.5631949525421
"MTFH20164",5.59821729326724,58.272056533159,22.5368500066244
"MTFH20166",3.99821729326717,58.2720565331588,19.2368500066243
"MTFH20170",7.69821729326752,58.2720565331599,23.0668500066244
"MTFH21169",9.79821729326746,54.5720565331592,32.4068500066242
"MTFH21175",12.0982172932674,58.2720565331595,27.7368500066244
"MTFH21178",15.3982172932673,58.2720565331591,30.4668500066243
"MTFH21180",15.4982172932674,58.272056533159,43.2868500066244
"MTFH2254",8.09821729326731,58.272056533159,40.8368500066244
"MTFH2255",15.6982172932674,58.2720565331595,32.4468500066242
"MTFH2290",8.61263749784489,61.891819577944,33.4216757256512
"MTFH2292",8.86263749784493,51.8918195779443,20.5016757256512
"MTFH23301",11.3526374978449,60.221819577944,29.6516757256511
"MTFH23302",10.8526374978448,61.8918195779436,41.4816757256511
"MTFH23303",9.61263749784473,65.2218195779436,40.2016757256511
"MTFH23304",11.512637497845,67.5618195779435,28.4516757256512
"MTFH23305",12.3626374978449,61.811819577944,33.4416757256511
"MTFH23306",13.4026374978449,63.5618195779438,37.9516757256512
"MTFH23307",14.9126374978451,68.8018195779438,47.0616757256507
"MTFH23308",11.702637497845,60.5518195779437,25.9616757256512
"MTFH23309",12.3526374978449,62.5618195779437,42.9516757256509
"MTFH23310",13.212637497845,71.8918195779436,53.5716757256508
"MTFHS23315",10.0901908003977,59.3775123221538,42.0952453406377
"MTFHS23316",12.320190800398,59.3775123221542,46.5652453406377
"MTS18149",9.898217293267,58.2720565331595,25.8468500066244
"MTS1903",15.4982172932672,58.2720565331596,33.7668500066241
"MTS2068",9.9526374978448,66.3018195779441,36.2116757256508
"MTS2110",NA,44.9183279231007,27.6695398984604
"MTS21103",9.07019080039791,57.7075123221537,40.0952453406378
"MTS21108",NA,44.918327923101,24.6695398984604
"MTS22100",9.89019080039792,59.3775123221538,68.7952453406375
"MTS22104",10.0901908003978,59.3775123221534,31.4152453406378
"MTS22118",7.86019080039782,57.7075123221545,24.9452453406379
"MTS2272",8.16019080039788,57.7075123221535,25.0152453406376
"MTS2286",11.7701908003978,57.7075123221541,34.2852453406376
"MTS2298",9.11019080039787,51.0475123221536,20.6952453406377
"MTV2164",16.5901908003979,59.3775123221532,53.4852453406376
"MTV2167",NA,24.9183279231007,22.6695398984605
"MTV2168",NA,24.9183279231006,22.6695398984607
"N22MD1144",NA,64.9183279231018,31.6695398984608
"N22MD1159",NA,24.9183279231002,22.6695398984607
"N22MD3020",NA,89.918327923101,36.6695398984606
"N22MD4018",NA,NA,21.6695398984609
"N22MD4106",NA,35.5806279231009,23.1695398984606
"N22MD6066",NA,24.9183279231009,22.6695398984605
"N22MD6075",NA,44.9183279231003,27.6695398984604
"N22MD6101",NA,24.9183279231,22.6695398984607
"N22MD9044",NA,25.5806279231014,22.6695398984603
"NDSU-1",-2.38546661252086,43.9803530731366,5.25427552907524
"NDSU-10",-3.38546661252087,30.9803530731368,6.25427552907483
"NDSU-11",3.91453338747931,43.9803530731364,8.25427552907483
"NDSU-12",-1.78546661252099,33.980353073137,7.2542755290755
"NDSU-13",-5.38546661252083,-1.01964692686374,0.254275529076082
"NDSU-14",-6.28546661252113,40.980353073137,3.25427552907554
"NDSU-15",0.314533387479088,50.9803530731369,7.25427552907539
"NDSU-2",-0.785466612520935,10.9803530731365,4.2542755290754
"NDSU-3",NA,23.980353073137,16.2542755290751
"NDSU-4",-2.28546661252088,23.9803530731367,2.25427552907487
"NDSU-5",-6.08546661252112,13.9803530731369,3.25427552907496
"NDSU-6",-1.08546661252103,26.9803530731362,5.25427552907523
"NDSU-7",1.71453338747874,43.9803530731363,3.25427552907495
"NDSU-8",1.21453338747909,53.980353073137,14.2542755290751
"NDSU-9",-2.98546661252085,33.9803530731372,2.25427552907527
"NE02558",9.54375145728555,NA,NA
"NE03490",15.3169114718211,NA,NA
"NE04424",12.8169114718209,NA,NA
"NE04449",6.41691147182101,NA,NA
"NE04490",9.10615142706504,NA,NA
"NE05403",9.81691147182096,NA,NA
"NE05418",0.857791352088782,NA,NA
"NE05425",6.31691147182092,NA,NA
"NE05430",14.0169114718211,NA,NA
"NE05459",11.4077913520888,NA,NA
"NE05548",9.64241591677397,48.3001616909553,28.0977152467244
"NE05549",2.51691147182102,NA,NA
"NE05569",10.3169114718211,NA,NA
"NE05699",8.51691147182099,NA,NA
"NE06430",9.70964465439879,62.0884606868864,42.5522660743741
"NE06469",12.2327913520887,NA,NA
"NE06471",15.8327913520888,NA,NA
"NE06497",17.3169114718209,NA,NA
"NE06545",11.9141810989476,64.3604843887889,41.3711405281128
"NE06607",10.3680216650066,54.3434070835174,26.2492911663716
"NE07486",7.91075391598483,48.4600659998656,25.6078216313742
"NE07531",9.17868040648317,73.0779394686232,48.1810485817247
"NE07688",18.0687514572856,NA,NA
"NE08452",12.2187514572856,NA,NA
"NE08499",9.08454024719293,53.6750916179736,33.4437850923723
"NE08527",3.29375145728568,NA,NA
"NE08659",9.46763939929791,28.165004645841,NA
"NE09429",14.0878505503719,NA,NA
"NE09481",NA,82.0884606868872,44.9133771843743
"NE09517",10.6005378515116,65.4217940168859,53.941154964374
"NE09521",6.85753561949538,64.8677402150112,38.7227152467244
"NE09637",9.56430881813706,NA,NA
"NE09638",13.0628505503718,NA,NA
"NE10418",7.4301393992979,45.4983379758417,NA
"NE10449",10.939308818137,NA,NA
"NE10478",10.1350144321977,66.2722403142662,37.4096965407979
"NE10507",10.9005378515117,88.7551273568869,51.7559697743739
"NE10514",11.0643088181372,NA,NA
"NE10541",11.6378505503719,NA,NA
"NE10589",19.4575356194953,68.2010735450113,43.4310485817245
"NE10619",8.9128505503718,NA,NA
"NE10628",10.6643088181369,NA,NA
"NE10683",14.9005378515118,68.7551273568868,34.7744882943742
"NE12408",18.2959699804589,70.1267326663647,23.941154964374
"NE12409W",NA,42.0884606868867,23.941154964374
"NE12429",11.2709699804588,60.9600659998648,50.607821634374
"NE12430",13.0005378515117,58.7551273568871,37.2744882943741
"NE12438",7.25017478043756,55.4250916179737,28.2470805587062
"NE12439",NA,45.4217940198871,25.6078216313739
"NE12443",11.2005378515116,45.4217940198866,25.6078216313743
"NE12444",10.9668414471041,55.3834249513072,26.8383649750394
"NE12461",NA,42.0884606868872,23.9411549643737
"NE12464",NA,52.0884606868868,47.274488294374
"NE12483V",9.09739700277065,60.2167582846413,34.5813877230392
"NE12488",10.7005378515118,48.755127353886,26.4411549643741
"NE12503",18.8959699804587,80.6650046458418,NA
"NE12510W",12.2005378515115,42.0884606868861,23.9411549643741
"NE12518",9.12239700277075,56.3695360623074,29.6793420023725
"NE12524",9.70053785151163,68.7551273568866,40.6078216343738
"NE12539",12.6709699804588,93.1650046458421,NA
"NE12561",NA,42.0884606868866,23.941154964374
"NE12571",NA,58.7551273568876,38.524488294374
"NE12580",NA,45.4217940198863,27.2744882973741
"NE12589",6.20753561949523,58.2010735465119,34.2643819132243
"NE12630",NA,45.4217940198869,25.6078216313743
"NE12637",11.048652156753,57.7246532074412,31.632105979039
"NE12662",10.0005378515117,92.0884606868872,35.1494882943741
"NE12668",23.545969980459,103.165004645842,NA
"NE12686",9.90053785151154,105.421794016887,40.774488294374
"NE12689",15.5959699804589,103.165004645842,NA
"NE13402",NA,58.7551273568865,37.2744882943737
"NE13405",NA,88.755127356887,42.6911549643739
"NE13420",NA,72.0884606868868,39.4967105243741
"NE13425",NA,58.7551273568867,30.1911549643743
"NE13434",NA,55.4217940168866,27.691154964374
"NE13438",NA,78.7551273568868,46.8578216343742
"NE13445",NA,72.088460686887,53.2467105243738
"NE13471",NA,108.755127356886,45.3578216343737
"NE13482",NA,92.0884606868864,54.3578216343741
"NE13483V",NA,75.4217940168867,37.4828216343741
"NE13511",0.914533387479082,53.2010735450116,28.5977152467244
"NE13515",8.82332999830638,38.7018526563367,14.8853577815223
"NE13625",-0.685466612520784,63.980353073137,37.2542755290751
"NE14434",8.3401464505488,39.7905296098952,17.1954484309932
"NE14494",7.16139240990883,50.0926496905258,22.100253982109
"NE14696",9.44014645054878,59.7905296098945,29.6954484309934
"NE15624",10.2901464505488,49.7905296098957,36.6954484309933
"NE16424",6.4326383692686,62.3581299427121,30.200059533225
"NE16468",8.44074654710948,43.6984401082121,27.602997160083
"NE16562",9.85696290279172,83.8792065634536,35.5055390804644
"NE17433",8.92332999830624,45.7018526563375,14.8853577815219
"NE17441",8.91431013298089,40.4686050055203,28.7933307835364
"NE17544",9.34074654710962,48.98839257106,19.1963304934162
"NE17576",9.85696290279186,57.8792065634535,26.5055390804643
"NE17589",7.22332999830635,45.7018526563381,49.885357781522
"NE17629",8.02332999830638,55.7018526563372,16.8853577815224
"NE18435",8.97019080039786,49.3775123221538,23.9852453406377
"NE18445",11.3401908003979,36.0475123221542,34.0352453406375
"NE18455",11.4026374978449,63.5618195779434,44.001675725651
"NE18517",8.92332999830613,51.7018526563365,42.8853577815218
"NE18640",12.6233299983063,55.7018526563368,38.8853577815222
"NE19406",8.96848917964505,48.4912072476549,30.0340103579181
"NE19412",5.93263836926872,57.2230636703514,46.7633928665584
"NE19430",14.4826383692686,63.8867721220348,36.6883928665587
"NE19454",7.2326383692686,58.8869582021028,25.9717261998921
"NE19455",7.78263836926861,62.2764787088231,34.2625120932084
"NE19542",10.1826383692685,58.8823347995597,26.4733928665588
"NE19590",8.53263836926855,49.3298457140555,31.5667261998918
"NE19611",10.6826383692685,57.5943082838319,34.5700595332252
"NE19619",15.6526374978451,60.2218195779432,30.8216757256506
"NE20428",NA,41.7262875281174,30.6567606044442
"NE20432",NA,56.7262875281184,31.906760604444
"NE20434",NA,56.7262875281181,35.6567606044439
"NE20448",NA,51.7262875281184,30.6567606044441
"NE20450",NA,46.7262875281165,40.6567606044444
"NE20453",NA,31.7262875281183,25.6567606044441
"NE20455",NA,41.7262875281182,27.3234272694443
"NE20462",NA,51.7262875281187,38.9900939394442
"NE20469",NA,56.726287528118,35.656760604444
"NE20474",10.0826383692686,43.5532585726479,28.2567261998921
"NE20501",NA,51.7262875281172,30.6567606044442
"NE20517",NA,36.7262875281173,45.6567606044441
"NE20522",NA,46.7262875281171,30.6567606044439
"NE20531",NA,36.7262875281179,30.6567606044439
"NE20543",NA,46.7262875281169,30.6567606044439
"NE20553",NA,36.726287528116,30.6567606044439
"NE20557",NA,26.7262875281162,20.656760604444
"NE20558",NA,41.7262875281176,35.6567606044442
"NE20568",NA,31.7262875281171,25.656760604444
"NE20603",NA,46.7262875281181,45.6567606044443
"NE20608",NA,26.726287528117,20.6567606044439
"NE20620",NA,26.7262875281175,20.6567606044444
"NE20626",NA,36.726287528117,30.6567606044438
"NE20628",NA,26.7262875281169,20.6567606044439
"NE20635",NA,26.7262875281192,20.6567606044442
"NE21410",NA,69.9183279231008,32.6695398984602
"NE21420",NA,79.9183279231018,34.6695398984608
"NE21431",NA,64.9183279231003,31.6695398984607
"NE21448",9.71141414912105,54.8046659500495,30.6584605331449
"NE21460",NA,24.9183279231008,23.6695398984604
"NE21464",6.90996070317088,39.2147815936752,37.7975782503922
"NE21466",NA,42.9183279231013,32.6695398984607
"NE21469",NA,24.9183279231011,22.6695398984606
"NE21489",14.9901908003978,45.4829201226277,35.9823926195493
"NE21503",8.42318742614637,48.782735336225,17.8859311634931
"NE21504",NA,69.9183279231011,43.6695398984608
"NE21511",NA,24.9183279231009,24.6695398984602
"NE21524",10.252637497845,61.8918195779434,29.1016757256508
"NE21545",NA,24.9183279231011,24.6695398984601
"NE21559",NA,24.9183279231007,25.6695398984605
"NE21579",8.5864141491215,36.5058866077331,19.12548698825
"NE21582",8.91019080039774,51.047512322154,20.2152453406375
"NE21646",9.49641414912149,53.1346659500497,28.6534605331444
"NE21656",13.5901908003979,53.8129201226273,31.0073926195493
"NE21658",NA,114.918327923101,31.6695398984602
"NE21668",NA,24.918327923101,24.6695398984604
"NE22172",NA,34.0715412243451,13.5807505465072
"NE22174",NA,42.4015412243447,19.9507505465071
"NE22183",NA,69.0715412243444,33.9507505465074
"NE22200",NA,40.7315412243447,19.9807505465069
"NE22209",NA,37.4015412243444,22.9507505465069
"NE22212",NA,52.4015412243449,41.3807505465074
"NE22215",2.25996070317089,11.363008428965,-16.6384025736426
"NE22238",NA,39.0715412243449,22.5007505465069
"NE22249",NA,14.0715412243447,12.8107505465071
"NE22252",NA,47.4015412243448,24.790750546507
"NE22262",NA,50.7315412243449,26.2307505465069
"NE22271",NA,40.731541224345,21.050750546507
"NE22287",NA,50.7315412243443,23.4307505465068
"NE22320",7.80996070317106,36.3630084289647,8.36159742635728
"NEB-145-12",9.1114141491216,41.4646659500498,18.9084605331448
"NEB-147-53",10.6701908003978,57.7075123221535,43.6652453406372
"NEB-148-42",9.41141414912147,53.1346659500499,24.7334605331447
"NEB-150-6",10.652637497845,65.2218195779435,29.621675725651
"NEB-151-3",14.512637497845,53.8018195779436,27.2916757256511
"NEB.144.22",NA,24.9183279231005,22.6695398984603
"NEB.147.53",4.90996070317101,31.3630084289635,38.3615974263574
"NEB.148.42",NA,24.9183279231005,22.6695398984603
"NEB.152.48",NA,31.918327923101,26.6695398984604
"NH10471",10.2378505503719,NA,NA
"NH11489",10.777952558104,62.9112027279743,34.3600998223726
"NH11490",10.1005378515118,62.0884606868872,33.9411549643736
"NHH09655",13.9893088181371,NA,NA
"NHH11569",NA,65.4217940168867,44.3578216343742
"NHH17447",8.12332999830643,55.7018526563371,63.8853577815221
"NHH17450",8.04014645054878,36.2905296098958,34.1954484309931
"NHH17612",9.0901464505489,33.2905296098943,21.6954484309933
"NHH19651",9.81263749784497,45.2218195779432,18.731675725651
"NHH19668",NA,50.7315412243447,23.6007505465073
"NHH20651",NA,51.7262875281184,44.4067606044441
"NHH20659",NA,46.7262875281181,30.656760604444
"NHH20660",NA,46.7262875281189,75.6567606044443
"NHH20662",NA,66.7262875281182,33.156760604444
"NHH20668",NA,41.7262875281175,35.6567606044441
"NHH20669",NA,36.7262875281181,25.6567606044441
"NHH21415",8.26263749784485,46.8918195779433,10.1416757256509
"NHH21441",10.1401908003979,34.6479201226273,18.3323926195494
"NI04420",11.2291646018003,78.755127356887,30.4411549643734
"NI04427",6.65779135208861,NA,NA
"NI05713",5.81691147182099,NA,NA
"NI08707",NA,117.088460686887,49.9411549643741
"NI09706",11.7885796842544,NA,NA
"NI09707",NA,102.088460686887,44.9411549643737
"NI09710H",11.5005378515115,105.421794016886,44.4570279843745
"NI10718W",NA,62.0884606868868,28.9411549643743
"NI10720W",14.0249932449004,54.1334249513077,27.457405452373
"NI12702W",12.1390636694374,60.2723138413084,26.5946769357061
"NI12709",12.5005378515117,65.4217940168871,36.2744882943743
"NI12713W",NA,72.0884606868867,28.9411549643742
"NI13703",5.79165991140033,68.5500916179746,26.154237355706
"NI13704",NA,92.0884606868871,44.1911549643746
"NI13705",NA,102.088460686886,36.6031920043744
"NI13706",10.8569629027917,39.9838336251697,13.2233470224195
"NI13708",NA,52.0884606868867,60.6078216343743
"NI13711",NA,52.0884606868864,108.941154964374
"NI13717",7.96406366943764,76.0362027279737,30.7627620700394
"NI13720",11.2005378515118,72.0884606868869,33.9411549643745
"NI14719",NA,117.088460686886,50.1911549643742
"NI14720",NA,98.755127356887,52.7506787743741
"NI14721",NA,107.088460686886,29.7536549643738
"NI14722",NA,92.0884606868869,37.441154964374
"NI14723",NA,62.0884606868865,28.9411549643739
"NI14727",NA,52.0884606868869,25.607821631374
"NI14728",NA,85.4217940168866,30.6078216313739
"NI14729",NA,68.7551273568863,31.1633771863741
"NI14730",NA,65.421794016887,27.5522660753742
"NI14731",NA,95.4217940168867,30.9411549643742
"NI14732",NA,95.4217940168861,33.7189327423745
"NI14733",NA,122.088460686886,44.1078216343745
"NI14734",NA,62.0884606868865,27.2744882973738
"NI14735",NA,98.7551273568865,40.7506787743742
"NI14736",NA,75.4217940168866,33.7744882973741
"NI14737",NA,85.4217940168871,39.496710524374
"NI14739",NA,82.088460686887,28.5244882973741
"NI17410",8.52060761043171,40.5433285525135,27.7218925385553
"NM03666",9.31691147182094,NA,NA
"NSF22102",NA,114.918327923101,31.6695398984608
"NSF22105",NA,114.918327923101,31.6695398984605
"NSF22110",NA,114.918327923101,31.6695398984609
"NSF22113",NA,24.9183279231009,22.6695398984603
"NSF22114",NA,24.9183279231008,23.6695398984607
"NSF22115",NA,24.9183279231013,23.6695398984609
"NSF22117",NA,24.9183279231017,22.6695398984608
"NSF22121",NA,24.9183279231013,23.6695398984607
"NSF22124",NA,114.918327923101,31.6695398984604
"NW03666",13.4114527941143,60.1267326663644,26.1633771863741
"NW07505",14.735753915985,92.6267326663645,47.4133771843744
"NW07505_W",NA,48.7551273538872,52.2744882943742
"NW07534",19.6937514572855,72.0884606868868,32.2744882973743
"NW09627",NA,58.7551273568869,41.7189327443742
"NW10401",9.71430881813706,NA,NA
"NW11511",12.4005378515116,68.7551273568876,35.7189327443742
"NW13455",9.61453338747923,73.2010735450123,31.4469215967247
"NW13458",NA,92.088460686887,34.4828216343738
"NW13491",NA,72.0884606868867,36.3485623743742
"NW13493",8.39014645054878,45.1120621912247,29.9440172754538
"NW13499",NA,65.4217940168872,48.5244882943743
"NW13502",NA,88.7551273568867,45.230837504374
"NW15443",9.75480020031826,57.2205130706985,15.1636074030581
"NX04Y2107W",NA,45.4217940198868,30.6078216313743
"OK16107157.14CRHF17",NA,34.5806279231019,24.6695398984606
"OK18205",NA,76.726287528116,36.9067606044438
"OK18217.19HR.4",NA,70.5806279231009,26.6695398984604
"OK19131.3C22",NA,33.0806279231014,23.1695398984604
"OK19225",NA,70.5806279231013,26.6695398984606
"OK19235.21HR.1",NA,42.5806279231014,38.6695398984603
"OK198417C",4.40996070317125,41.363008428964,28.3615974263571
"OK198509",NA,25.5806279231012,22.6695398984605
"OK20105",4.8099607031711,36.3630084289641,32.7975782503921
"OK20418.20HR.15",NA,NA,21.6695398984606
"OK20418.20HR.16",NA,114.918327923101,41.6695398984604
"OK20418.20HR.5",NA,34.9183279231014,23.6695398984607
"OK20418.20HR.8",NA,NA,21.6695398984604
"OK20708",3.95996070317118,41.3630084289647,38.3615974263572
"OK20738",4.95996070317128,36.363008428964,28.3615974263571
"OK2089183",NA,28.9183279231016,31.6695398984606
"OK20D87014",NA,33.5806279231015,27.6695398984605
"OK20D88025F",NA,NA,21.6695398984607
"OK21227",NA,NA,21.6695398984604
"OK21DTR1703.3",NA,106.726287528117,48.1567606044439
"OK21DTR1703.33",NA,116.726287528117,50.656760604444
"OK21DTR1703.59",NA,76.7262875281175,40.6567606044442
"OK21DTR1704.61",NA,96.7262875281176,39.2281891744439
"OK21DTR1704.90",NA,NA,21.6695398984605
"OK21DTR1705.117",NA,71.7262875281171,96.281760604444
"OK21DTR1705.91",NA,114.918327923101,31.6695398984607
"OK21DTR1707.41W",NA,36.7262875281177,25.6567606044439
"OK21DTR1708.11",NA,76.7262875281174,40.656760604444
"OK21DTR1708.52",NA,76.7262875281176,32.6567606044439
"OK21DTR1709.106",NA,116.726287528117,46.2123161644442
"OK21DTR1709.51",NA,106.726287528117,80.6567606044439
"OK21DTR1709.74",NA,96.726287528117,69.2281891744438
"OK21DTR1710.18",NA,114.918327923101,31.6695398984605
"OK21DTR1711.102",NA,86.7262875281168,45.6567606044442
"OK21DTR1711.23",NA,76.7262875281178,33.5139034594437
"OK21DTR1711.47",NA,96.7262875281172,45.6567606044437
"OK21DTR1712.111",NA,64.9183279231011,26.6695398984609
"OK21DTR1712.112",NA,24.918327923101,22.6695398984609
"OK21DTR1712.2",NA,61.7262875281166,32.6567606044439
"OK21DTR1712.34",NA,116.726287528118,55.101205044444
"OK21DTR1712.56",NA,24.9183279231016,22.6695398984608
"OK21DTR1712.66",NA,114.918327923101,31.6695398984608
"OK21DTR1712.69",NA,66.7262875281167,44.228189174444
"OK21DTR1712.76",NA,24.9183279231006,22.6695398984607
"OK21DTR1712.96",NA,96.7262875281175,58.4345383844438
"OK21DTR1713.69",NA,82.7903009931116,39.3276870357829
"OK21DTR1714.20",NA,71.7262875281166,41.2817606044436
"OK21DTR1714.31",NA,51.7262875281169,25.656760604444
"OK21DTR1714.76",NA,81.726287528117,46.3710463194437
"OK21DTR1714.90",NA,114.918327923102,31.6695398984608
"OK21DTR1715.18",NA,66.726287528116,33.6567606044441
"OK21DTR1715.4",NA,24.9183279231008,22.6695398984609
"OK21DTR1715.58",NA,56.7262875281164,27.3234272694439
"OK21DTR1721.147W",NA,91.7262875281162,39.7043796544438
"OK21DTR1721.176W",NA,24.9183279231013,25.6695398984606
"OK21DTR1721.182",NA,24.9183279231016,23.6695398984605
"OK21DTR1721.63W",NA,66.7262875281162,33.3234272694438
"OK21DTR1722.16W",NA,34.9183279231012,27.6695398984601
"OK21DTR1722.26",NA,86.7262875281167,55.6567606044442
"OK21DTR1722.62",NA,114.918327923101,31.6695398984606
"OK21DTR1723.15W",NA,61.7262875281161,29.9424748894438
"OK21DTR1724.63W",NA,66.7262875281168,34.8234272694436
"OK23D89082X",10.009960703171,61.3630084289639,48.361597426357
"OVERLAND",11.480848005879,51.4167222728985,28.1106424094467
"OVERLAND_FHB1",-0.0854666125208183,60.9803530731358,5.25427552907483
"OVERLAND_FHB4",1.91453338747921,63.9803530731363,2.25427552907503
"OVERLAND_FHB5",-3.38546661252089,66.9803530731362,7.25427552907513
"OVERLAND_FHB8",-0.0854666125207615,36.9803530731364,8.25427552907526
"OVERLEY",18.0516644661179,70.5692660611036,39.0799185690565
"PROTECTION_CL",21.2709699804587,91.4983379758415,NA
"ROBIDOUX",10.1411015487901,57.5902221387867,27.3602627583237
"RUTH",6.82332999830638,55.7018526563372,34.8853577815218
"SCOUT.66",3.85996070317081,23.8630084289643,-19.138402573643
"SCOUT66",9.20053785151177,53.7551273533866,31.8578216308742
"SD01058",12.6169114718208,NA,NA
"SD0111-9",6.78279135208844,NA,NA
"SD03164-1",4.11691147182103,NA,NA
"SD03197-1-1",12.7378505503717,NA,NA
"SD03229-9",-0.683088528179113,NA,NA
"SD05085-1",9.42363694193159,NA,NA
"SD05118",7.01691147182098,NA,NA
"SD05118-1",22.0908010038286,NA,NA
"SD05280",4.51691147182086,NA,NA
"SD05W030",12.2408010038285,NA,NA
"SD06069",15.8187514572858,NA,NA
"SD06156-1",24.3687514572858,NA,NA
"SD06158",14.246758455615,80.1650046458413,NA
"SD06W049-3",3.88279135208852,NA,NA
"SD06W160-2",13.9128505503717,NA,NA
"SD07019",3.31691147182102,NA,NA
"SD07056",12.5553314645534,NA,NA
"SD07111",5.21691147182084,NA,NA
"SD07126",19.5437514572856,NA,NA
"SD07165",13.8479702015636,93.1650046458419,NA
"SD07184",14.0486369419314,NA,NA
"SD07265",11.7169114718209,NA,NA
"SD07336",3.81691147182087,NA,NA
"SD07366",7.31691147182093,NA,NA
"SD07W053",17.3158010038286,NA,NA
"SD07W083-4",13.4393088181371,NA,NA
"SD07W083-7",13.889308818137,NA,NA
"SD08028",11.6878505503716,NA,NA
"SD08079",7.10779135208846,NA,NA
"SD08080",10.9279565011537,62.242272937625,21.7531033663715
"SD08086",11.0878505503716,NA,NA
"SD08091",10.7077913520884,NA,NA
"SD08133",13.2128505503716,NA,NA
"SD08138",14.2007714046871,NA,NA
"SD08141",23.4051393992978,NA,NA
"SD08145",14.1687514572856,NA,NA
"SD08160",5.90779135208825,NA,NA
"SD08162",20.7827913520882,NA,NA
"SD08165",8.08279135208829,NA,NA
"SD08174",13.2187514572856,NA,NA
"SD08175",9.30779135208842,NA,NA
"SD08196",13.964308818137,NA,NA
"SD08198",26.9937514572855,NA,NA
"SD08200",14.8298859822077,54.4580429715028,27.3633645972729
"SD08W009",13.7327913520883,NA,NA
"SD08W014",12.3827913520883,NA,NA
"SD08W015",10.4077913520883,NA,NA
"SD08W029",14.2327913520884,NA,NA
"SD09034",10.1393088181371,NA,NA
"SD09113",15.4349597351752,60.5205429715026,26.9257362506061
"SD09117",12.8643088181371,NA,NA
"SD09118",14.8532930685752,64.5517929715025,30.1387513906064
"SD09138",15.2875410457532,64.8672729376246,33.3664844613711
"SD09140",10.6958743790865,54.2006062709572,34.8740566813715
"SD09192",12.7149597351753,60.0557224133896,25.3125738506063
"SD09227",9.0880391311846,63.8642929715027,32.7304105539395
"SD10026-2",10.8736521567531,54.0339396042907,33.1669421263716
"SD10027-2",8.57096998045873,38.1650046458417,NA
"SD10066",6.49596998045881,40.6650046458413,NA
"SD10135",11.5374932449004,67.7809070835175,37.5481879263717
"SD10257-2",8.72970579768474,53.9892929715025,27.2390900239396
"SD10W153",16.8215066257599,62.7640557467225,41.7109472372722
"SD110038-3",14.4374932449001,66.468407083518,38.0016527963716
"SD110044-7",10.8374932449001,64.1559070835176,29.7429965413715
"SD110060-7",2.21453338747891,70.9803530731363,30.2542755290749
"SD110060-9",9.39582657840015,63.5934070835173,35.2589000463714
"SD110085-1",16.014533387479,36.9803530731366,6.25427552907517
"SD11023-8",6.914533387479,43.9803530731366,5.25427552907506
"SD12DHA01373",9.35696290279168,23.8792065634533,10.5055390804643
"SD13099-8",14.7145333874791,70.9803530731368,27.2542755290751
"SD13117-1",4.81453338747905,66.9803530731362,39.254275529075
"SD13134-3",7.11453338747907,50.9803530731362,22.2542755290752
"SD13137-1",9.11453338747914,60.9803530731365,32.2542755290751
"SD13238-3",-0.285466612520963,60.9803530731361,10.2542755290751
"SD15004-2",9.45696290279169,27.8792065634528,28.5055390804644
"SD15007-11",11.3863924099088,50.9203408271068,24.5927539821093
"SD15007-5",14.5863924099091,54.0801337621903,19.8677539821091
"SD15007-8",9.82332999830631,41.7018526563375,21.8853577815221
"SD15025-1",14.9233299983066,45.7018526563373,21.8853577815221
"SD15035-2",11.9074132137761,64.9907598433372,33.8618860489721
"SD15164-1",18.1233299983064,58.7018526563376,14.8853577815222
"SD16008-7",8.34014645054901,56.2905296098955,37.6954484309935
"SD17032",17.8233299983064,51.7018526563376,14.8853577815219
"SD17141",7.4233299983064,41.7018526563375,39.8853577815225
"SD17181",11.8233299983064,51.7018526563368,11.8853577815222
"SD17246",12.2233299983066,55.7018526563373,23.8853577815222
"SD17371",7.62332999830643,41.7018526563374,19.8853577815222
"SD17B032-1",11.4740798804427,46.2221223668507,31.7074416045274
"SD17B078-1",9.25696290279177,33.8792065634533,1.50553908046454
"SD17B210-2",11.8740798804429,57.2215305487813,26.5485527156382
"SD17B294-1",10.0569629027919,57.8792065634534,-0.494460919535484
"SD17B371-3",9.45696290279176,30.8792065634528,12.5055390804644
"SD18009-4",8.52332999830627,58.7018526563367,11.8853577815223
"SD18025-8",20.1233299983063,48.7018526563365,14.885357781522
"SD18036-1",9.22332999830626,48.7018526563369,39.8853577815225
"SD18272-3",7.92332999830639,65.7018526563373,33.8853577815222
"SD18B016-5",10.1626374978448,33.5618195779444,16.711675725651
"SD18B016.5",NA,36.7262875281178,30.6567606044442
"SD18B017.6",NA,24.9183279231014,22.6695398984604
"SD18B025-8",9.68121928479337,47.554327492873,25.5168334681416
"SD18B038-2",9.65696290279185,53.8792065634536,29.5055390804646
"SD18B055-2",8.86263749784491,30.2218195779442,13.9916757256511
"SD18B055.2",NA,46.7262875281175,25.656760604444
"SD18B061.4",NA,36.7262875281178,30.6567606044441
"SD18B062.12",NA,46.7262875281177,35.656760604444
"SD18B072-2",8.75621928479336,45.8896943096985,27.0043334681413
"SD18B083-8",8.08263836926866,52.2143751054683,27.4750595332256
"SD18B134.16",NA,114.918327923102,61.6695398984608
"SD18D035.6",NA,41.7262875281179,78.1567606044442
"SD18D037.11",NA,26.7262875281171,20.6567606044438
"SD18D042-3",7.83263836926874,62.2186263478764,33.7783928665589
"SD18D042.3",NA,46.7262875281172,30.6567606044434
"SD18D043-5",9.13263836926858,53.8778974770842,33.2633928665588
"SD18D043.5",NA,46.7262875281174,30.656760604444
"SD18D074.11",NA,26.7262875281171,20.6567606044441
"SD18D080.2",NA,36.7262875281175,25.6567606044442
"SD19B002.1",NA,61.7262875281173,30.6567606044443
"SD19B004.1",NA,49.4569676597789,26.6610203691163
"SD19B011.2",NA,41.726287528118,35.6567606044442
"SD19B016.1",NA,46.7262875281172,55.6567606044443
"SD19B019-2",7.13930474546068,47.1155493185549,26.6928204862562
"SD19B020.2",NA,41.7262875281181,30.6567606044441
"SD19B024.2",NA,36.7262875281179,30.6567606044441
"SD19B033-2",10.6470262591951,48.087098541629,33.5309266998518
"SD19B041-1",8.9569629027918,17.8792065634531,42.5055390804646
"SD19B051.3",NA,46.7262875281172,30.656760604444
"SD19B057.1",NA,51.7262875281172,35.6567606044441
"SD19B087.1",NA,46.7262875281174,33.9900939394438
"SD19B089.3",NA,31.7262875281174,24.3276870357828
"SD19B104.2",NA,46.7262875281178,47.3234272694441
"SD19B108-3",8.28930474546071,49.8846545230242,25.5039315973674
"SD19B108.3",NA,66.726287528117,33.156760604444
"SD19B136.3",NA,56.7262875281175,30.6567606044442
"SD19B153-2",10.5826383692688,54.7117842840962,27.3333928665587
"SD19B153.2",NA,36.7262875281178,30.6567606044441
"SD19B162-1",10.6826383692687,53.8778974770843,30.0017261998919
"SD19B162.1",NA,31.7262875281174,25.6567606044439
"SD19B164-3",10.0126374978448,50.2218195779444,32.6916757256509
"SD19B164.3",NA,31.7262875281183,25.6567606044439
"SD19B176.2",NA,46.7262875281175,35.6567606044438
"SD19B183.1",NA,36.7262875281173,25.6567606044439
"SD19C008.3",NA,51.7262875281174,35.6567606044441
"SD19D133.4",NA,36.7262875281182,28.1567606044435
"SD20B010-4",13.370190800398,54.3775123221537,36.6152453406376
"SD20B010.4",NA,24.9183279231014,22.6695398984606
"SD20B012.1",NA,24.9183279231015,24.6695398984608
"SD20B027.1",NA,34.9183279231014,29.6695398984606
"SD20B046-1",10.9601908003979,59.377512322154,46.7652453406376
"SD20B046.1",NA,24.9183279231012,23.6695398984606
"SD20B057.1",NA,24.918327923101,24.6695398984606
"SD20B070.5",NA,24.9183279231012,22.6695398984607
"SD20B085.1W",NA,54.9183279231011,33.6695398984606
"SD20B086-1",7.82019080039788,50.8895267732487,27.8979979435721
"SD20B086.1",NA,34.9183279231013,23.6695398984609
"SD20B088-2",9.1414141491211,52.8902910414815,31.1492238709321
"SD20B098-5",11.1601908003979,56.0475123221539,33.5652453406379
"SD20B098.5",NA,24.9183279231012,23.6695398984606
"SD20B120.2",NA,24.9183279231013,22.6695398984604
"SD20B134.4",NA,24.9183279231012,26.6695398984606
"SD20B140.6",NA,114.918327923102,31.6695398984606
"SD20C031-1",11.4626374978448,50.2218195779447,31.5016757256508
"SD20C031.1",NA,24.9183279231012,23.6695398984609
"SD20D009-9",13.1864141491211,65.666957708148,49.8558905375984
"SD20D009.9",NA,24.9183279231012,29.6695398984605
"SD20D016.3",NA,24.9183279231013,22.6695398984605
"SD20D030.1",NA,27.9183279231016,26.6695398984607
"SD20D031.4",NA,27.9183279231017,25.6695398984606
"SD20D042.5",NA,24.9183279231013,23.6695398984605
"SD20D046.6",NA,24.9183279231014,22.6695398984608
"SD20D063-2W",10.3626374978449,46.8918195779448,15.6516757256509
"SD20D063.2W",NA,24.9183279231011,24.6695398984607
"SD20D064-3",12.3026374978448,30.2218195779447,18.661675725651
"SD20D064.3",NA,39.9183279231014,31.6695398984607
"SD20D064.4",NA,24.9183279231014,24.6695398984608
"SD20D100-9",9.59141414912115,43.4436243748149,20.5292238709321
"SD20D101.1",NA,24.9183279231011,23.6695398984608
"SD20D108-6",8.41263749784483,35.2218195779447,10.871675725651
"SD20D108.6",NA,32.9183279231012,28.6695398984606
"SD21B001-6",NA,57.401541224344,27.1307505465073
"SD21B021-2",NA,74.0715412243441,35.9207505465074
"SD21B046-6",NA,54.0715412243441,27.7607505465073
"SD21B052-1",8.24019080039793,51.047512322154,20.1152453406382
"SD21B102-4",NA,42.4015412243438,31.0207505465073
"SD21B102-5",NA,57.4015412243443,44.5707505465073
"SD21C048-2",10.6101908003977,52.7075123221541,15.4852453406381
"SD21C078-3",8.39019080039779,54.3775123221533,37.0452453406382
"SD21D030-3",10.5101908003978,51.0475123221534,27.385245340638
"SD21D126-5",12.4401908003976,51.0475123221541,49.0952453406379
"SD22B025-3",NA,50.7315412243442,27.2007505465075
"SD22B052-2",9.59019080039771,65.8895267732489,45.2829979435719
"SD22C234-3",8.26019080039777,50.059526773249,16.437997943572
"SD22D160-2",NA,44.0715412243441,24.1707505465072
"SD22D177-8",NA,40.7315412243445,20.4007505465073
"SD22W240-1-2t",NA,55.7315412243443,21.9307505465074
"SETTLER",8.64375145728577,NA,NA
"SETTLER_CL",10.8077913520888,48.7551273538868,28.9411549643744
"STOUT",28.3209699804585,105.665004645841,NA
"SYS_SOUTHWIND",NA,92.0884606868865,42.5522660743743
"SY_WOLF",NA,107.088460686886,44.7030597243741
"T163",NA,88.7551273568869,33.1078216313744
"TAM.107",2.45996070317076,44.3555062260604,34.6651033943675
"TURKEY",NA,65.4217940218865,36.8161549643741
"TX15A001482.19AZ16",NA,41.7262875281181,33.1567606044439
"TX17A1247.BI6",3.55996070317094,51.3630084289647,28.3615974263572
"TX17A1247.BI8",3.25996070317092,66.3630084289647,38.3615974263571
"TX18DH102",NA,56.726287528118,30.6567606044438
"TX18DH107",NA,51.7262875281176,33.156760604444
"TX18DH129",NA,31.7262875281181,25.6567606044438
"TX18DH132",12.4701908003978,59.3775123221539,31.6952453406378
"TX18DH170",NA,30.5806279231012,26.6695398984606
"TX18DH265",NA,36.0806279231006,26.6695398984605
"TX18DH266",NA,41.7262875281183,40.656760604444
"TX18DH267",NA,30.5806279231012,25.6695398984608
"TX18DH278",NA,25.5806279231006,22.6695398984605
"TX18DH287",NA,39.2262875281182,41.9067606044446
"TX18DH303",NA,36.7262875281184,25.6567606044444
"TX18DH305",NA,56.7262875281181,40.6567606044439
"TX18DH313",NA,53.3929541947849,35.6567606044441
"TX18DH319",8.67019080039786,52.227678825372,34.5845766119964
"TX18DH330",NA,51.7262875281181,38.1567606044438
"TX18DH370",NA,36.1777343264457,27.3276870357831
"TX18DH379",NA,26.7262875281179,20.6567606044438
"TX18DH389",NA,28.0806279231016,24.6695398984606
"TX18DH399",NA,36.7262875281177,25.6567606044438
"TX18DH437",NA,36.7262875281174,25.6567606044442
"TX18DH447",NA,56.7262875281182,30.6567606044441
"TX18DH458",NA,51.7262875281179,30.6567606044435
"TX18DH463",NA,25.5806279231013,22.1695398984605
"TX18DH496",NA,70.580627923101,26.6695398984604
"TX18DH498",16.7601908003978,43.7200291261291,37.4862555165085
"TX18DH501",NA,41.7262875281181,35.6567606044441
"TX18DH507",NA,25.5806279231006,22.1695398984607
"TX18DH509",NA,31.726287528118,25.6567606044442
"TX18DH77",NA,46.4971556071149,33.9593164632472
"TX18DH85",NA,51.726287528118,35.6567606044439
"TX18DH858",15.1401908003979,56.0475123221541,43.2452453406381
"TX18DH90",NA,31.7262875281182,25.6567606044439
"TX19A001030",NA,61.7262875281178,34.4067606044443
"TX19A001150",NA,51.726287528117,34.4067606044439
"TX19A001290",NA,36.7262875281176,30.6567606044438
"TX19A001362",NA,36.7262875281175,25.656760604444
"TX19A001366",NA,31.7262875281175,65.6567606044439
"TX19A001467",NA,41.7262875281171,33.1567606044437
"TX19AS002295",NA,51.7262875281179,32.323427269444
"TX19AS002413W",NA,26.7262875281183,20.656760604444
"TX19AS1543",NA,46.7262875281176,30.6567606044438
"TX20A001005",NA,24.9183279231011,22.669539898461
"TX20A001031",NA,114.918327923101,31.6695398984604
"TX20A001041",NA,46.7262875281177,33.1567606044442
"TX20A001092",NA,70.5806279231009,26.6695398984604
"TX20A001093",NA,25.5806279231014,22.1695398984604
"TX20A001094",NA,48.0806279231012,27.1695398984606
"TX20A001100",NA,61.7262875281181,34.823427269444
"TX20A001107",NA,25.5806279231012,22.6695398984606
"TX20A001132",NA,31.7262875281183,25.6567606044442
"TX20A001135",NA,57.0806279231011,29.1695398984607
"TX20A001137",NA,82.0806279231012,29.1695398984606
"TX20A001171",NA,25.5806279231012,23.1695398984606
"TX20A001189",16.9701908003979,52.0601788253723,34.9654099444967
"TX20A001194W",14.1601908003981,37.8940701226271,30.5323926195492
"TX20A001209",NA,33.0806279231012,25.1695398984602
"TX20A001228",NA,66.7262875281182,38.6567606044441
"TX20A001299",NA,61.7262875281184,33.990093939444
"TX20A001307",NA,25.5806279231004,22.1695398984609
"TX20A001323",NA,46.7262875281187,35.6567606044439
"TX20A001377",NA,30.5806279231004,22.669539898461
"TX20M4078",NA,46.7262875281176,30.6567606044438
"TX20M4123",NA,51.7262875281173,31.9067606044439
"TX20M4131",14.1201908003979,48.720029126129,32.3695888498419
"TX20M4134",NA,46.7262875281178,30.6567606044438
"TX20M4135",16.1201908003977,56.0475123221542,34.6152453406375
"TX20M4139",NA,66.7262875281173,39.9900939394439
"TX20M4157",NA,46.7262875281177,35.656760604444
"TX20M4164",NA,36.7262875281176,30.6567606044441
"TX20M4166",NA,51.7262875281177,35.6567606044441
"TX20M4292",16.2101908003977,54.2766957927958,41.0429221831748
"TX20M4294",14.090190800398,44.2766957927963,27.9329221831748
"TX20M4383",NA,56.7262875281175,33.9900939394436
"TX20M4404",NA,61.7262875281184,31.9067606044437
"TX20M4405",NA,66.7262875281181,34.990093939444
"TX20M4440",NA,26.726287528118,20.6567606044437
"TX20M4480",NA,51.7262875281176,30.6567606044439
"TX20M4584",NA,46.726287528118,38.9900939394442
"TX20M4593",NA,61.7262875281181,30.6567606044437
"TX21A001072",7.20996070317099,56.3630084289637,48.3615974263576
"TX21A001081",NA,70.5806279231009,26.6695398984607
"TX21A001241",10.2901908003981,52.7075123221537,29.9552453406376
"TX21A001384",NA,30.5806279231006,22.6695398984608
"TX21A001421",4.70996070317096,46.363008428964,48.3615974263572
"TX21M5051",NA,37.5806279231012,35.1695398984607
"TX21M5081",NA,36.5806279231014,27.1695398984609
"TX21M5090",NA,78.580627923101,30.6695398984608
"TX21M5102",NA,30.5806279231012,25.6695398984608
"TX21M5106",NA,40.0806279231014,36.6695398984609
"TX21M5110",NA,32.0806279231017,25.6695398984609
"TX21M5111",NA,77.5806279231009,40.1695398984607
"TX21M5132",NA,38.0806279231014,28.6695398984608
"TX21M5141",8.75996070317105,56.1022149270087,42.1309115837253
"TX21M5145",16.210190800398,53.7290701226273,40.5623926195495
"TX21M5167",NA,24.9183279231015,23.6695398984608
"TX21M5173",6.85996070317104,56.363008428964,33.3615974263574
"TX21M5175",12.2201908003979,39.6479201226271,25.1423926195492
"TX21M5184",NA,89.9183279231014,36.6695398984607
"TX21M5202",NA,24.9183279231013,23.6695398984608
"TX21M5311",NA,38.9183279231012,38.6695398984608
"TX21M5327",NA,24.9183279231012,24.6695398984608
"TX21M5362",NA,24.9183279231018,23.6695398984611
"TX21M5390",NA,34.9183279231016,23.6695398984607
"TX21M5440",NA,29.9183279231013,30.6695398984608
"TX21M5443",12.6099607031712,63.4355482603424,49.1309115837254
"TX21M5445",9.94670406891328,63.4210392757955,42.2519950229534
"TX21M5477",NA,46.0806279231016,43.6695398984608
"TX21M5528",NA,25.5806279231016,26.6695398984608
"TX21M5615",NA,42.5806279231013,31.1695398984608
"TX21M5621",NA,25.5806279231017,23.6695398984606
"TX21M5629",NA,44.5806279231014,28.6695398984607
"TX21M5632",NA,39.0806279231017,26.1695398984609
"TX21M5634",NA,35.0806279231016,28.6695398984608
"TX21M5652",NA,36.0806279231017,30.1695398984609
"TX21M5741",9.24019080039771,56.0475123221537,18.6352453406379
"TXGT22266",NA,24.9183279231015,23.6695398984613
"TXGT22289",NA,104.918327923102,66.669539898461
"TXGT22296",NA,24.918327923101,22.6695398984612
"TXGT2243",NA,24.9183279231013,24.6695398984609
"TXGT2D146",NA,24.9183279231013,22.6695398984611
"TXGT2D203",NA,24.9183279231004,23.6695398984611
"TXGT2D23",NA,114.918327923101,31.669539898461
"TXGT2D237",NA,29.9183279231008,27.669539898461
"TXGT2D243",NA,24.9183279231011,26.6695398984611
"TXGT2D279",NA,24.918327923101,27.6695398984613
"TXGT2D28",NA,24.9183279231016,23.6695398984611
"TXGT2D322",NA,24.918327923101,22.6695398984608
"TXGT2D333",NA,NA,21.669539898461
"TXGT3G115",NA,54.9183279231016,25.6695398984607
"TXGT3G127",NA,24.9183279231011,23.6695398984607
"TXGT3G20",NA,NA,21.669539898461
"TXGT3G217",NA,NA,21.6695398984611
"TXGT3G234",NA,24.9183279231008,25.6695398984607
"TXGT3G252",NA,24.9183279231007,22.6695398984609
"TXGT3G38",NA,24.9183279231009,22.669539898461
"TXGT3G64",NA,24.9183279231018,22.6695398984608
"TXGT4I105",NA,25.5806279231014,22.1695398984611
"TXGT4I115",NA,25.580627923101,22.1695398984606
"TXGT4I126",NA,70.5806279231006,31.6695398984607
"TXGT4I133",NA,70.580627923101,26.6695398984607
"TXGT4I163",NA,40.5806279231007,33.669539898461
"TXGT4I256",NA,25.5806279231006,22.169539898461
"TXGT4I268",NA,56.580627923101,42.1695398984611
"TXGT4I65",NA,24.9183279231012,22.6695398984609
"TXGT4I84",NA,24.9183279231005,22.6695398984609
"U7321.B2_B.7",10.3464141491211,54.7996659500496,39.008460533145
"U7693-L-7",13.2201908003979,59.3775123221542,87.8152453406377
"U7710-E-2-2",9.31641414912109,46.4646659500502,27.5884605331447
"U8345-B-4-1",10.420190800398,39.3775123221537,7.64524534063766
"U8578-E-A1-H20-11",13.2626374978447,40.2218195779436,20.5516757256512
"U8578-P-A7-A011",9.36263749784474,36.8918195779436,17.3516757256512
"U8578-P-A9-A20-6",10.2626374978448,31.8918195779434,25.7116757256512
"VA20HRW.10",NA,36.7262875281175,120.656760604444
"VA20HRW.102",NA,46.7262875281173,30.6567606044443
"VA20HRW.16",NA,26.7262875281171,20.656760604444
"VA20HRW.23",NA,36.7262875281171,30.6567606044442
"VA20HRW.3",NA,36.7262875281178,30.6567606044442
"VA20HRW.38",NA,36.7262875281175,40.6567606044438
"VA20HRW.39",NA,26.7262875281173,20.6567606044439
"VA20HRW.4",NA,46.7262875281178,35.656760604444
"VA20HRW.40",NA,26.7262875281185,20.6567606044437
"VA20HRW.43",NA,56.726287528117,30.6567606044439
"VA20HRW.44",NA,51.726287528117,76.9067606044438
"VA20HRW.45",NA,41.7262875281173,33.1567606044444
"VA20HRW.46",NA,51.7262875281174,35.6567606044442
"VA20HRW.48",NA,36.7262875281174,30.656760604444
"VA20HRW.50",NA,51.7262875281178,50.6567606044443
"VA20HRW.53",NA,36.7262875281175,30.6567606044443
"VA20HRW.54",NA,26.7262875281177,20.6567606044442
"VA20HRW.57",NA,36.7262875281171,30.6567606044444
"VA20HRW.6",NA,26.7262875281181,20.6567606044439
"VA20HRW.67",NA,31.7262875281176,30.6567606044441
"VA20HRW.7",NA,26.7262875281174,20.6567606044442
"VA20HRW.70",NA,36.7262875281174,25.6567606044441
"VA20HRW.73",NA,41.7262875281173,30.6567606044442
"VA20HRW.80",NA,36.7262875281176,25.6567606044443
"VA20HRW.84",NA,26.7262875281172,20.6567606044443
"VA20HRW.88",NA,36.7262875281174,30.6567606044442
"VA20HRW.89",NA,46.726287528117,30.6567606044443
"VA21HRW.100",NA,26.2429279231013,21.6695398984609
"VA21HRW.102",NA,30.5806279231013,22.6695398984613
"VA21HRW.105",NA,30.5806279231007,22.669539898461
"VA21HRW.11",NA,80.0806279231012,43.1695398984611
"VA21HRW.12",NA,31.5806279231014,26.1695398984608
"VA21HRW.2",NA,33.0806279231008,26.6695398984608
"VA21HRW.20",NA,24.9183279231015,22.6695398984613
"VA21HRW.24",NA,NA,21.6695398984609
"VA21HRW.29",NA,25.5806279231006,22.169539898461
"VA21HRW.34",NA,26.2429279231005,21.669539898461
"VA21HRW.36",NA,75.5806279231002,28.169539898461
"VA21HRW.37",NA,40.5806279231003,28.6695398984607
"VA21HRW.39",NA,34.0806279231004,28.1695398984607
"VA21HRW.46",NA,71.5806279231015,34.6695398984605
"VA21HRW.50",NA,26.2429279231005,21.6695398984606
"VA21HRW.54",NA,30.5806279231003,23.6695398984603
"VA21HRW.58",NA,28.0806279231007,23.1695398984602
"VA21HRW.68",NA,25.5806279231014,22.1695398984602
"VA21HRW.84",NA,25.5806279231005,22.1695398984602
"VA21HRW.85",NA,70.580627923101,26.6695398984598
"VA21HRW.87",NA,NA,21.6695398984599
"VA21HRW.88",NA,33.0806279231011,23.6695398984598
"VA21HRW.9",NA,35.0806279231016,30.6695398984594
"VA21HRW.90",NA,35.5806279231012,23.1695398984599
"VA21HRW.94",NA,NA,21.6695398984596
"VA21HRW.99",NA,NA,31.6695398984598
"WB4458",NA,92.0884606868859,44.496710524374
"WB_REDHAWK",NA,88.7551273568861,42.6316311543738
"WESLEY",13.7256935536286,52.0884606853873,34.2189327438739
"WESLEY_3BSQTL",-0.767208647911247,NA,NA
"WESLEY_EG",NA,62.0884606868863,34.3578216343737
"WESLEY_EVER",NA,85.421794016886,36.6078216343738
"WESLEY_EVERGOL",NA,58.7551273568857,29.4967105203739
"WESLEY_EVER_GAU",NA,75.4217940168854,30.6078216313739
"WESLEY_FHB1",2.66875145728584,NA,NA
"WESLEY_FHB1_BULK",3.08279135208878,NA,NA
"WESLEY_FHB1_REPEAT",0.818751457285515,NA,NA
"WESLEY_GAU",NA,68.7551273568859,37.4411549643735
"WESLEY_GAUCHO",NA,72.088460686886,36.4411549643734
