"SUB_NURNAME","ID","TRAIT","value"
"Elite","Amplify SF","INC",83.6753133144016
"Elite","Avery","INC",83.6753133143988
"Elite","Byrd","INC",58.6753133143989
"Elite","Canvas","INC",43.6753133143995
"Elite","CO18042RA","INC",53.6753133143993
"Elite","CO19410R","INC",88.6753133143995
"Elite","CO19D087R","INC",28.6753133143996
"Elite","CO200037R","INC",68.6753133143998
"Elite","CO200082R","INC",73.675313314399
"Elite","CO20022RC","INC",53.6753133143986
"Elite","CO200247W","INC",43.6753133143992
"Elite","CO20D036R","INC",93.6753133143991
"Elite","CO20D068W","INC",78.6753133143991
"Elite","CO20D079R","INC",88.6753133143987
"Elite","CO20D097R","INC",73.6753133143987
"Elite","CO20D108R","INC",18.6753133143993
"Elite","CO20SFD019R","INC",88.675313314399
"Elite","CO20SFD020R","INC",68.6753133143989
"Elite","CO210077R","INC",58.6753133143994
"Elite","CO210198R","INC",88.6753133143991
"Elite","CO210240W","INC",83.675313314399
"Elite","CO210418R","INC",48.6753133143989
"Elite","CO210771R","INC",78.6753133143993
"Elite","CO21D1790R","INC",78.6753133143995
"Elite","CO220002W","INC",78.6753133143989
"Elite","CO220025W","INC",43.6753133143992
"Elite","CO220052R","INC",38.6753133143985
"Elite","CO220054R","INC",73.675313314399
"Elite","CO220087R","INC",73.6753133143986
"Elite","CO220133R","INC",38.6753133143986
"Elite","CO220151R","INC",78.6753133143989
"Elite","CO220156R","INC",98.6753133143988
"Elite","CO220188R","INC",73.6753133143989
"Elite","CO220211R","INC",58.6753133143992
"Elite","CO220215R","INC",83.675313314399
"Elite","CO220241R","INC",63.6753133143993
"Elite","CO220251R","INC",78.6753133143989
"Elite","CO220285R","INC",73.675313314399
"Elite","CO220296R","INC",63.6753133143988
"Elite","CO220362R","INC",58.6753133143984
"Elite","CO220406R","INC",63.675313314399
"Elite","CO220467R","INC",68.6753133143987
"Elite","CO220469R","INC",38.6753133143991
"Elite","CO220479R","INC",48.6753133143989
"Elite","CO220502R","INC",48.675313314399
"Elite","CO220506R","INC",58.6753133143989
"Elite","CO220512R","INC",93.6753133143987
"Elite","CO220570R","INC",48.6753133143985
"Elite","CO220610R","INC",78.6753133143988
"Elite","CO220622R","INC",93.675313314399
"Elite","CO220683R","INC",63.6753133143993
"Elite","CO220720R","INC",38.675313314399
"Elite","CO220786R","INC",63.6753133143987
"Elite","CO220794R","INC",78.6753133143987
"Elite","CO220796R","INC",78.6753133143986
"Elite","CO220802R","INC",88.6753133143986
"Elite","CO220865R","INC",68.6753133143988
"Elite","CO220869R","INC",63.6753133143987
"Elite","CO220881R","INC",83.6753133143988
"Elite","CO220884R","INC",73.6753133143987
"Elite","CO22D002R","INC",83.6753133143987
"Elite","CO22D027R","INC",83.6753133143989
"Elite","CO22D037R","INC",58.675313314399
"Elite","CO22D103W","INC",58.6753133143995
"Elite","CO22D157R","INC",68.6753133143991
"Elite","CO22D324R","INC",73.675313314399
"Elite","CO23D004R","INC",83.6753133143987
"Elite","CO23D013R","INC",68.675313314399
"Elite","CO23D017R","INC",48.6753133143988
"Elite","CO23D020R","INC",68.6753133143988
"Elite","CO23D025R","INC",68.6753133143989
"Elite","CO23D032R","INC",88.675313314399
"Elite","CO23D042R","INC",73.6753133143989
"Elite","CO23D047R","INC",68.6753133143989
"Elite","CO23D049R","INC",58.675313314399
"Elite","CO23D059R","INC",73.675313314399
"Elite","CO23D060W","INC",73.6753133143988
"Elite","CO23D061R","INC",93.675313314399
"Elite","CO23D070R","INC",88.6753133143989
"Elite","CO23D078R","INC",78.6753133143987
"Elite","CO23D090R","INC",78.6753133143988
"Elite","CO23D103R","INC",83.6753133143988
"Elite","CO23D118W","INC",83.6753133143987
"Elite","CO23D123R","INC",78.6753133143991
"Elite","CO23D182R","INC",58.6753133143986
"Elite","CO23D184R","INC",63.6753133143998
"Elite","CO23D190R","INC",78.6753133143991
"Elite","CO23D194R","INC",78.6753133143988
"Elite","CO23D218R","INC",68.6753133143985
"Elite","CO23D240R","INC",83.6753133143994
"Elite","CO23D242W","INC",38.6753133143985
"Elite","CO23D243R","INC",28.6753133143988
"Elite","CO23D246W","INC",58.6753133143987
"Elite","CO23D247W","INC",78.6753133143987
"Elite","Crescent AX","INC",78.6753133143993
"Elite","Langin","INC",43.6753133143986
"Elite","Sheridan","INC",48.6753133143988
"Elite","Snowmass 2.0","INC",78.6753133143988
"Elite","Telluride","INC",63.6753133143986
"Elite","Windom SF","INC",33.6753133143989
"Elite","Amplify SF","SEV",89.999999999996
"Elite","Avery","SEV",70.0000000000008
"Elite","Byrd","SEV",44.9999999999997
"Elite","Canvas","SEV",34.9999999999998
"Elite","CO18042RA","SEV",20.9999999999985
"Elite","CO19410R","SEV",69.9999999999982
"Elite","CO19D087R","SEV",34.9999999999993
"Elite","CO200037R","SEV",59.9999999999994
"Elite","CO200082R","SEV",59.9999999999997
"Elite","CO20022RC","SEV",49.999999999998
"Elite","CO200247W","SEV",54.9999999999991
"Elite","CO20D036R","SEV",74.9999999999979
"Elite","CO20D068W","SEV",74.9999999999992
"Elite","CO20D079R","SEV",69.9999999999987
"Elite","CO20D097R","SEV",64.9999999999995
"Elite","CO20D108R","SEV",30.4999999999993
"Elite","CO20SFD019R","SEV",54.9999999999986
"Elite","CO20SFD020R","SEV",30.4999999999998
"Elite","CO210077R","SEV",40.0000000000001
"Elite","CO210198R","SEV",44.9999999999998
"Elite","CO210240W","SEV",49.9999999999996
"Elite","CO210418R","SEV",29.9999999999998
"Elite","CO210771R","SEV",54.9999999999991
"Elite","CO21D1790R","SEV",79.9999999999975
"Elite","CO220002W","SEV",49.9999999999992
"Elite","CO220025W","SEV",59.999999999997
"Elite","CO220052R","SEV",25.4999999999981
"Elite","CO220054R","SEV",59.999999999998
"Elite","CO220087R","SEV",54.9999999999979
"Elite","CO220133R","SEV",44.9999999999992
"Elite","CO220151R","SEV",74.9999999999992
"Elite","CO220156R","SEV",79.9999999999977
"Elite","CO220188R","SEV",44.9999999999975
"Elite","CO220211R","SEV",25.499999999997
"Elite","CO220215R","SEV",55.0000000000006
"Elite","CO220241R","SEV",54.9999999999996
"Elite","CO220251R","SEV",54.9999999999971
"Elite","CO220285R","SEV",49.9999999999977
"Elite","CO220296R","SEV",34.9999999999988
"Elite","CO220362R","SEV",39.9999999999995
"Elite","CO220406R","SEV",49.9999999999988
"Elite","CO220467R","SEV",69.9999999999985
"Elite","CO220469R","SEV",69.9999999999994
"Elite","CO220479R","SEV",59.9999999999972
"Elite","CO220502R","SEV",54.9999999999992
"Elite","CO220506R","SEV",35.4999999999981
"Elite","CO220512R","SEV",59.9999999999993
"Elite","CO220570R","SEV",44.9999999999988
"Elite","CO220610R","SEV",69.999999999999
"Elite","CO220622R","SEV",25.4999999999989
"Elite","CO220683R","SEV",31.9999999999997
"Elite","CO220720R","SEV",31.9999999999988
"Elite","CO220786R","SEV",59.9999999999981
"Elite","CO220794R","SEV",69.9999999999981
"Elite","CO220796R","SEV",69.9999999999989
"Elite","CO220802R","SEV",49.9999999999977
"Elite","CO220865R","SEV",59.9999999999985
"Elite","CO220869R","SEV",49.9999999999979
"Elite","CO220881R","SEV",70.0000000000002
"Elite","CO220884R","SEV",80.0000000000002
"Elite","CO22D002R","SEV",69.9999999999978
"Elite","CO22D027R","SEV",64.9999999999997
"Elite","CO22D037R","SEV",30.4999999999993
"Elite","CO22D103W","SEV",44.9999999999974
"Elite","CO22D157R","SEV",49.9999999999973
"Elite","CO22D324R","SEV",39.9999999999975
"Elite","CO23D004R","SEV",79.9999999999987
"Elite","CO23D013R","SEV",44.9999999999984
"Elite","CO23D017R","SEV",59.9999999999977
"Elite","CO23D020R","SEV",64.9999999999976
"Elite","CO23D025R","SEV",69.9999999999978
"Elite","CO23D032R","SEV",54.9999999999976
"Elite","CO23D042R","SEV",74.9999999999985
"Elite","CO23D047R","SEV",49.9999999999986
"Elite","CO23D049R","SEV",54.9999999999973
"Elite","CO23D059R","SEV",49.9999999999978
"Elite","CO23D060W","SEV",64.9999999999991
"Elite","CO23D061R","SEV",69.999999999998
"Elite","CO23D070R","SEV",29.9999999999978
"Elite","CO23D078R","SEV",64.9999999999981
"Elite","CO23D090R","SEV",64.9999999999982
"Elite","CO23D103R","SEV",59.9999999999986
"Elite","CO23D118W","SEV",79.9999999999976
"Elite","CO23D123R","SEV",39.9999999999977
"Elite","CO23D182R","SEV",34.9999999999985
"Elite","CO23D184R","SEV",64.9999999999985
"Elite","CO23D190R","SEV",84.9999999999976
"Elite","CO23D194R","SEV",89.9999999999984
"Elite","CO23D218R","SEV",64.9999999999971
"Elite","CO23D240R","SEV",54.9999999999971
"Elite","CO23D242W","SEV",34.9999999999976
"Elite","CO23D243R","SEV",26.999999999997
"Elite","CO23D246W","SEV",49.9999999999974
"Elite","CO23D247W","SEV",59.9999999999975
"Elite","Crescent AX","SEV",44.9999999999974
"Elite","Langin","SEV",25.4999999999971
"Elite","Sheridan","SEV",34.9999999999976
"Elite","Snowmass 2.0","SEV",59.9999999999979
"Elite","Telluride","SEV",84.9999999999977
"Elite","Windom SF","SEV",64.9999999999977
"Elite","Amplify SF","DON",28.7000000000076
"Elite","Avery","DON",18.8
"Elite","Byrd","DON",10
"Elite","Canvas","DON",8.04999999999992
"Elite","CO18042RA","DON",6.20000000000011
"Elite","CO19410R","DON",20.3000000000004
"Elite","CO19D087R","DON",7.19999999999975
"Elite","CO200037R","DON",15.35
"Elite","CO200082R","DON",14.4499999999995
"Elite","CO20022RC","DON",14.5499999999997
"Elite","CO200247W","DON",18.9000000000001
"Elite","CO20D036R","DON",7.84999999999994
"Elite","CO20D068W","DON",22.3999999999997
"Elite","CO20D079R","DON",15.0999999999998
"Elite","CO20D097R","DON",16.1499999999998
"Elite","CO20D108R","DON",12.0499999999997
"Elite","CO20SFD019R","DON",17.0499999999999
"Elite","CO20SFD020R","DON",10.4500000000003
"Elite","CO210077R","DON",9.84999999999963
"Elite","CO210198R","DON",10.7999999999998
"Elite","CO210240W","DON",22.5500000000002
"Elite","CO210418R","DON",8.99999999999983
"Elite","CO210771R","DON",9.15000000000017
"Elite","CO21D1790R","DON",20.45
"Elite","CO220002W","DON",7.95000000000008
"Elite","CO220025W","DON",22.9000000000001
"Elite","CO220052R","DON",9.5500000000001
"Elite","CO220054R","DON",12.65
"Elite","CO220087R","DON",10.4500000000005
"Elite","CO220133R","DON",13.8499999999998
"Elite","CO220151R","DON",19.3999999999994
"Elite","CO220156R","DON",20.0000000000001
"Elite","CO220188R","DON",16.1999999999999
"Elite","CO220211R","DON",8.25000000000037
"Elite","CO220215R","DON",13.0999999999999
"Elite","CO220241R","DON",15.2999999999997
"Elite","CO220251R","DON",17.3500000000001
"Elite","CO220285R","DON",9.50000000000002
"Elite","CO220296R","DON",8.55000000000033
"Elite","CO220362R","DON",8.89999999999971
"Elite","CO220406R","DON",15.6499999999993
"Elite","CO220467R","DON",15.2999999999992
"Elite","CO220469R","DON",17.6999999999995
"Elite","CO220479R","DON",13.1499999999997
"Elite","CO220502R","DON",19.0000000000004
"Elite","CO220506R","DON",9.10000000000008
"Elite","CO220512R","DON",16.6999999999993
"Elite","CO220570R","DON",11.649999999999
"Elite","CO220610R","DON",16.849999999999
"Elite","CO220622R","DON",11.2999999999998
"Elite","CO220683R","DON",11.5499999999991
"Elite","CO220720R","DON",21.0499999999989
"Elite","CO220786R","DON",17.399999999999
"Elite","CO220794R","DON",19.4999999999992
"Elite","CO220796R","DON",18.6499999999994
"Elite","CO220802R","DON",16.499999999999
"Elite","CO220865R","DON",13.3999999999995
"Elite","CO220869R","DON",12.0999999999997
"Elite","CO220881R","DON",24.5499999999993
"Elite","CO220884R","DON",14.2499999999994
"Elite","CO22D002R","DON",16.8999999999991
"Elite","CO22D027R","DON",21.3499999999993
"Elite","CO22D037R","DON",12.6499999999991
"Elite","CO22D103W","DON",14.6999999999995
"Elite","CO22D157R","DON",15.800000000001
"Elite","CO22D324R","DON",12.1000000000011
"Elite","CO23D004R","DON",20.400000000001
"Elite","CO23D013R","DON",20.1000000000011
"Elite","CO23D017R","DON",14.9000000000004
"Elite","CO23D020R","DON",14.1000000000003
"Elite","CO23D025R","DON",17.150000000001
"Elite","CO23D032R","DON",15.9500000000009
"Elite","CO23D042R","DON",28.7500000000011
"Elite","CO23D047R","DON",15.2000000000004
"Elite","CO23D049R","DON",18.5500000000008
"Elite","CO23D059R","DON",11.4500000000005
"Elite","CO23D060W","DON",18.7000000000008
"Elite","CO23D061R","DON",13.9500000000013
"Elite","CO23D070R","DON",22.3500000000005
"Elite","CO23D078R","DON",15.9000000000008
"Elite","CO23D090R","DON",23.1000000000007
"Elite","CO23D103R","DON",15.2500000000013
"Elite","CO23D118W","DON",16.0000000000008
"Elite","CO23D123R","DON",9.45000000000031
"Elite","CO23D182R","DON",11.4000000000002
"Elite","CO23D184R","DON",16.8500000000003
"Elite","CO23D190R","DON",25.4999999999998
"Elite","CO23D194R","DON",34.1499999999997
"Elite","CO23D218R","DON",20.4500000000001
"Elite","CO23D240R","DON",17.9499999999997
"Elite","CO23D242W","DON",11.1999999999998
"Elite","CO23D243R","DON",7.84999999999971
"Elite","CO23D246W","DON",9.44999999999972
"Elite","CO23D247W","DON",17.5999999999996
"Elite","Crescent AX","DON",7.64999999999975
"Elite","Langin","DON",6.15000000000006
"Elite","Sheridan","DON",11.8000000000001
"Elite","Snowmass 2.0","DON",13.9000000000001
"Elite","Telluride","DON",21.6000000000001
"Elite","Windom SF","DON",15.0000000000002
"Elite","Amplify SF","FDK",65.2644018495474
"Elite","Avery","FDK",50.264401849543
"Elite","Byrd","FDK",25.2644018495429
"Elite","Canvas","FDK",27.7644018495428
"Elite","CO18042RA","FDK",10.264401849543
"Elite","CO19410R","FDK",40.2644018495429
"Elite","CO19D087R","FDK",17.7644018495429
"Elite","CO200037R","FDK",37.7644018495428
"Elite","CO200082R","FDK",17.764401849543
"Elite","CO20022RC","FDK",20.264401849543
"Elite","CO200247W","FDK",32.764401849543
"Elite","CO20D036R","FDK",12.7644018495429
"Elite","CO20D068W","FDK",37.764401849543
"Elite","CO20D079R","FDK",42.764401849543
"Elite","CO20D097R","FDK",32.7644018495429
"Elite","CO20D108R","FDK",20.264401849543
"Elite","CO20SFD019R","FDK",47.7644018495431
"Elite","CO20SFD020R","FDK",12.764401849543
"Elite","CO210077R","FDK",30.264401849543
"Elite","CO210198R","FDK",25.2644018495429
"Elite","CO210240W","FDK",40.264401849543
"Elite","CO210418R","FDK",20.264401849543
"Elite","CO210771R","FDK",15.264401849543
"Elite","CO21D1790R","FDK",30.264401849543
"Elite","CO220002W","FDK",12.7644018495429
"Elite","CO220025W","FDK",27.7644018495429
"Elite","CO220052R","FDK",17.764401849543
"Elite","CO220054R","FDK",35.264401849543
"Elite","CO220087R","FDK",17.7644018495429
"Elite","CO220133R","FDK",20.2644018495429
"Elite","CO220151R","FDK",35.264401849543
"Elite","CO220156R","FDK",40.264401849543
"Elite","CO220188R","FDK",32.764401849543
"Elite","CO220211R","FDK",17.7644018495429
"Elite","CO220215R","FDK",17.7644018495432
"Elite","CO220241R","FDK",25.264401849543
"Elite","CO220251R","FDK",30.264401849543
"Elite","CO220285R","FDK",17.764401849543
"Elite","CO220296R","FDK",10.264401849543
"Elite","CO220362R","FDK",17.764401849543
"Elite","CO220406R","FDK",30.264401849543
"Elite","CO220467R","FDK",22.764401849543
"Elite","CO220469R","FDK",25.2644018495429
"Elite","CO220479R","FDK",30.264401849543
"Elite","CO220502R","FDK",37.7644018495431
"Elite","CO220506R","FDK",12.7644018495428
"Elite","CO220512R","FDK",47.764401849543
"Elite","CO220570R","FDK",17.764401849543
"Elite","CO220610R","FDK",32.764401849543
"Elite","CO220622R","FDK",30.264401849543
"Elite","CO220683R","FDK",17.7644018495429
"Elite","CO220720R","FDK",37.764401849543
"Elite","CO220786R","FDK",35.264401849543
"Elite","CO220794R","FDK",32.7644018495432
"Elite","CO220796R","FDK",42.7644018495431
"Elite","CO220802R","FDK",37.7644018495431
"Elite","CO220865R","FDK",27.7644018495429
"Elite","CO220869R","FDK",37.764401849543
"Elite","CO220881R","FDK",65.264401849543
"Elite","CO220884R","FDK",30.264401849543
"Elite","CO22D002R","FDK",47.7644018495431
"Elite","CO22D027R","FDK",35.2644018495429
"Elite","CO22D037R","FDK",15.264401849543
"Elite","CO22D103W","FDK",32.764401849543
"Elite","CO22D157R","FDK",40.2644018495431
"Elite","CO22D324R","FDK",17.764401849543
"Elite","CO23D004R","FDK",32.764401849543
"Elite","CO23D013R","FDK",27.764401849543
"Elite","CO23D017R","FDK",25.2644018495431
"Elite","CO23D020R","FDK",37.764401849543
"Elite","CO23D025R","FDK",40.264401849543
"Elite","CO23D032R","FDK",27.764401849543
"Elite","CO23D042R","FDK",50.2644018495431
"Elite","CO23D047R","FDK",32.7644018495431
"Elite","CO23D049R","FDK",32.764401849543
"Elite","CO23D059R","FDK",12.764401849543
"Elite","CO23D060W","FDK",22.764401849543
"Elite","CO23D061R","FDK",25.264401849543
"Elite","CO23D070R","FDK",40.2644018495429
"Elite","CO23D078R","FDK",32.7644018495429
"Elite","CO23D090R","FDK",47.7644018495431
"Elite","CO23D103R","FDK",27.7644018495429
"Elite","CO23D118W","FDK",27.764401849543
"Elite","CO23D123R","FDK",12.7644018495429
"Elite","CO23D182R","FDK",17.7644018495429
"Elite","CO23D184R","FDK",25.2644018495429
"Elite","CO23D190R","FDK",47.764401849543
"Elite","CO23D194R","FDK",60.264401849543
"Elite","CO23D218R","FDK",42.7644018495432
"Elite","CO23D240R","FDK",25.2644018495429
"Elite","CO23D242W","FDK",17.764401849543
"Elite","CO23D243R","FDK",10.2644018495431
"Elite","CO23D246W","FDK",17.764401849543
"Elite","CO23D247W","FDK",20.2644018495431
"Elite","Crescent AX","FDK",25.2644018495431
"Elite","Langin","FDK",12.764401849543
"Elite","Sheridan","FDK",32.764401849543
"Elite","Snowmass 2.0","FDK",27.764401849543
"Elite","Telluride","FDK",42.764401849543
"Elite","Windom SF","FDK",27.764401849543
"WSS AYN","Byrd CL Plus","INC",48.4238903922216
"WSS AYN","CO21SF0073W","INC",23.4238903922246
"WSS AYN","CO21SF191RA","INC",13.4238903922258
"WSS AYN","CO21SF197R","INC",58.4238903922257
"WSS AYN","CO21SF226R","INC",63.4238903922251
"WSS AYN","CO21SF240R","INC",8.42389039222433
"WSS AYN","CO21SF263RA","INC",8.42389039222412
"WSS AYN","CO21SF496R","INC",68.4238903922255
"WSS AYN","CO21SFD0950R","INC",83.4238903922252
"WSS AYN","CO22SF003R","INC",88.4238903922248
"WSS AYN","CO22SF008WC","INC",18.423890392226
"WSS AYN","CO22SF019R","INC",58.4238903922251
"WSS AYN","CO22SF039M","INC",23.4238903922256
"WSS AYN","CO22SF047RA","INC",73.4238903922243
"WSS AYN","CO22SF085R","INC",48.4238903922257
"WSS AYN","CO22SFD101R","INC",58.4238903922261
"WSS AYN","CO22SFD105M","INC",43.4238903922246
"WSS AYN","CO22SFD168W","INC",13.423890392226
"WSS AYN","CO22SFD177W","INC",58.4238903922259
"WSS AYN","CO23SF008R","INC",48.4238903922254
"WSS AYN","CO23SF009WA","INC",58.4238903922254
"WSS AYN","CO23SF010WA","INC",48.4238903922258
"WSS AYN","CO23SF012R","INC",3.42389039222522
"WSS AYN","CO23SF012WA","INC",53.4238903922258
"WSS AYN","CO23SF017WA","INC",58.4238903922256
"WSS AYN","CO23SF018R","INC",33.4238903922255
"WSS AYN","CO23SF040RA","INC",78.4238903922254
"WSS AYN","CO23SF042R","INC",8.42389039222506
"WSS AYN","CO23SF049W","INC",23.4238903922253
"WSS AYN","CO23SF052R","INC",38.4238903922253
"WSS AYN","CO23SF058R","INC",48.4238903922254
"WSS AYN","CO23SF060RA","INC",38.4238903922254
"WSS AYN","CO23SF061W","INC",33.4238903922254
"WSS AYN","CO23SF080R","INC",58.4238903922252
"WSS AYN","CO23SF082R","INC",38.4238903922251
"WSS AYN","CO23SF083R","INC",58.4238903922254
"WSS AYN","CO23SF084R","INC",23.4238903922253
"WSS AYN","CO23SF085R","INC",38.4238903922251
"WSS AYN","CO23SF092R","INC",78.4238903922256
"WSS AYN","CO23SF105R","INC",33.4238903922256
"WSS AYN","CO23SF120R","INC",8.42389039222533
"WSS AYN","CO23SF125R","INC",-1.57610960777455
"WSS AYN","CO23SF149R","INC",38.4238903922255
"WSS AYN","CO23SF150R","INC",3.42389039222488
"WSS AYN","CO23SF154R","INC",13.4238903922254
"WSS AYN","CO23SF161W","INC",48.4238903922253
"WSS AYN","CO23SF165R","INC",13.4238903922254
"WSS AYN","CO23SF215R","INC",48.4238903922251
"WSS AYN","CO23SF218R","INC",43.4238903922254
"WSS AYN","CO23SF225R","INC",8.4238903922254
"WSS AYN","CO23SF236R","INC",8.42389039222547
"WSS AYN","CO23SF237R","INC",83.4238903922256
"WSS AYN","CO23SF244R","INC",38.4238903922251
"WSS AYN","CO23SF245R","INC",28.4238903922253
"WSS AYN","CO23SF257R","INC",8.42389039222511
"WSS AYN","CO23SF260R","INC",28.4238903922254
"WSS AYN","CO23SF268R","INC",28.4238903922258
"WSS AYN","CO23SF269W","INC",8.42389039222581
"WSS AYN","CO23SF270R","INC",28.4238903922256
"WSS AYN","CO23SF271W","INC",8.42389039222547
"WSS AYN","CO23SF277R","INC",33.4238903922251
"WSS AYN","CO23SF283R","INC",28.4238903922253
"WSS AYN","CO23SFD004RA","INC",63.4238903922261
"WSS AYN","CO23SFD008R","INC",38.4238903922256
"WSS AYN","CO23SFD011RA","INC",58.423890392226
"WSS AYN","CO23SFD032WA","INC",58.4238903922254
"WSS AYN","CO23SFD034RC","INC",73.423890392225
"WSS AYN","CO23SFD035RA","INC",43.4238903922254
"WSS AYN","CO23SFD035RC","INC",73.4238903922249
"WSS AYN","CO23SFD037W","INC",58.4238903922249
"WSS AYN","CO23SFD038W","INC",38.4238903922252
"WSS AYN","CO23SFD039W","INC",63.4238903922252
"WSS AYN","CO23SFD039WA","INC",38.4238903922256
"WSS AYN","CO23SFD041W","INC",83.4238903922251
"WSS AYN","CO23SFD042R","INC",73.4238903922255
"WSS AYN","CO23SFD045W","INC",58.4238903922253
"WSS AYN","CO23SFD047W","INC",53.4238903922256
"WSS AYN","CO23SFD049R","INC",3.42389039222506
"WSS AYN","CO23SFD050R","INC",43.4238903922254
"WSS AYN","CO23SFD051WA","INC",33.4238903922255
"WSS AYN","CO23SFD057M","INC",73.4238903922251
"WSS AYN","CO23SFD066R","INC",78.4238903922252
"WSS AYN","CO23SFD085R","INC",38.423890392225
"WSS AYN","CO23SFD088R","INC",63.4238903922252
"WSS AYN","CO23SFD102R","INC",63.4238903922248
"WSS AYN","CO23SFD122W","INC",18.4238903922249
"WSS AYN","CO23SFD130R","INC",83.4238903922248
"WSS AYN","CO23SFD131R","INC",93.4238903922249
"WSS AYN","CO23SFD188R","INC",78.4238903922248
"WSS AYN","Fortify SF","INC",58.423890392224
"WSS AYN","Fortress","INC",78.4238903922239
"WSS AYN","Byrd CL Plus","SEV",59.9999999999897
"WSS AYN","CO21SF0073W","SEV",30.0000000000019
"WSS AYN","CO21SF191RA","SEV",32.000000000001
"WSS AYN","CO21SF197R","SEV",65.0000000000007
"WSS AYN","CO21SF226R","SEV",79.9999999999988
"WSS AYN","CO21SF240R","SEV",17.500000000001
"WSS AYN","CO21SF263RA","SEV",10.5
"WSS AYN","CO21SF496R","SEV",64.9999999999998
"WSS AYN","CO21SFD0950R","SEV",90.0000000000007
"WSS AYN","CO22SF003R","SEV",90.0000000000006
"WSS AYN","CO22SF008WC","SEV",41.9999999999995
"WSS AYN","CO22SF019R","SEV",55.0000000000003
"WSS AYN","CO22SF039M","SEV",45
"WSS AYN","CO22SF047RA","SEV",69.9999999999997
"WSS AYN","CO22SF085R","SEV",60.0000000000006
"WSS AYN","CO22SFD101R","SEV",60.0000000000006
"WSS AYN","CO22SFD105M","SEV",75.0000000000006
"WSS AYN","CO22SFD168W","SEV",27.0000000000005
"WSS AYN","CO22SFD177W","SEV",55.0000000000003
"WSS AYN","CO23SF008R","SEV",65.0000000000001
"WSS AYN","CO23SF009WA","SEV",65.0000000000001
"WSS AYN","CO23SF010WA","SEV",50.0000000000018
"WSS AYN","CO23SF012R","SEV",7
"WSS AYN","CO23SF012WA","SEV",75.0000000000006
"WSS AYN","CO23SF017WA","SEV",44.9999999999999
"WSS AYN","CO23SF018R","SEV",80.000000000001
"WSS AYN","CO23SF040RA","SEV",60.0000000000001
"WSS AYN","CO23SF042R","SEV",18.5000000000005
"WSS AYN","CO23SF049W","SEV",40.4999999999995
"WSS AYN","CO23SF052R","SEV",65.0000000000001
"WSS AYN","CO23SF058R","SEV",75.0000000000001
"WSS AYN","CO23SF060RA","SEV",75.0000000000014
"WSS AYN","CO23SF061W","SEV",35.0000000000006
"WSS AYN","CO23SF080R","SEV",50.0000000000009
"WSS AYN","CO23SF082R","SEV",25.5000000000006
"WSS AYN","CO23SF083R","SEV",50.0000000000009
"WSS AYN","CO23SF084R","SEV",29.9999999999997
"WSS AYN","CO23SF085R","SEV",35.4999999999997
"WSS AYN","CO23SF092R","SEV",70.0000000000005
"WSS AYN","CO23SF105R","SEV",55.0000000000009
"WSS AYN","CO23SF120R","SEV",10.5000000000006
"WSS AYN","CO23SF125R","SEV",1.98951966012828e-13
"WSS AYN","CO23SF149R","SEV",45.0000000000007
"WSS AYN","CO23SF150R","SEV",3.50000000000018
"WSS AYN","CO23SF154R","SEV",19.9999999999997
"WSS AYN","CO23SF161W","SEV",60.0000000000009
"WSS AYN","CO23SF165R","SEV",14.0000000000006
"WSS AYN","CO23SF215R","SEV",50.0000000000005
"WSS AYN","CO23SF218R","SEV",55.0000000000009
"WSS AYN","CO23SF225R","SEV",46.9999999999998
"WSS AYN","CO23SF236R","SEV",10.4999999999997
"WSS AYN","CO23SF237R","SEV",70.0000000000009
"WSS AYN","CO23SF244R","SEV",30.0000000000011
"WSS AYN","CO23SF245R","SEV",25.0000000000002
"WSS AYN","CO23SF257R","SEV",7.00000000000018
"WSS AYN","CO23SF260R","SEV",45.0000000000002
"WSS AYN","CO23SF268R","SEV",21
"WSS AYN","CO23SF269W","SEV",40.0000000000002
"WSS AYN","CO23SF270R","SEV",50.0000000000002
"WSS AYN","CO23SF271W","SEV",30.0000000000002
"WSS AYN","CO23SF277R","SEV",39.9999999999998
"WSS AYN","CO23SF283R","SEV",30.4999999999997
"WSS AYN","CO23SFD004RA","SEV",75.0000000000007
"WSS AYN","CO23SFD008R","SEV",45.0000000000005
"WSS AYN","CO23SFD011RA","SEV",55.0000000000005
"WSS AYN","CO23SFD032WA","SEV",80.0000000000002
"WSS AYN","CO23SFD034RC","SEV",50.0000000000006
"WSS AYN","CO23SFD035RA","SEV",43.4999999999997
"WSS AYN","CO23SFD035RC","SEV",45.0000000000002
"WSS AYN","CO23SFD037W","SEV",50.0000000000005
"WSS AYN","CO23SFD038W","SEV",45.0000000000006
"WSS AYN","CO23SFD039W","SEV",69.9999999999998
"WSS AYN","CO23SFD039WA","SEV",85.0000000000004
"WSS AYN","CO23SFD041W","SEV",50.0000000000002
"WSS AYN","CO23SFD042R","SEV",60.0000000000012
"WSS AYN","CO23SFD045W","SEV",60.0000000000002
"WSS AYN","CO23SFD047W","SEV",65.0000000000007
"WSS AYN","CO23SFD049R","SEV",10.4999999999997
"WSS AYN","CO23SFD050R","SEV",80.0000000000007
"WSS AYN","CO23SFD051WA","SEV",37.0000000000004
"WSS AYN","CO23SFD057M","SEV",84.999999999996
"WSS AYN","CO23SFD066R","SEV",59.9999999999959
"WSS AYN","CO23SFD085R","SEV",49.999999999996
"WSS AYN","CO23SFD088R","SEV",34.9999999999957
"WSS AYN","CO23SFD102R","SEV",54.9999999999964
"WSS AYN","CO23SFD122W","SEV",40.4999999999964
"WSS AYN","CO23SFD130R","SEV",79.9999999999972
"WSS AYN","CO23SFD131R","SEV",79.9999999999965
"WSS AYN","CO23SFD188R","SEV",49.9999999999959
"WSS AYN","Fortify SF","SEV",35.4999999999955
"WSS AYN","Fortress","SEV",69.999999999995
"WSS AYN","Byrd CL Plus","DON",23.4711881941261
"WSS AYN","CO21SF0073W","DON",11.9211881941277
"WSS AYN","CO21SF191RA","DON",12.2711881941275
"WSS AYN","CO21SF197R","DON",19.3211881941276
"WSS AYN","CO21SF226R","DON",29.6711881941274
"WSS AYN","CO21SF240R","DON",10.4211881941276
"WSS AYN","CO21SF263RA","DON",9.87118819412764
"WSS AYN","CO21SF496R","DON",21.2211881941276
"WSS AYN","CO21SFD0950R","DON",35.8211881941274
"WSS AYN","CO22SF003R","DON",32.8711881941274
"WSS AYN","CO22SF008WC","DON",17.1211881941276
"WSS AYN","CO22SF019R","DON",12.6211881941275
"WSS AYN","CO22SF039M","DON",12.3211881941275
"WSS AYN","CO22SF047RA","DON",21.4211881941276
"WSS AYN","CO22SF085R","DON",15.9211881941275
"WSS AYN","CO22SFD101R","DON",31.8211881941276
"WSS AYN","CO22SFD105M","DON",24.2211881941274
"WSS AYN","CO22SFD168W","DON",18.4211881941276
"WSS AYN","CO22SFD177W","DON",15.6711881941276
"WSS AYN","CO23SF008R","DON",13.3211881941276
"WSS AYN","CO23SF009WA","DON",17.0211881941275
"WSS AYN","CO23SF010WA","DON",4.82118819412759
"WSS AYN","CO23SF012R","DON",10.9711881941276
"WSS AYN","CO23SF012WA","DON",6.4211881941276
"WSS AYN","CO23SF017WA","DON",14.2211881941276
"WSS AYN","CO23SF018R","DON",15.1211881941276
"WSS AYN","CO23SF040RA","DON",11.6711881941276
"WSS AYN","CO23SF042R","DON",11.9211881941276
"WSS AYN","CO23SF049W","DON",16.2211881941275
"WSS AYN","CO23SF052R","DON",16.7711881941276
"WSS AYN","CO23SF058R","DON",18.7211881941276
"WSS AYN","CO23SF060RA","DON",28.5711881941276
"WSS AYN","CO23SF061W","DON",26.9211881941276
"WSS AYN","CO23SF080R","DON",16.9211881941276
"WSS AYN","CO23SF082R","DON",8.22118819412764
"WSS AYN","CO23SF083R","DON",11.4211881941276
"WSS AYN","CO23SF084R","DON",30.8711881941276
"WSS AYN","CO23SF085R","DON",11.9211881941277
"WSS AYN","CO23SF092R","DON",18.4711881941276
"WSS AYN","CO23SF105R","DON",10.0211881941276
"WSS AYN","CO23SF120R","DON",35.0211881941277
"WSS AYN","CO23SF125R","DON",44.7711881941277
"WSS AYN","CO23SF149R","DON",24.1711881941277
"WSS AYN","CO23SF150R","DON",27.6711881941277
"WSS AYN","CO23SF154R","DON",20.6211881941277
"WSS AYN","CO23SF161W","DON",15.3211881941277
"WSS AYN","CO23SF165R","DON",15.1211881941276
"WSS AYN","CO23SF215R","DON",10.5711881941275
"WSS AYN","CO23SF218R","DON",10.6711881941276
"WSS AYN","CO23SF225R","DON",14.1711881941277
"WSS AYN","CO23SF236R","DON",11.3211881941277
"WSS AYN","CO23SF237R","DON",14.7211881941277
"WSS AYN","CO23SF244R","DON",10.5211881941278
"WSS AYN","CO23SF245R","DON",22.2711881941278
"WSS AYN","CO23SF257R","DON",23.4211881941278
"WSS AYN","CO23SF260R","DON",16.8711881941278
"WSS AYN","CO23SF268R","DON",16.3211881941278
"WSS AYN","CO23SF269W","DON",20.7211881941279
"WSS AYN","CO23SF270R","DON",20.1711881941278
"WSS AYN","CO23SF271W","DON",22.4211881941279
"WSS AYN","CO23SF277R","DON",16.4211881941278
"WSS AYN","CO23SF283R","DON",13.8711881941278
"WSS AYN","CO23SFD004RA","DON",30.8211881941276
"WSS AYN","CO23SFD008R","DON",7.17118819412774
"WSS AYN","CO23SFD011RA","DON",23.1711881941275
"WSS AYN","CO23SFD032WA","DON",33.5211881941275
"WSS AYN","CO23SFD034RC","DON",15.2711881941276
"WSS AYN","CO23SFD035RA","DON",41.8711881941276
"WSS AYN","CO23SFD035RC","DON",19.3711881941276
"WSS AYN","CO23SFD037W","DON",16.9211881941277
"WSS AYN","CO23SFD038W","DON",21.5711881941277
"WSS AYN","CO23SFD039W","DON",12.4711881941276
"WSS AYN","CO23SFD039WA","DON",27.9711881941276
"WSS AYN","CO23SFD041W","DON",8.22118819412772
"WSS AYN","CO23SFD042R","DON",7.12118819412778
"WSS AYN","CO23SFD045W","DON",15.4211881941276
"WSS AYN","CO23SFD047W","DON",20.8211881941275
"WSS AYN","CO23SFD049R","DON",8.1211881941276
"WSS AYN","CO23SFD050R","DON",17.8211881941276
"WSS AYN","CO23SFD051WA","DON",31.6711881941275
"WSS AYN","CO23SFD057M","DON",22.5711881941277
"WSS AYN","CO23SFD066R","DON",29.7211881941277
"WSS AYN","CO23SFD085R","DON",12.9711881941278
"WSS AYN","CO23SFD088R","DON",29.4211881941276
"WSS AYN","CO23SFD102R","DON",27.7211881941276
"WSS AYN","CO23SFD122W","DON",23.1711881941277
"WSS AYN","CO23SFD130R","DON",26.3211881941277
"WSS AYN","CO23SFD131R","DON",32.9711881941276
"WSS AYN","CO23SFD188R","DON",11.6211881941276
"WSS AYN","Fortify SF","DON",9.82118819412751
"WSS AYN","Fortress","DON",20.7211881941276
"WSS AYN","Byrd CL Plus","FDK",37.7806754228537
"WSS AYN","CO21SF0073W","FDK",10.2806754228557
"WSS AYN","CO21SF191RA","FDK",17.7806754228557
"WSS AYN","CO21SF197R","FDK",32.7806754228559
"WSS AYN","CO21SF226R","FDK",37.7806754228556
"WSS AYN","CO21SF240R","FDK",12.7806754228558
"WSS AYN","CO21SF263RA","FDK",10.2806754228556
"WSS AYN","CO21SF496R","FDK",35.2806754228559
"WSS AYN","CO21SFD0950R","FDK",50.2806754228559
"WSS AYN","CO22SF003R","FDK",52.7806754228558
"WSS AYN","CO22SF008WC","FDK",20.2806754228557
"WSS AYN","CO22SF019R","FDK",20.280675422856
"WSS AYN","CO22SF039M","FDK",12.7806754228559
"WSS AYN","CO22SF047RA","FDK",42.7806754228557
"WSS AYN","CO22SF085R","FDK",27.7806754228558
"WSS AYN","CO22SFD101R","FDK",60.2806754228555
"WSS AYN","CO22SFD105M","FDK",32.7806754228559
"WSS AYN","CO22SFD168W","FDK",17.780675422856
"WSS AYN","CO22SFD177W","FDK",17.7806754228557
"WSS AYN","CO23SF008R","FDK",17.7806754228557
"WSS AYN","CO23SF009WA","FDK",30.2806754228557
"WSS AYN","CO23SF010WA","FDK",2.78067542285565
"WSS AYN","CO23SF012R","FDK",10.2806754228557
"WSS AYN","CO23SF012WA","FDK",7.78067542285587
"WSS AYN","CO23SF017WA","FDK",25.2806754228557
"WSS AYN","CO23SF018R","FDK",25.2806754228557
"WSS AYN","CO23SF040RA","FDK",17.780675422856
"WSS AYN","CO23SF042R","FDK",12.7806754228557
"WSS AYN","CO23SF049W","FDK",20.2806754228557
"WSS AYN","CO23SF052R","FDK",20.2806754228557
"WSS AYN","CO23SF058R","FDK",27.7806754228556
"WSS AYN","CO23SF060RA","FDK",45.280675422856
"WSS AYN","CO23SF061W","FDK",32.7806754228559
"WSS AYN","CO23SF080R","FDK",25.2806754228557
"WSS AYN","CO23SF082R","FDK",10.2806754228556
"WSS AYN","CO23SF083R","FDK",17.7806754228556
"WSS AYN","CO23SF084R","FDK",42.780675422856
"WSS AYN","CO23SF085R","FDK",15.280675422856
"WSS AYN","CO23SF092R","FDK",27.7806754228557
"WSS AYN","CO23SF105R","FDK",15.2806754228556
"WSS AYN","CO23SF120R","FDK",42.7806754228556
"WSS AYN","CO23SF125R","FDK",50.2806754228558
"WSS AYN","CO23SF149R","FDK",32.7806754228556
"WSS AYN","CO23SF150R","FDK",30.280675422856
"WSS AYN","CO23SF154R","FDK",30.2806754228556
"WSS AYN","CO23SF161W","FDK",15.2806754228559
"WSS AYN","CO23SF165R","FDK",20.280675422856
"WSS AYN","CO23SF215R","FDK",15.2806754228557
"WSS AYN","CO23SF218R","FDK",20.2806754228556
"WSS AYN","CO23SF225R","FDK",17.780675422856
"WSS AYN","CO23SF236R","FDK",12.7806754228558
"WSS AYN","CO23SF237R","FDK",25.2806754228557
"WSS AYN","CO23SF244R","FDK",20.2806754228557
"WSS AYN","CO23SF245R","FDK",35.2806754228559
"WSS AYN","CO23SF257R","FDK",25.2806754228558
"WSS AYN","CO23SF260R","FDK",27.7806754228557
"WSS AYN","CO23SF268R","FDK",15.2806754228558
"WSS AYN","CO23SF269W","FDK",22.7806754228559
"WSS AYN","CO23SF270R","FDK",27.7806754228559
"WSS AYN","CO23SF271W","FDK",27.7806754228559
"WSS AYN","CO23SF277R","FDK",15.2806754228559
"WSS AYN","CO23SF283R","FDK",15.2806754228557
"WSS AYN","CO23SFD004RA","FDK",50.2806754228557
"WSS AYN","CO23SFD008R","FDK",10.2806754228558
"WSS AYN","CO23SFD011RA","FDK",37.780675422856
"WSS AYN","CO23SFD032WA","FDK",35.2806754228559
"WSS AYN","CO23SFD034RC","FDK",25.280675422856
"WSS AYN","CO23SFD035RA","FDK",45.2806754228559
"WSS AYN","CO23SFD035RC","FDK",30.2806754228558
"WSS AYN","CO23SFD037W","FDK",20.2806754228558
"WSS AYN","CO23SFD038W","FDK",20.280675422856
"WSS AYN","CO23SFD039W","FDK",15.2806754228556
"WSS AYN","CO23SFD039WA","FDK",40.2806754228558
"WSS AYN","CO23SFD041W","FDK",7.78067542285581
"WSS AYN","CO23SFD042R","FDK",10.2806754228559
"WSS AYN","CO23SFD045W","FDK",22.7806754228557
"WSS AYN","CO23SFD047W","FDK",35.2806754228558
"WSS AYN","CO23SFD049R","FDK",15.280675422856
"WSS AYN","CO23SFD050R","FDK",25.280675422856
"WSS AYN","CO23SFD051WA","FDK",25.2806754228559
"WSS AYN","CO23SFD057M","FDK",32.7806754228558
"WSS AYN","CO23SFD066R","FDK",60.2806754228559
"WSS AYN","CO23SFD085R","FDK",22.7806754228558
"WSS AYN","CO23SFD088R","FDK",37.7806754228557
"WSS AYN","CO23SFD102R","FDK",35.280675422856
"WSS AYN","CO23SFD122W","FDK",25.2806754228558
"WSS AYN","CO23SFD130R","FDK",32.780675422856
"WSS AYN","CO23SFD131R","FDK",35.2806754228558
"WSS AYN","CO23SFD188R","FDK",12.7806754228558
"WSS AYN","Fortify SF","FDK",17.7806754228554
"WSS AYN","Fortress","FDK",30.2806754228558
