"SUB_NURNAME","ID","TRAIT","n_observations","value"
"DH","X220958.2897","DON",1,21.6
"DH","X220958.2897","FDK",1,30
"DH","X220958.2897","INC",1,60
"DH","X220958.2897","SEV",1,50
"DH","X220958.2898","DON",1,13.3
"DH","X220958.2898","FDK",1,10
"DH","X220958.2898","INC",1,70
"DH","X220958.2898","SEV",1,50
"DH","X220958.2899","DON",1,15.6
"DH","X220958.2899","FDK",1,20
"DH","X220958.2899","INC",1,80
"DH","X220958.2899","SEV",1,50
"DH","X220958.2900","DON",1,18.5
"DH","X220958.2900","FDK",1,25
"DH","X220958.2900","INC",1,60
"DH","X220958.2900","SEV",1,30
"DH","X220958.2901","DON",1,19.9
"DH","X220958.2901","FDK",1,25
"DH","X220958.2901","INC",1,40
"DH","X220958.2901","SEV",1,60
"DH","X220958.2902","DON",1,11.3
"DH","X220958.2902","FDK",1,10
"DH","X220958.2902","INC",1,70
"DH","X220958.2902","SEV",1,70
"DH","X220958.2903","DON",1,25.3
"DH","X220958.2903","FDK",1,35
"DH","X220958.2903","INC",1,70
"DH","X220958.2903","SEV",1,40
"DH","X220958.2904","DON",1,10.7
"DH","X220958.2904","FDK",1,15
"DH","X220958.2904","INC",1,80
"DH","X220958.2904","SEV",1,40
"DH","X220958.2905","DON",1,22.5
"DH","X220958.2905","FDK",1,35
"DH","X220958.2905","INC",1,70
"DH","X220958.2905","SEV",1,40
"DH","X220958.2906","DON",1,12.1
"DH","X220958.2906","FDK",1,25
"DH","X220958.2906","INC",1,0
"DH","X220958.2906","SEV",1,0
"DH","X220958.2907","DON",1,12.8
"DH","X220958.2907","FDK",1,15
"DH","X220958.2907","INC",1,10
"DH","X220958.2907","SEV",1,14
"DH","X220958.2908","DON",1,16.9
"DH","X220958.2908","FDK",1,25
"DH","X220958.2908","INC",1,40
"DH","X220958.2908","SEV",1,50
"DH","X220958.2909","DON",1,13
"DH","X220958.2909","FDK",1,20
"DH","X220958.2909","INC",1,20
"DH","X220958.2909","SEV",1,40
"DH","X220958.2910","DON",1,13.4
"DH","X220958.2910","FDK",1,20
"DH","X220958.2910","INC",1,30
"DH","X220958.2910","SEV",1,14
"DH","X220958.2912","DON",1,10.9
"DH","X220958.2912","FDK",1,15
"DH","X220958.2912","INC",1,10
"DH","X220958.2912","SEV",1,14
"DH","X220958.2913","DON",1,13.1
"DH","X220958.2913","FDK",1,20
"DH","X220958.2913","INC",1,20
"DH","X220958.2913","SEV",1,21
"DH","X220958.2914","DON",1,4.9
"DH","X220958.2914","FDK",1,10
"DH","X220958.2914","INC",1,0
"DH","X220958.2914","SEV",1,0
"DH","X220964.2892","DON",1,14
"DH","X220964.2892","FDK",1,30
"DH","X220964.2892","INC",1,30
"DH","X220964.2892","SEV",1,14
"DH","X220964.2893","DON",1,14.2
"DH","X220964.2893","FDK",1,25
"DH","X220964.2893","INC",1,20
"DH","X220964.2893","SEV",1,40
"DH","X220964.2894","DON",1,23.2
"DH","X220964.2894","FDK",1,40
"DH","X220964.2894","INC",1,90
"DH","X220964.2894","SEV",1,60
"DH","X220964.2895","DON",1,10.5
"DH","X220964.2895","FDK",1,20
"DH","X220964.2895","INC",1,50
"DH","X220964.2895","SEV",1,21
"DH","X220964.2896","DON",1,29.8
"DH","X220964.2896","FDK",1,40
"DH","X220964.2896","INC",1,40
"DH","X220964.2896","SEV",1,60
"DH","X220966.2482","DON",1,19.5
"DH","X220966.2482","FDK",1,35
"DH","X220966.2482","INC",1,40
"DH","X220966.2482","SEV",1,60
"DH","X220966.2483","DON",1,31.1
"DH","X220966.2483","FDK",1,45
"DH","X220966.2483","INC",1,30
"DH","X220966.2483","SEV",1,50
"DH","X220966.2484","DON",1,23.7
"DH","X220966.2484","FDK",1,30
"DH","X220966.2484","INC",1,20
"DH","X220966.2484","SEV",1,21
"DH","X220966.2485","DON",1,22.3
"DH","X220966.2485","FDK",1,35
"DH","X220966.2485","INC",1,20
"DH","X220966.2485","SEV",1,40
"DH","X220966.2486","DON",0,NA
"DH","X220966.2486","FDK",1,30
"DH","X220966.2486","INC",1,0
"DH","X220966.2486","SEV",1,0
"Elite","Amplify SF","DON",2,28.7
"Elite","Amplify SF","FDK",2,62.5
"Elite","Amplify SF","INC",2,80
"Elite","Amplify SF","SEV",2,90
"Elite","Avery","DON",2,18.8
"Elite","Avery","FDK",2,47.5
"Elite","Avery","INC",2,80
"Elite","Avery","SEV",2,70
"Elite","Byrd","DON",2,10
"Elite","Byrd","FDK",2,22.5
"Elite","Byrd","INC",2,55
"Elite","Byrd","SEV",2,45
"Elite","CO18042RA","DON",2,6.2
"Elite","CO18042RA","FDK",2,7.5
"Elite","CO18042RA","INC",2,50
"Elite","CO18042RA","SEV",2,21
"Elite","CO19410R","DON",2,20.3
"Elite","CO19410R","FDK",2,37.5
"Elite","CO19410R","INC",2,85
"Elite","CO19410R","SEV",2,70
"Elite","CO19D087R","DON",2,7.2
"Elite","CO19D087R","FDK",2,15
"Elite","CO19D087R","INC",2,25
"Elite","CO19D087R","SEV",2,35
"Elite","CO200037R","DON",2,15.35
"Elite","CO200037R","FDK",2,35
"Elite","CO200037R","INC",2,65
"Elite","CO200037R","SEV",2,60
"Elite","CO200082R","DON",2,14.45
"Elite","CO200082R","FDK",2,15
"Elite","CO200082R","INC",2,70
"Elite","CO200082R","SEV",2,60
"Elite","CO20022RC","DON",2,14.55
"Elite","CO20022RC","FDK",2,17.5
"Elite","CO20022RC","INC",2,50
"Elite","CO20022RC","SEV",2,50
"Elite","CO200247W","DON",2,18.9
"Elite","CO200247W","FDK",2,30
"Elite","CO200247W","INC",2,40
"Elite","CO200247W","SEV",2,55
"Elite","CO20D036R","DON",2,7.85
"Elite","CO20D036R","FDK",2,10
"Elite","CO20D036R","INC",2,90
"Elite","CO20D036R","SEV",2,75
"Elite","CO20D068W","DON",2,22.4
"Elite","CO20D068W","FDK",2,35
"Elite","CO20D068W","INC",2,75
"Elite","CO20D068W","SEV",2,75
"Elite","CO20D079R","DON",2,15.1
"Elite","CO20D079R","FDK",2,40
"Elite","CO20D079R","INC",2,85
"Elite","CO20D079R","SEV",2,70
"Elite","CO20D097R","DON",2,16.15
"Elite","CO20D097R","FDK",2,30
"Elite","CO20D097R","INC",2,70
"Elite","CO20D097R","SEV",2,65
"Elite","CO20D108R","DON",2,12.05
"Elite","CO20D108R","FDK",2,17.5
"Elite","CO20D108R","INC",2,15
"Elite","CO20D108R","SEV",2,30.5
"Elite","CO20SFD019R","DON",2,17.05
"Elite","CO20SFD019R","FDK",2,45
"Elite","CO20SFD019R","INC",2,85
"Elite","CO20SFD019R","SEV",2,55
"Elite","CO20SFD020R","DON",2,10.45
"Elite","CO20SFD020R","FDK",2,10
"Elite","CO20SFD020R","INC",2,65
"Elite","CO20SFD020R","SEV",2,30.5
"Elite","CO210077R","DON",2,9.85
"Elite","CO210077R","FDK",2,27.5
"Elite","CO210077R","INC",2,55
"Elite","CO210077R","SEV",2,40
"Elite","CO210198R","DON",2,10.8
"Elite","CO210198R","FDK",2,22.5
"Elite","CO210198R","INC",2,85
"Elite","CO210198R","SEV",2,45
"Elite","CO210240W","DON",2,22.55
"Elite","CO210240W","FDK",2,37.5
"Elite","CO210240W","INC",2,80
"Elite","CO210240W","SEV",2,50
"Elite","CO210418R","DON",2,9
"Elite","CO210418R","FDK",2,17.5
"Elite","CO210418R","INC",2,45
"Elite","CO210418R","SEV",2,30
"Elite","CO210771R","DON",2,9.15
"Elite","CO210771R","FDK",2,12.5
"Elite","CO210771R","INC",2,75
"Elite","CO210771R","SEV",2,55
"Elite","CO21D1790R","DON",2,20.45
"Elite","CO21D1790R","FDK",2,27.5
"Elite","CO21D1790R","INC",2,75
"Elite","CO21D1790R","SEV",2,80
"Elite","CO220002W","DON",2,7.95
"Elite","CO220002W","FDK",2,10
"Elite","CO220002W","INC",2,75
"Elite","CO220002W","SEV",2,50
"Elite","CO220025W","DON",2,22.9
"Elite","CO220025W","FDK",2,25
"Elite","CO220025W","INC",2,40
"Elite","CO220025W","SEV",2,60
"Elite","CO220052R","DON",2,9.55
"Elite","CO220052R","FDK",2,15
"Elite","CO220052R","INC",2,35
"Elite","CO220052R","SEV",2,25.5
"Elite","CO220054R","DON",2,12.65
"Elite","CO220054R","FDK",2,32.5
"Elite","CO220054R","INC",2,70
"Elite","CO220054R","SEV",2,60
"Elite","CO220087R","DON",2,10.45
"Elite","CO220087R","FDK",2,15
"Elite","CO220087R","INC",2,70
"Elite","CO220087R","SEV",2,55
"Elite","CO220133R","DON",2,13.85
"Elite","CO220133R","FDK",2,17.5
"Elite","CO220133R","INC",2,35
"Elite","CO220133R","SEV",2,45
"Elite","CO220151R","DON",2,19.4
"Elite","CO220151R","FDK",2,32.5
"Elite","CO220151R","INC",2,75
"Elite","CO220151R","SEV",2,75
"Elite","CO220156R","DON",2,20
"Elite","CO220156R","FDK",2,37.5
"Elite","CO220156R","INC",2,95
"Elite","CO220156R","SEV",2,80
"Elite","CO220188R","DON",2,16.2
"Elite","CO220188R","FDK",2,30
"Elite","CO220188R","INC",2,70
"Elite","CO220188R","SEV",2,45
"Elite","CO220211R","DON",2,8.25
"Elite","CO220211R","FDK",2,15
"Elite","CO220211R","INC",2,55
"Elite","CO220211R","SEV",2,25.5
"Elite","CO220215R","DON",2,13.1
"Elite","CO220215R","FDK",2,15
"Elite","CO220215R","INC",2,80
"Elite","CO220215R","SEV",2,55
"Elite","CO220241R","DON",2,15.3
"Elite","CO220241R","FDK",2,22.5
"Elite","CO220241R","INC",2,60
"Elite","CO220241R","SEV",2,55
"Elite","CO220251R","DON",2,17.35
"Elite","CO220251R","FDK",2,27.5
"Elite","CO220251R","INC",2,75
"Elite","CO220251R","SEV",2,55
"Elite","CO220285R","DON",2,9.5
"Elite","CO220285R","FDK",2,15
"Elite","CO220285R","INC",2,70
"Elite","CO220285R","SEV",2,50
"Elite","CO220296R","DON",2,8.55
"Elite","CO220296R","FDK",2,7.5
"Elite","CO220296R","INC",2,60
"Elite","CO220296R","SEV",2,35
"Elite","CO220362R","DON",2,8.9
"Elite","CO220362R","FDK",2,15
"Elite","CO220362R","INC",2,55
"Elite","CO220362R","SEV",2,40
"Elite","CO220406R","DON",2,15.65
"Elite","CO220406R","FDK",2,27.5
"Elite","CO220406R","INC",2,60
"Elite","CO220406R","SEV",2,50
"Elite","CO220467R","DON",2,15.3
"Elite","CO220467R","FDK",2,20
"Elite","CO220467R","INC",2,65
"Elite","CO220467R","SEV",2,70
"Elite","CO220469R","DON",2,17.7
"Elite","CO220469R","FDK",2,22.5
"Elite","CO220469R","INC",2,35
"Elite","CO220469R","SEV",2,70
"Elite","CO220479R","DON",2,13.15
"Elite","CO220479R","FDK",2,27.5
"Elite","CO220479R","INC",2,45
"Elite","CO220479R","SEV",2,60
"Elite","CO220502R","DON",2,19
"Elite","CO220502R","FDK",2,35
"Elite","CO220502R","INC",2,45
"Elite","CO220502R","SEV",2,55
"Elite","CO220506R","DON",2,9.1
"Elite","CO220506R","FDK",2,10
"Elite","CO220506R","INC",2,55
"Elite","CO220506R","SEV",2,35.5
"Elite","CO220512R","DON",2,16.7
"Elite","CO220512R","FDK",2,45
"Elite","CO220512R","INC",2,90
"Elite","CO220512R","SEV",2,60
"Elite","CO220570R","DON",2,11.65
"Elite","CO220570R","FDK",2,15
"Elite","CO220570R","INC",2,45
"Elite","CO220570R","SEV",2,45
"Elite","CO220610R","DON",2,16.85
"Elite","CO220610R","FDK",2,30
"Elite","CO220610R","INC",2,75
"Elite","CO220610R","SEV",2,70
"Elite","CO220622R","DON",2,11.3
"Elite","CO220622R","FDK",2,27.5
"Elite","CO220622R","INC",2,90
"Elite","CO220622R","SEV",2,25.5
"Elite","CO220683R","DON",2,11.55
"Elite","CO220683R","FDK",2,15
"Elite","CO220683R","INC",2,60
"Elite","CO220683R","SEV",2,32
"Elite","CO220720R","DON",2,21.05
"Elite","CO220720R","FDK",2,35
"Elite","CO220720R","INC",2,35
"Elite","CO220720R","SEV",2,32
"Elite","CO220786R","DON",2,17.4
"Elite","CO220786R","FDK",2,32.5
"Elite","CO220786R","INC",2,60
"Elite","CO220786R","SEV",2,60
"Elite","CO220794R","DON",2,19.5
"Elite","CO220794R","FDK",2,30
"Elite","CO220794R","INC",2,75
"Elite","CO220794R","SEV",2,70
"Elite","CO220796R","DON",2,18.65
"Elite","CO220796R","FDK",2,40
"Elite","CO220796R","INC",2,75
"Elite","CO220796R","SEV",2,70
"Elite","CO220802R","DON",2,16.5
"Elite","CO220802R","FDK",2,35
"Elite","CO220802R","INC",2,85
"Elite","CO220802R","SEV",2,50
"Elite","CO220865R","DON",2,13.4
"Elite","CO220865R","FDK",2,25
"Elite","CO220865R","INC",2,65
"Elite","CO220865R","SEV",2,60
"Elite","CO220869R","DON",2,12.1
"Elite","CO220869R","FDK",2,35
"Elite","CO220869R","INC",2,60
"Elite","CO220869R","SEV",2,50
"Elite","CO220881R","DON",2,24.55
"Elite","CO220881R","FDK",2,62.5
"Elite","CO220881R","INC",2,80
"Elite","CO220881R","SEV",2,70
"Elite","CO220884R","DON",2,14.25
"Elite","CO220884R","FDK",2,27.5
"Elite","CO220884R","INC",2,70
"Elite","CO220884R","SEV",2,80
"Elite","CO22D002R","DON",2,16.9
"Elite","CO22D002R","FDK",2,45
"Elite","CO22D002R","INC",2,80
"Elite","CO22D002R","SEV",2,70
"Elite","CO22D027R","DON",2,21.35
"Elite","CO22D027R","FDK",2,32.5
"Elite","CO22D027R","INC",2,80
"Elite","CO22D027R","SEV",2,65
"Elite","CO22D037R","DON",2,12.65
"Elite","CO22D037R","FDK",2,12.5
"Elite","CO22D037R","INC",2,55
"Elite","CO22D037R","SEV",2,30.5
"Elite","CO22D103W","DON",2,14.7
"Elite","CO22D103W","FDK",2,30
"Elite","CO22D103W","INC",2,55
"Elite","CO22D103W","SEV",2,45
"Elite","CO22D157R","DON",2,15.8
"Elite","CO22D157R","FDK",2,37.5
"Elite","CO22D157R","INC",2,65
"Elite","CO22D157R","SEV",2,50
"Elite","CO22D324R","DON",2,12.1
"Elite","CO22D324R","FDK",2,15
"Elite","CO22D324R","INC",2,70
"Elite","CO22D324R","SEV",2,40
"Elite","CO23D004R","DON",2,20.4
"Elite","CO23D004R","FDK",2,30
"Elite","CO23D004R","INC",2,80
"Elite","CO23D004R","SEV",2,80
"Elite","CO23D013R","DON",2,20.1
"Elite","CO23D013R","FDK",2,25
"Elite","CO23D013R","INC",2,65
"Elite","CO23D013R","SEV",2,45
"Elite","CO23D017R","DON",2,14.9
"Elite","CO23D017R","FDK",2,22.5
"Elite","CO23D017R","INC",2,45
"Elite","CO23D017R","SEV",2,60
"Elite","CO23D020R","DON",2,14.1
"Elite","CO23D020R","FDK",2,35
"Elite","CO23D020R","INC",2,65
"Elite","CO23D020R","SEV",2,65
"Elite","CO23D025R","DON",2,17.15
"Elite","CO23D025R","FDK",2,37.5
"Elite","CO23D025R","INC",2,65
"Elite","CO23D025R","SEV",2,70
"Elite","CO23D032R","DON",2,15.95
"Elite","CO23D032R","FDK",2,25
"Elite","CO23D032R","INC",2,85
"Elite","CO23D032R","SEV",2,55
"Elite","CO23D042R","DON",2,28.75
"Elite","CO23D042R","FDK",2,47.5
"Elite","CO23D042R","INC",2,70
"Elite","CO23D042R","SEV",2,75
"Elite","CO23D047R","DON",2,15.2
"Elite","CO23D047R","FDK",2,30
"Elite","CO23D047R","INC",2,65
"Elite","CO23D047R","SEV",2,50
"Elite","CO23D049R","DON",2,18.55
"Elite","CO23D049R","FDK",2,30
"Elite","CO23D049R","INC",2,55
"Elite","CO23D049R","SEV",2,55
"Elite","CO23D059R","DON",2,11.45
"Elite","CO23D059R","FDK",2,10
"Elite","CO23D059R","INC",2,70
"Elite","CO23D059R","SEV",2,50
"Elite","CO23D060W","DON",2,18.7
"Elite","CO23D060W","FDK",2,20
"Elite","CO23D060W","INC",2,70
"Elite","CO23D060W","SEV",2,65
"Elite","CO23D061R","DON",2,13.95
"Elite","CO23D061R","FDK",2,22.5
"Elite","CO23D061R","INC",2,90
"Elite","CO23D061R","SEV",2,70
"Elite","CO23D070R","DON",2,22.35
"Elite","CO23D070R","FDK",2,37.5
"Elite","CO23D070R","INC",2,85
"Elite","CO23D070R","SEV",2,30
"Elite","CO23D078R","DON",2,15.9
"Elite","CO23D078R","FDK",2,30
"Elite","CO23D078R","INC",2,75
"Elite","CO23D078R","SEV",2,65
"Elite","CO23D090R","DON",2,23.1
"Elite","CO23D090R","FDK",2,45
"Elite","CO23D090R","INC",2,75
"Elite","CO23D090R","SEV",2,65
"Elite","CO23D103R","DON",2,15.25
"Elite","CO23D103R","FDK",2,25
"Elite","CO23D103R","INC",2,80
"Elite","CO23D103R","SEV",2,60
"Elite","CO23D118W","DON",2,16
"Elite","CO23D118W","FDK",2,25
"Elite","CO23D118W","INC",2,80
"Elite","CO23D118W","SEV",2,80
"Elite","CO23D123R","DON",2,9.45
"Elite","CO23D123R","FDK",2,10
"Elite","CO23D123R","INC",2,75
"Elite","CO23D123R","SEV",2,40
"Elite","CO23D182R","DON",2,11.4
"Elite","CO23D182R","FDK",2,15
"Elite","CO23D182R","INC",2,55
"Elite","CO23D182R","SEV",2,35
"Elite","CO23D184R","DON",2,16.85
"Elite","CO23D184R","FDK",2,22.5
"Elite","CO23D184R","INC",2,60
"Elite","CO23D184R","SEV",2,65
"Elite","CO23D190R","DON",2,25.5
"Elite","CO23D190R","FDK",2,45
"Elite","CO23D190R","INC",2,75
"Elite","CO23D190R","SEV",2,85
"Elite","CO23D194R","DON",2,34.15
"Elite","CO23D194R","FDK",2,57.5
"Elite","CO23D194R","INC",2,75
"Elite","CO23D194R","SEV",2,90
"Elite","CO23D218R","DON",2,20.45
"Elite","CO23D218R","FDK",2,40
"Elite","CO23D218R","INC",2,65
"Elite","CO23D218R","SEV",2,65
"Elite","CO23D240R","DON",2,17.95
"Elite","CO23D240R","FDK",2,22.5
"Elite","CO23D240R","INC",2,80
"Elite","CO23D240R","SEV",2,55
"Elite","CO23D242W","DON",2,11.2
"Elite","CO23D242W","FDK",2,15
"Elite","CO23D242W","INC",2,35
"Elite","CO23D242W","SEV",2,35
"Elite","CO23D243R","DON",2,7.85
"Elite","CO23D243R","FDK",2,7.5
"Elite","CO23D243R","INC",2,25
"Elite","CO23D243R","SEV",2,27
"Elite","CO23D246W","DON",2,9.45
"Elite","CO23D246W","FDK",2,15
"Elite","CO23D246W","INC",2,55
"Elite","CO23D246W","SEV",2,50
"Elite","CO23D247W","DON",2,17.6
"Elite","CO23D247W","FDK",2,17.5
"Elite","CO23D247W","INC",2,75
"Elite","CO23D247W","SEV",2,60
"Elite","Canvas","DON",2,8.05
"Elite","Canvas","FDK",2,25
"Elite","Canvas","INC",2,40
"Elite","Canvas","SEV",2,35
"Elite","Crescent AX","DON",2,7.65
"Elite","Crescent AX","FDK",2,22.5
"Elite","Crescent AX","INC",2,75
"Elite","Crescent AX","SEV",2,45
"Elite","Langin","DON",2,6.15
"Elite","Langin","FDK",2,10
"Elite","Langin","INC",2,40
"Elite","Langin","SEV",2,25.5
"Elite","Sheridan","DON",2,11.8
"Elite","Sheridan","FDK",2,30
"Elite","Sheridan","INC",2,45
"Elite","Sheridan","SEV",2,35
"Elite","Snowmass 2.0","DON",2,13.9
"Elite","Snowmass 2.0","FDK",2,25
"Elite","Snowmass 2.0","INC",2,75
"Elite","Snowmass 2.0","SEV",2,60
"Elite","Telluride","DON",2,21.6
"Elite","Telluride","FDK",2,40
"Elite","Telluride","INC",2,60
"Elite","Telluride","SEV",2,85
"Elite","Windom SF","DON",2,15
"Elite","Windom SF","FDK",2,25
"Elite","Windom SF","INC",2,30
"Elite","Windom SF","SEV",2,65
"Q Qual AYN","AP18 AX","DON",1,17.6
"Q Qual AYN","AP18 AX","FDK",1,45
"Q Qual AYN","AP18 AX","INC",1,80
"Q Qual AYN","AP18 AX","SEV",1,70
"Q Qual AYN","CO22056RA","DON",1,14.5
"Q Qual AYN","CO22056RA","FDK",1,35
"Q Qual AYN","CO22056RA","INC",1,60
"Q Qual AYN","CO22056RA","SEV",1,70
"Q Qual AYN","CO22194RA","DON",1,17.1
"Q Qual AYN","CO22194RA","FDK",1,50
"Q Qual AYN","CO22194RA","INC",1,90
"Q Qual AYN","CO22194RA","SEV",1,80
"Q Qual AYN","CO22195RA","DON",1,15
"Q Qual AYN","CO22195RA","FDK",1,25
"Q Qual AYN","CO22195RA","INC",1,50
"Q Qual AYN","CO22195RA","SEV",1,70
"Q Qual AYN","CO22SF047RA","DON",1,19
"Q Qual AYN","CO22SF047RA","FDK",1,20
"Q Qual AYN","CO22SF047RA","INC",1,70
"Q Qual AYN","CO22SF047RA","SEV",1,60
"Q Qual AYN","CO23001RA","DON",1,14.6
"Q Qual AYN","CO23001RA","FDK",1,30
"Q Qual AYN","CO23001RA","INC",1,80
"Q Qual AYN","CO23001RA","SEV",1,60
"Q Qual AYN","CO23006RA","DON",1,16.1
"Q Qual AYN","CO23006RA","FDK",1,35
"Q Qual AYN","CO23006RA","INC",1,50
"Q Qual AYN","CO23006RA","SEV",1,60
"Q Qual AYN","CO23049RA","DON",1,12.9
"Q Qual AYN","CO23049RA","FDK",1,30
"Q Qual AYN","CO23049RA","INC",1,30
"Q Qual AYN","CO23049RA","SEV",1,30
"Q Qual AYN","CO23089RA","DON",1,10.4
"Q Qual AYN","CO23089RA","FDK",1,35
"Q Qual AYN","CO23089RA","INC",1,90
"Q Qual AYN","CO23089RA","SEV",1,80
"Q Qual AYN","CO23110RA","DON",1,3.3
"Q Qual AYN","CO23110RA","FDK",1,30
"Q Qual AYN","CO23110RA","INC",1,80
"Q Qual AYN","CO23110RA","SEV",1,80
"Q Qual AYN","CO23112RA","DON",1,3.1
"Q Qual AYN","CO23112RA","FDK",1,10
"Q Qual AYN","CO23112RA","INC",1,70
"Q Qual AYN","CO23112RA","SEV",1,60
"Q Qual AYN","CO23114RA","DON",1,2.6
"Q Qual AYN","CO23114RA","FDK",1,10
"Q Qual AYN","CO23114RA","INC",1,60
"Q Qual AYN","CO23114RA","SEV",1,50
"Q Qual AYN","CO23119RA","DON",1,23.2
"Q Qual AYN","CO23119RA","FDK",1,50
"Q Qual AYN","CO23119RA","INC",1,90
"Q Qual AYN","CO23119RA","SEV",1,80
"Q Qual AYN","CO23121RA","DON",1,21.6
"Q Qual AYN","CO23121RA","FDK",1,40
"Q Qual AYN","CO23121RA","INC",1,80
"Q Qual AYN","CO23121RA","SEV",1,60
"Q Qual AYN","CO23126RA","DON",1,13.7
"Q Qual AYN","CO23126RA","FDK",1,30
"Q Qual AYN","CO23126RA","INC",1,90
"Q Qual AYN","CO23126RA","SEV",1,80
"Q Qual AYN","CO23127RA","DON",1,23.9
"Q Qual AYN","CO23127RA","FDK",1,45
"Q Qual AYN","CO23127RA","INC",1,90
"Q Qual AYN","CO23127RA","SEV",1,90
"Q Qual AYN","CO23134RA","DON",1,46.1
"Q Qual AYN","CO23134RA","FDK",1,55
"Q Qual AYN","CO23134RA","INC",1,70
"Q Qual AYN","CO23134RA","SEV",1,80
"Q Qual AYN","CO23152RA","DON",1,17
"Q Qual AYN","CO23152RA","FDK",1,35
"Q Qual AYN","CO23152RA","INC",1,70
"Q Qual AYN","CO23152RA","SEV",1,60
"Q Qual AYN","CO23157RA","DON",1,10.3
"Q Qual AYN","CO23157RA","FDK",1,30
"Q Qual AYN","CO23157RA","INC",1,70
"Q Qual AYN","CO23157RA","SEV",1,70
"Q Qual AYN","CO23158RA","DON",1,16.7
"Q Qual AYN","CO23158RA","FDK",1,25
"Q Qual AYN","CO23158RA","INC",1,90
"Q Qual AYN","CO23158RA","SEV",1,70
"Q Qual AYN","CO23160RA","DON",1,16.9
"Q Qual AYN","CO23160RA","FDK",1,40
"Q Qual AYN","CO23160RA","INC",1,80
"Q Qual AYN","CO23160RA","SEV",1,80
"Q Qual AYN","CO23161RA","DON",1,22.2
"Q Qual AYN","CO23161RA","FDK",1,30
"Q Qual AYN","CO23161RA","INC",1,90
"Q Qual AYN","CO23161RA","SEV",1,80
"Q Qual AYN","CO23D031RA","DON",1,16.5
"Q Qual AYN","CO23D031RA","FDK",1,35
"Q Qual AYN","CO23D031RA","INC",1,70
"Q Qual AYN","CO23D031RA","SEV",1,60
"Q Qual AYN","CO23SF009WA","DON",1,8.8
"Q Qual AYN","CO23SF009WA","FDK",1,10
"Q Qual AYN","CO23SF009WA","INC",1,70
"Q Qual AYN","CO23SF009WA","SEV",1,40
"Q Qual AYN","CO23SF010WA","DON",1,3.8
"Q Qual AYN","CO23SF010WA","FDK",1,5
"Q Qual AYN","CO23SF010WA","INC",1,80
"Q Qual AYN","CO23SF010WA","SEV",1,80
"Q Qual AYN","CO23SF012WA","DON",1,6.2
"Q Qual AYN","CO23SF012WA","FDK",1,10
"Q Qual AYN","CO23SF012WA","INC",1,70
"Q Qual AYN","CO23SF012WA","SEV",1,80
"Q Qual AYN","CO23SF017WA","DON",1,14.9
"Q Qual AYN","CO23SF017WA","FDK",1,30
"Q Qual AYN","CO23SF017WA","INC",1,50
"Q Qual AYN","CO23SF017WA","SEV",1,60
"Q Qual AYN","CO23SF040RA","DON",1,7.9
"Q Qual AYN","CO23SF040RA","FDK",1,15
"Q Qual AYN","CO23SF040RA","INC",1,70
"Q Qual AYN","CO23SF040RA","SEV",1,50
"Q Qual AYN","CO23SF060RA","DON",1,39.4
"Q Qual AYN","CO23SF060RA","FDK",1,45
"Q Qual AYN","CO23SF060RA","INC",1,20
"Q Qual AYN","CO23SF060RA","SEV",1,30
"Q Qual AYN","CO23SFD004RA","DON",1,26.9
"Q Qual AYN","CO23SFD004RA","FDK",1,35
"Q Qual AYN","CO23SFD004RA","INC",1,80
"Q Qual AYN","CO23SFD004RA","SEV",1,90
"Q Qual AYN","CO23SFD011RA","DON",1,15.5
"Q Qual AYN","CO23SFD011RA","FDK",1,30
"Q Qual AYN","CO23SFD011RA","INC",1,80
"Q Qual AYN","CO23SFD011RA","SEV",1,70
"Q Qual AYN","CO23SFD032WA","DON",1,26.2
"Q Qual AYN","CO23SFD032WA","FDK",1,35
"Q Qual AYN","CO23SFD032WA","INC",1,70
"Q Qual AYN","CO23SFD032WA","SEV",1,80
"Q Qual AYN","CO23SFD035RA","DON",1,22.6
"Q Qual AYN","CO23SFD035RA","FDK",1,30
"Q Qual AYN","CO23SFD035RA","INC",1,20
"Q Qual AYN","CO23SFD035RA","SEV",1,70
"Q Qual AYN","CO23SFD039WA","DON",1,42.5
"Q Qual AYN","CO23SFD039WA","FDK",1,35
"Q Qual AYN","CO23SFD039WA","INC",1,30
"Q Qual AYN","CO23SFD039WA","SEV",1,30
"Q Qual AYN","CO23SFD051WA","DON",1,20.6
"Q Qual AYN","CO23SFD051WA","FDK",1,20
"Q Qual AYN","CO23SFD051WA","INC",1,70
"Q Qual AYN","CO23SFD051WA","SEV",1,60
"Q Qual AYN","Kivari AX","DON",1,16.8
"Q Qual AYN","Kivari AX","FDK",1,40
"Q Qual AYN","Kivari AX","INC",1,70
"Q Qual AYN","Kivari AX","SEV",1,80
"Topcross","X220957.1","DON",1,18.7
"Topcross","X220957.1","FDK",1,30
"Topcross","X220957.1","INC",1,40
"Topcross","X220957.1","SEV",1,30
"Topcross","X220957.2","DON",1,11.6
"Topcross","X220957.2","FDK",1,25
"Topcross","X220957.2","INC",1,60
"Topcross","X220957.2","SEV",1,30
"Topcross","X220957.3","DON",1,12.2
"Topcross","X220957.3","FDK",1,25
"Topcross","X220957.3","INC",1,50
"Topcross","X220957.3","SEV",1,50
"Topcross","X220957.4","DON",1,14
"Topcross","X220957.4","FDK",1,30
"Topcross","X220957.4","INC",1,80
"Topcross","X220957.4","SEV",1,50
"Topcross","X220957.5","DON",1,15.4
"Topcross","X220957.5","FDK",1,20
"Topcross","X220957.5","INC",1,90
"Topcross","X220957.5","SEV",1,40
"Topcross","X220957.6","DON",1,14.6
"Topcross","X220957.6","FDK",1,25
"Topcross","X220957.6","INC",1,80
"Topcross","X220957.6","SEV",1,70
"Topcross","X220960.1","DON",1,28.2
"Topcross","X220960.1","FDK",1,45
"Topcross","X220960.1","INC",1,90
"Topcross","X220960.1","SEV",1,80
"Topcross","X220960.2","DON",1,14.9
"Topcross","X220960.2","FDK",1,30
"Topcross","X220960.2","INC",1,90
"Topcross","X220960.2","SEV",1,70
"Topcross","X220960.3","DON",1,16.8
"Topcross","X220960.3","FDK",1,40
"Topcross","X220960.3","INC",1,80
"Topcross","X220960.3","SEV",1,50
"Topcross","X220960.4","DON",1,21.6
"Topcross","X220960.4","FDK",1,30
"Topcross","X220960.4","INC",1,70
"Topcross","X220960.4","SEV",1,70
"Topcross","X220960.5","DON",1,20.8
"Topcross","X220960.5","FDK",1,35
"Topcross","X220960.5","INC",1,60
"Topcross","X220960.5","SEV",1,80
"Topcross","X220960.6","DON",1,18.2
"Topcross","X220960.6","FDK",1,40
"Topcross","X220960.6","INC",1,60
"Topcross","X220960.6","SEV",1,50
"Topcross","X220960.7","DON",1,24.6
"Topcross","X220960.7","FDK",1,45
"Topcross","X220960.7","INC",1,70
"Topcross","X220960.7","SEV",1,80
"Topcross","X220960.8","DON",1,23.5
"Topcross","X220960.8","FDK",1,45
"Topcross","X220960.8","INC",1,70
"Topcross","X220960.8","SEV",1,70
"Topcross","X220961.1","DON",1,22.9
"Topcross","X220961.1","FDK",1,40
"Topcross","X220961.1","INC",1,40
"Topcross","X220961.1","SEV",1,70
"Topcross","X220961.2","DON",1,12.6
"Topcross","X220961.2","FDK",1,25
"Topcross","X220961.2","INC",1,40
"Topcross","X220961.2","SEV",1,40
"Topcross","X220961.3","DON",1,24.1
"Topcross","X220961.3","FDK",1,40
"Topcross","X220961.3","INC",1,80
"Topcross","X220961.3","SEV",1,70
"Topcross","X220961.4","DON",1,16.5
"Topcross","X220961.4","FDK",1,30
"Topcross","X220961.4","INC",1,70
"Topcross","X220961.4","SEV",1,80
"Topcross","X220961.5","DON",1,17.6
"Topcross","X220961.5","FDK",1,30
"Topcross","X220961.5","INC",1,70
"Topcross","X220961.5","SEV",1,70
"Topcross","X220963.1","DON",1,12.8
"Topcross","X220963.1","FDK",1,15
"Topcross","X220963.1","INC",1,50
"Topcross","X220963.1","SEV",1,50
"Topcross","X220963.2","DON",1,14.7
"Topcross","X220963.2","FDK",1,20
"Topcross","X220963.2","INC",1,80
"Topcross","X220963.2","SEV",1,70
"Topcross","X220963.3","DON",1,12.9
"Topcross","X220963.3","FDK",1,15
"Topcross","X220963.3","INC",1,60
"Topcross","X220963.3","SEV",1,70
"Topcross","X220963.4","DON",1,10.8
"Topcross","X220963.4","FDK",1,20
"Topcross","X220963.4","INC",1,70
"Topcross","X220963.4","SEV",1,70
"Topcross","X220963.5","DON",1,12.5
"Topcross","X220963.5","FDK",1,20
"Topcross","X220963.5","INC",1,50
"Topcross","X220963.5","SEV",1,50
"Topcross","X220963.6","DON",1,14.8
"Topcross","X220963.6","FDK",1,30
"Topcross","X220963.6","INC",1,60
"Topcross","X220963.6","SEV",1,70
"Topcross","X220963.7","DON",1,12.4
"Topcross","X220963.7","FDK",1,15
"Topcross","X220963.7","INC",1,50
"Topcross","X220963.7","SEV",1,60
"Topcross","X220963.8","DON",1,13.6
"Topcross","X220963.8","FDK",1,25
"Topcross","X220963.8","INC",1,60
"Topcross","X220963.8","SEV",1,50
"WSS AYN","Byrd CL Plus","DON",2,24.3
"WSS AYN","Byrd CL Plus","FDK",2,40
"WSS AYN","Byrd CL Plus","INC",2,50
"WSS AYN","Byrd CL Plus","SEV",2,60
"WSS AYN","CO21SF0073W","DON",2,12.75
"WSS AYN","CO21SF0073W","FDK",2,12.5
"WSS AYN","CO21SF0073W","INC",2,25
"WSS AYN","CO21SF0073W","SEV",2,30
"WSS AYN","CO21SF191RA","DON",2,13.1
"WSS AYN","CO21SF191RA","FDK",2,20
"WSS AYN","CO21SF191RA","INC",2,15
"WSS AYN","CO21SF191RA","SEV",2,32
"WSS AYN","CO21SF197R","DON",2,20.15
"WSS AYN","CO21SF197R","FDK",2,35
"WSS AYN","CO21SF197R","INC",2,60
"WSS AYN","CO21SF197R","SEV",2,65
"WSS AYN","CO21SF226R","DON",2,30.5
"WSS AYN","CO21SF226R","FDK",2,40
"WSS AYN","CO21SF226R","INC",2,65
"WSS AYN","CO21SF226R","SEV",2,80
"WSS AYN","CO21SF240R","DON",2,11.25
"WSS AYN","CO21SF240R","FDK",2,15
"WSS AYN","CO21SF240R","INC",2,10
"WSS AYN","CO21SF240R","SEV",2,17.5
"WSS AYN","CO21SF263RA","DON",2,10.7
"WSS AYN","CO21SF263RA","FDK",2,12.5
"WSS AYN","CO21SF263RA","INC",2,10
"WSS AYN","CO21SF263RA","SEV",2,10.5
"WSS AYN","CO21SF496R","DON",2,22.05
"WSS AYN","CO21SF496R","FDK",2,37.5
"WSS AYN","CO21SF496R","INC",2,70
"WSS AYN","CO21SF496R","SEV",2,65
"WSS AYN","CO21SFD0950R","DON",2,36.65
"WSS AYN","CO21SFD0950R","FDK",2,52.5
"WSS AYN","CO21SFD0950R","INC",2,85
"WSS AYN","CO21SFD0950R","SEV",2,90
"WSS AYN","CO22SF003R","DON",2,33.7
"WSS AYN","CO22SF003R","FDK",2,55
"WSS AYN","CO22SF003R","INC",2,90
"WSS AYN","CO22SF003R","SEV",2,90
"WSS AYN","CO22SF008WC","DON",2,17.95
"WSS AYN","CO22SF008WC","FDK",2,22.5
"WSS AYN","CO22SF008WC","INC",2,20
"WSS AYN","CO22SF008WC","SEV",2,42
"WSS AYN","CO22SF019R","DON",2,13.45
"WSS AYN","CO22SF019R","FDK",2,22.5
"WSS AYN","CO22SF019R","INC",2,60
"WSS AYN","CO22SF019R","SEV",2,55
"WSS AYN","CO22SF039M","DON",2,13.15
"WSS AYN","CO22SF039M","FDK",2,15
"WSS AYN","CO22SF039M","INC",2,25
"WSS AYN","CO22SF039M","SEV",2,45
"WSS AYN","CO22SF047RA","DON",2,22.25
"WSS AYN","CO22SF047RA","FDK",2,45
"WSS AYN","CO22SF047RA","INC",2,75
"WSS AYN","CO22SF047RA","SEV",2,70
"WSS AYN","CO22SF085R","DON",2,16.75
"WSS AYN","CO22SF085R","FDK",2,30
"WSS AYN","CO22SF085R","INC",2,50
"WSS AYN","CO22SF085R","SEV",2,60
"WSS AYN","CO22SFD101R","DON",2,32.65
"WSS AYN","CO22SFD101R","FDK",2,62.5
"WSS AYN","CO22SFD101R","INC",2,60
"WSS AYN","CO22SFD101R","SEV",2,60
"WSS AYN","CO22SFD105M","DON",2,25.05
"WSS AYN","CO22SFD105M","FDK",2,35
"WSS AYN","CO22SFD105M","INC",2,45
"WSS AYN","CO22SFD105M","SEV",2,75
"WSS AYN","CO22SFD168W","DON",2,19.25
"WSS AYN","CO22SFD168W","FDK",2,20
"WSS AYN","CO22SFD168W","INC",2,15
"WSS AYN","CO22SFD168W","SEV",2,27
"WSS AYN","CO22SFD177W","DON",2,16.5
"WSS AYN","CO22SFD177W","FDK",2,20
"WSS AYN","CO22SFD177W","INC",2,60
"WSS AYN","CO22SFD177W","SEV",2,55
"WSS AYN","CO23SF008R","DON",2,14.15
"WSS AYN","CO23SF008R","FDK",2,20
"WSS AYN","CO23SF008R","INC",2,50
"WSS AYN","CO23SF008R","SEV",2,65
"WSS AYN","CO23SF009WA","DON",2,17.85
"WSS AYN","CO23SF009WA","FDK",2,32.5
"WSS AYN","CO23SF009WA","INC",2,60
"WSS AYN","CO23SF009WA","SEV",2,65
"WSS AYN","CO23SF010WA","DON",2,5.65
"WSS AYN","CO23SF010WA","FDK",2,5
"WSS AYN","CO23SF010WA","INC",2,50
"WSS AYN","CO23SF010WA","SEV",2,50
"WSS AYN","CO23SF012R","DON",2,11.8
"WSS AYN","CO23SF012R","FDK",2,12.5
"WSS AYN","CO23SF012R","INC",2,5
"WSS AYN","CO23SF012R","SEV",2,7
"WSS AYN","CO23SF012WA","DON",2,7.25
"WSS AYN","CO23SF012WA","FDK",2,10
"WSS AYN","CO23SF012WA","INC",2,55
"WSS AYN","CO23SF012WA","SEV",2,75
"WSS AYN","CO23SF017WA","DON",2,15.05
"WSS AYN","CO23SF017WA","FDK",2,27.5
"WSS AYN","CO23SF017WA","INC",2,60
"WSS AYN","CO23SF017WA","SEV",2,45
"WSS AYN","CO23SF018R","DON",2,15.95
"WSS AYN","CO23SF018R","FDK",2,27.5
"WSS AYN","CO23SF018R","INC",2,35
"WSS AYN","CO23SF018R","SEV",2,80
"WSS AYN","CO23SF040RA","DON",2,12.5
"WSS AYN","CO23SF040RA","FDK",2,20
"WSS AYN","CO23SF040RA","INC",2,80
"WSS AYN","CO23SF040RA","SEV",2,60
"WSS AYN","CO23SF042R","DON",2,12.75
"WSS AYN","CO23SF042R","FDK",2,15
"WSS AYN","CO23SF042R","INC",2,10
"WSS AYN","CO23SF042R","SEV",2,18.5
"WSS AYN","CO23SF049W","DON",2,17.05
"WSS AYN","CO23SF049W","FDK",2,22.5
"WSS AYN","CO23SF049W","INC",2,25
"WSS AYN","CO23SF049W","SEV",2,40.5
"WSS AYN","CO23SF052R","DON",2,17.6
"WSS AYN","CO23SF052R","FDK",2,22.5
"WSS AYN","CO23SF052R","INC",2,40
"WSS AYN","CO23SF052R","SEV",2,65
"WSS AYN","CO23SF058R","DON",2,19.55
"WSS AYN","CO23SF058R","FDK",2,30
"WSS AYN","CO23SF058R","INC",2,50
"WSS AYN","CO23SF058R","SEV",2,75
"WSS AYN","CO23SF060RA","DON",2,29.4
"WSS AYN","CO23SF060RA","FDK",2,47.5
"WSS AYN","CO23SF060RA","INC",2,40
"WSS AYN","CO23SF060RA","SEV",2,75
"WSS AYN","CO23SF061W","DON",2,27.75
"WSS AYN","CO23SF061W","FDK",2,35
"WSS AYN","CO23SF061W","INC",2,35
"WSS AYN","CO23SF061W","SEV",2,35
"WSS AYN","CO23SF080R","DON",2,17.75
"WSS AYN","CO23SF080R","FDK",2,27.5
"WSS AYN","CO23SF080R","INC",2,60
"WSS AYN","CO23SF080R","SEV",2,50
"WSS AYN","CO23SF082R","DON",2,9.05
"WSS AYN","CO23SF082R","FDK",2,12.5
"WSS AYN","CO23SF082R","INC",2,40
"WSS AYN","CO23SF082R","SEV",2,25.5
"WSS AYN","CO23SF083R","DON",2,12.25
"WSS AYN","CO23SF083R","FDK",2,20
"WSS AYN","CO23SF083R","INC",2,60
"WSS AYN","CO23SF083R","SEV",2,50
"WSS AYN","CO23SF084R","DON",2,31.7
"WSS AYN","CO23SF084R","FDK",2,45
"WSS AYN","CO23SF084R","INC",2,25
"WSS AYN","CO23SF084R","SEV",2,30
"WSS AYN","CO23SF085R","DON",2,12.75
"WSS AYN","CO23SF085R","FDK",2,17.5
"WSS AYN","CO23SF085R","INC",2,40
"WSS AYN","CO23SF085R","SEV",2,35.5
"WSS AYN","CO23SF092R","DON",2,19.3
"WSS AYN","CO23SF092R","FDK",2,30
"WSS AYN","CO23SF092R","INC",2,80
"WSS AYN","CO23SF092R","SEV",2,70
"WSS AYN","CO23SF105R","DON",2,10.85
"WSS AYN","CO23SF105R","FDK",2,17.5
"WSS AYN","CO23SF105R","INC",2,35
"WSS AYN","CO23SF105R","SEV",2,55
"WSS AYN","CO23SF120R","DON",2,35.85
"WSS AYN","CO23SF120R","FDK",2,45
"WSS AYN","CO23SF120R","INC",2,10
"WSS AYN","CO23SF120R","SEV",2,10.5
"WSS AYN","CO23SF125R","DON",2,45.6
"WSS AYN","CO23SF125R","FDK",2,52.5
"WSS AYN","CO23SF125R","INC",2,0
"WSS AYN","CO23SF125R","SEV",2,0
"WSS AYN","CO23SF149R","DON",2,25
"WSS AYN","CO23SF149R","FDK",2,35
"WSS AYN","CO23SF149R","INC",2,40
"WSS AYN","CO23SF149R","SEV",2,45
"WSS AYN","CO23SF150R","DON",2,28.5
"WSS AYN","CO23SF150R","FDK",2,32.5
"WSS AYN","CO23SF150R","INC",2,5
"WSS AYN","CO23SF150R","SEV",2,3.5
"WSS AYN","CO23SF154R","DON",2,21.45
"WSS AYN","CO23SF154R","FDK",2,32.5
"WSS AYN","CO23SF154R","INC",2,15
"WSS AYN","CO23SF154R","SEV",2,20
"WSS AYN","CO23SF161W","DON",2,16.15
"WSS AYN","CO23SF161W","FDK",2,17.5
"WSS AYN","CO23SF161W","INC",2,50
"WSS AYN","CO23SF161W","SEV",2,60
"WSS AYN","CO23SF165R","DON",2,15.95
"WSS AYN","CO23SF165R","FDK",2,22.5
"WSS AYN","CO23SF165R","INC",2,15
"WSS AYN","CO23SF165R","SEV",2,14
"WSS AYN","CO23SF215R","DON",2,11.4
"WSS AYN","CO23SF215R","FDK",2,17.5
"WSS AYN","CO23SF215R","INC",2,50
"WSS AYN","CO23SF215R","SEV",2,50
"WSS AYN","CO23SF218R","DON",2,11.5
"WSS AYN","CO23SF218R","FDK",2,22.5
"WSS AYN","CO23SF218R","INC",2,45
"WSS AYN","CO23SF218R","SEV",2,55
"WSS AYN","CO23SF225R","DON",2,15
"WSS AYN","CO23SF225R","FDK",2,20
"WSS AYN","CO23SF225R","INC",2,10
"WSS AYN","CO23SF225R","SEV",2,47
"WSS AYN","CO23SF236R","DON",2,12.15
"WSS AYN","CO23SF236R","FDK",2,15
"WSS AYN","CO23SF236R","INC",2,10
"WSS AYN","CO23SF236R","SEV",2,10.5
"WSS AYN","CO23SF237R","DON",2,15.55
"WSS AYN","CO23SF237R","FDK",2,27.5
"WSS AYN","CO23SF237R","INC",2,85
"WSS AYN","CO23SF237R","SEV",2,70
"WSS AYN","CO23SF244R","DON",2,11.35
"WSS AYN","CO23SF244R","FDK",2,22.5
"WSS AYN","CO23SF244R","INC",2,40
"WSS AYN","CO23SF244R","SEV",2,30
"WSS AYN","CO23SF245R","DON",2,23.1
"WSS AYN","CO23SF245R","FDK",2,37.5
"WSS AYN","CO23SF245R","INC",2,30
"WSS AYN","CO23SF245R","SEV",2,25
"WSS AYN","CO23SF257R","DON",2,24.25
"WSS AYN","CO23SF257R","FDK",2,27.5
"WSS AYN","CO23SF257R","INC",2,10
"WSS AYN","CO23SF257R","SEV",2,7
"WSS AYN","CO23SF260R","DON",2,17.7
"WSS AYN","CO23SF260R","FDK",2,30
"WSS AYN","CO23SF260R","INC",2,30
"WSS AYN","CO23SF260R","SEV",2,45
"WSS AYN","CO23SF268R","DON",2,17.15
"WSS AYN","CO23SF268R","FDK",2,17.5
"WSS AYN","CO23SF268R","INC",2,30
"WSS AYN","CO23SF268R","SEV",2,21
"WSS AYN","CO23SF269W","DON",2,21.55
"WSS AYN","CO23SF269W","FDK",2,25
"WSS AYN","CO23SF269W","INC",2,10
"WSS AYN","CO23SF269W","SEV",2,40
"WSS AYN","CO23SF270R","DON",2,21
"WSS AYN","CO23SF270R","FDK",2,30
"WSS AYN","CO23SF270R","INC",2,30
"WSS AYN","CO23SF270R","SEV",2,50
"WSS AYN","CO23SF271W","DON",2,23.25
"WSS AYN","CO23SF271W","FDK",2,30
"WSS AYN","CO23SF271W","INC",2,10
"WSS AYN","CO23SF271W","SEV",2,30
"WSS AYN","CO23SF277R","DON",2,17.25
"WSS AYN","CO23SF277R","FDK",2,17.5
"WSS AYN","CO23SF277R","INC",2,35
"WSS AYN","CO23SF277R","SEV",2,40
"WSS AYN","CO23SF283R","DON",2,14.7
"WSS AYN","CO23SF283R","FDK",2,17.5
"WSS AYN","CO23SF283R","INC",2,30
"WSS AYN","CO23SF283R","SEV",2,30.5
"WSS AYN","CO23SFD004RA","DON",2,31.65
"WSS AYN","CO23SFD004RA","FDK",2,52.5
"WSS AYN","CO23SFD004RA","INC",2,65
"WSS AYN","CO23SFD004RA","SEV",2,75
"WSS AYN","CO23SFD008R","DON",2,8
"WSS AYN","CO23SFD008R","FDK",2,12.5
"WSS AYN","CO23SFD008R","INC",2,40
"WSS AYN","CO23SFD008R","SEV",2,45
"WSS AYN","CO23SFD011RA","DON",2,24
"WSS AYN","CO23SFD011RA","FDK",2,40
"WSS AYN","CO23SFD011RA","INC",2,60
"WSS AYN","CO23SFD011RA","SEV",2,55
"WSS AYN","CO23SFD032WA","DON",2,34.35
"WSS AYN","CO23SFD032WA","FDK",2,37.5
"WSS AYN","CO23SFD032WA","INC",2,60
"WSS AYN","CO23SFD032WA","SEV",2,80
"WSS AYN","CO23SFD034RC","DON",2,16.1
"WSS AYN","CO23SFD034RC","FDK",2,27.5
"WSS AYN","CO23SFD034RC","INC",2,75
"WSS AYN","CO23SFD034RC","SEV",2,50
"WSS AYN","CO23SFD035RA","DON",2,42.7
"WSS AYN","CO23SFD035RA","FDK",2,47.5
"WSS AYN","CO23SFD035RA","INC",2,45
"WSS AYN","CO23SFD035RA","SEV",2,43.5
"WSS AYN","CO23SFD035RC","DON",2,20.2
"WSS AYN","CO23SFD035RC","FDK",2,32.5
"WSS AYN","CO23SFD035RC","INC",2,75
"WSS AYN","CO23SFD035RC","SEV",2,45
"WSS AYN","CO23SFD037W","DON",2,17.75
"WSS AYN","CO23SFD037W","FDK",2,22.5
"WSS AYN","CO23SFD037W","INC",2,60
"WSS AYN","CO23SFD037W","SEV",2,50
"WSS AYN","CO23SFD038W","DON",2,22.4
"WSS AYN","CO23SFD038W","FDK",2,22.5
"WSS AYN","CO23SFD038W","INC",2,40
"WSS AYN","CO23SFD038W","SEV",2,45
"WSS AYN","CO23SFD039W","DON",2,13.3
"WSS AYN","CO23SFD039W","FDK",2,17.5
"WSS AYN","CO23SFD039W","INC",2,65
"WSS AYN","CO23SFD039W","SEV",2,70
"WSS AYN","CO23SFD039WA","DON",2,28.8
"WSS AYN","CO23SFD039WA","FDK",2,42.5
"WSS AYN","CO23SFD039WA","INC",2,40
"WSS AYN","CO23SFD039WA","SEV",2,85
"WSS AYN","CO23SFD041W","DON",2,9.05
"WSS AYN","CO23SFD041W","FDK",2,10
"WSS AYN","CO23SFD041W","INC",2,85
"WSS AYN","CO23SFD041W","SEV",2,50
"WSS AYN","CO23SFD042R","DON",2,7.95
"WSS AYN","CO23SFD042R","FDK",2,12.5
"WSS AYN","CO23SFD042R","INC",2,75
"WSS AYN","CO23SFD042R","SEV",2,60
"WSS AYN","CO23SFD045W","DON",2,16.25
"WSS AYN","CO23SFD045W","FDK",2,25
"WSS AYN","CO23SFD045W","INC",2,60
"WSS AYN","CO23SFD045W","SEV",2,60
"WSS AYN","CO23SFD047W","DON",2,21.65
"WSS AYN","CO23SFD047W","FDK",2,37.5
"WSS AYN","CO23SFD047W","INC",2,55
"WSS AYN","CO23SFD047W","SEV",2,65
"WSS AYN","CO23SFD049R","DON",2,8.95
"WSS AYN","CO23SFD049R","FDK",2,17.5
"WSS AYN","CO23SFD049R","INC",2,5
"WSS AYN","CO23SFD049R","SEV",2,10.5
"WSS AYN","CO23SFD050R","DON",2,18.65
"WSS AYN","CO23SFD050R","FDK",2,27.5
"WSS AYN","CO23SFD050R","INC",2,45
"WSS AYN","CO23SFD050R","SEV",2,80
"WSS AYN","CO23SFD051WA","DON",2,32.5
"WSS AYN","CO23SFD051WA","FDK",2,27.5
"WSS AYN","CO23SFD051WA","INC",2,35
"WSS AYN","CO23SFD051WA","SEV",2,37
"WSS AYN","CO23SFD057M","DON",2,23.4
"WSS AYN","CO23SFD057M","FDK",2,35
"WSS AYN","CO23SFD057M","INC",2,75
"WSS AYN","CO23SFD057M","SEV",2,85
"WSS AYN","CO23SFD066R","DON",2,30.55
"WSS AYN","CO23SFD066R","FDK",2,62.5
"WSS AYN","CO23SFD066R","INC",2,80
"WSS AYN","CO23SFD066R","SEV",2,60
"WSS AYN","CO23SFD085R","DON",2,13.8
"WSS AYN","CO23SFD085R","FDK",2,25
"WSS AYN","CO23SFD085R","INC",2,40
"WSS AYN","CO23SFD085R","SEV",2,50
"WSS AYN","CO23SFD088R","DON",2,30.25
"WSS AYN","CO23SFD088R","FDK",2,40
"WSS AYN","CO23SFD088R","INC",2,65
"WSS AYN","CO23SFD088R","SEV",2,35
"WSS AYN","CO23SFD102R","DON",2,28.55
"WSS AYN","CO23SFD102R","FDK",2,37.5
"WSS AYN","CO23SFD102R","INC",2,65
"WSS AYN","CO23SFD102R","SEV",2,55
"WSS AYN","CO23SFD122W","DON",2,24
"WSS AYN","CO23SFD122W","FDK",2,27.5
"WSS AYN","CO23SFD122W","INC",2,20
"WSS AYN","CO23SFD122W","SEV",2,40.5
"WSS AYN","CO23SFD130R","DON",2,27.15
"WSS AYN","CO23SFD130R","FDK",2,35
"WSS AYN","CO23SFD130R","INC",2,85
"WSS AYN","CO23SFD130R","SEV",2,80
"WSS AYN","CO23SFD131R","DON",2,33.8
"WSS AYN","CO23SFD131R","FDK",2,37.5
"WSS AYN","CO23SFD131R","INC",2,95
"WSS AYN","CO23SFD131R","SEV",2,80
"WSS AYN","CO23SFD188R","DON",2,12.45
"WSS AYN","CO23SFD188R","FDK",2,15
"WSS AYN","CO23SFD188R","INC",2,80
"WSS AYN","CO23SFD188R","SEV",2,50
"WSS AYN","Fortify SF","DON",2,10.65
"WSS AYN","Fortify SF","FDK",2,20
"WSS AYN","Fortify SF","INC",2,60
"WSS AYN","Fortify SF","SEV",2,35.5
"WSS AYN","Fortress","DON",2,21.55
"WSS AYN","Fortress","FDK",2,32.5
"WSS AYN","Fortress","INC",2,80
"WSS AYN","Fortress","SEV",2,70
