"FullSampleName","BLUE","GEBV","TRAIT"
"AmplifySF",83.6753133144016,53.0081628752775,"INC"
"Avery",83.6753133143988,47.3152150622051,"INC"
"Byrd",58.6753133143989,46.2258668529986,"INC"
"ByrdCLPlus",48.4238903922216,45.7846836644801,"INC"
"CO18042RA",53.6753133143993,49.9627450502505,"INC"
"CO19410R",88.6753133143995,46.311682369232,"INC"
"CO19D087R",28.6753133143996,46.5331289538842,"INC"
"CO200037R",68.6753133143998,44.1142647057431,"INC"
"CO200082R",73.675313314399,42.1899062960305,"INC"
"CO20022RC",53.6753133143986,44.278950627601,"INC"
"CO200247W",43.6753133143992,44.0076888131659,"INC"
"CO20D036R",93.6753133143991,46.1021897775154,"INC"
"CO20D068W",78.6753133143991,48.7640876451482,"INC"
"CO20D079R",88.6753133143987,46.3666213229475,"INC"
"CO20D097R",73.6753133143987,42.8959696803115,"INC"
"CO20D108R",18.6753133143993,47.8339210583352,"INC"
"CO20SFD019R",88.675313314399,50.5786029665457,"INC"
"CO20SFD020R",68.6753133143989,51.8130054193566,"INC"
"CO210077R",58.6753133143994,46.0096246014447,"INC"
"CO210198R",88.6753133143991,47.2353181841581,"INC"
"CO210240W",83.675313314399,45.3182915408465,"INC"
"CO210418R",48.6753133143989,41.3555511425799,"INC"
"CO210771R",78.6753133143993,44.9699303787185,"INC"
"CO21D1790R",78.6753133143995,44.3632177352932,"INC"
"CO21SF0073W",23.4238903922246,46.8214369617074,"INC"
"CO21SF191RA",13.4238903922258,52.5785174159724,"INC"
"CO21SF197R",58.4238903922257,46.5918483126535,"INC"
"CO21SF226R",63.4238903922251,45.7985749145314,"INC"
"CO21SF240R",8.42389039222433,43.5174857269474,"INC"
"CO21SF263RA",8.42389039222412,50.7804388938967,"INC"
"CO21SF496R",68.4238903922255,50.8499171358428,"INC"
"CO21SFD0950R",83.4238903922252,50.7329681718855,"INC"
"CO220002W",78.6753133143989,46.9569145615842,"INC"
"CO220025W",43.6753133143992,49.4434253745333,"INC"
"CO220052R",38.6753133143985,43.0124267575359,"INC"
"CO220054R",73.675313314399,46.8158202851041,"INC"
"CO220087R",73.6753133143986,43.7273251823851,"INC"
"CO220133R",38.6753133143986,44.1016431531107,"INC"
"CO220151R",78.6753133143989,55.3730760957046,"INC"
"CO220156R",98.6753133143988,48.2642916091686,"INC"
"CO220188R",73.6753133143989,51.3983544730109,"INC"
"CO220211R",58.6753133143992,47.0577245658237,"INC"
"CO220215R",83.675313314399,47.4747248077494,"INC"
"CO220241R",63.6753133143993,42.2671352366716,"INC"
"CO220251R",78.6753133143989,44.0597379071622,"INC"
"CO220285R",73.675313314399,49.2557462515545,"INC"
"CO220296R",63.6753133143988,48.4501637931585,"INC"
"CO220362R",58.6753133143984,47.1165400728665,"INC"
"CO220406R",63.675313314399,49.2488387406921,"INC"
"CO220467R",68.6753133143987,42.9058233177275,"INC"
"CO220469R",38.6753133143991,42.859215402338,"INC"
"CO220479R",48.6753133143989,45.104322547501,"INC"
"CO220502R",48.675313314399,42.5626520765359,"INC"
"CO220506R",58.6753133143989,43.8168711348814,"INC"
"CO220512R",93.6753133143987,51.2087770011333,"INC"
"CO220570R",48.6753133143985,48.4823962945487,"INC"
"CO220610R",78.6753133143988,45.2569579975039,"INC"
"CO220622R",93.675313314399,45.6541021745754,"INC"
"CO220683R",63.6753133143993,41.9546438642208,"INC"
"CO220720R",38.675313314399,49.3778686875949,"INC"
"CO220786R",63.6753133143987,45.533106345335,"INC"
"CO220794R",78.6753133143987,47.402646870567,"INC"
"CO220796R",78.6753133143986,48.5863260986009,"INC"
"CO220802R",88.6753133143986,43.239210207835,"INC"
"CO220865R",68.6753133143988,42.2052253394397,"INC"
"CO220869R",63.6753133143987,48.0524274737968,"INC"
"CO220881R",83.6753133143988,49.9144838705774,"INC"
"CO220884R",73.6753133143987,49.0802308107173,"INC"
"CO22D002R",83.6753133143987,45.958130646757,"INC"
"CO22D027R",83.6753133143989,44.3375789381844,"INC"
"CO22D037R",58.675313314399,53.2907622520259,"INC"
"CO22D103W",58.6753133143995,47.718454033799,"INC"
"CO22D157R",68.6753133143991,40.4399645992137,"INC"
"CO22D324R",73.675313314399,46.0429990787382,"INC"
"CO22SF003R",88.4238903922248,58.3622339130888,"INC"
"CO22SF008WC",18.423890392226,51.6307844714621,"INC"
"CO22SF019R",58.4238903922251,48.1491129779981,"INC"
"CO22SF039M",23.4238903922256,47.8590410169708,"INC"
"CO22SF047RA",73.4238903922243,52.0770013677727,"INC"
"CO22SF085R",48.4238903922257,46.0004447544941,"INC"
"CO22SFD101R",58.4238903922261,52.2719594367835,"INC"
"CO22SFD105M",43.4238903922246,48.9739662028195,"INC"
"CO22SFD168W",13.423890392226,46.0561915605184,"INC"
"CO22SFD177W",58.4238903922259,47.1473549206666,"INC"
"CO23D004R",83.6753133143987,48.1668394985028,"INC"
"CO23D013R",68.675313314399,46.2453146315918,"INC"
"CO23D017R",48.6753133143988,50.8484791121631,"INC"
"CO23D020R",68.6753133143988,47.7557332902116,"INC"
"CO23D025R",68.6753133143989,45.1274718142589,"INC"
"CO23D032R",88.675313314399,47.3550272028219,"INC"
"CO23D042R",73.6753133143989,40.3969749126445,"INC"
"CO23D047R",68.6753133143989,44.1543978247528,"INC"
"CO23D049R",58.675313314399,41.1691598712777,"INC"
"CO23D059R",73.675313314399,49.5342566451639,"INC"
"CO23D060W",73.6753133143988,48.2960179154759,"INC"
"CO23D061R",93.675313314399,49.4728960531002,"INC"
"CO23D070R",88.6753133143989,43.7505141886044,"INC"
"CO23D078R",78.6753133143987,43.3427788711058,"INC"
"CO23D090R",78.6753133143988,43.7938444361568,"INC"
"CO23D103R",83.6753133143988,42.2661074742233,"INC"
"CO23D118W",83.6753133143987,45.7137620692027,"INC"
"CO23D123R",78.6753133143991,51.7747170471037,"INC"
"CO23D182R",58.6753133143986,39.4699193604393,"INC"
"CO23D184R",63.6753133143998,44.9760804884718,"INC"
"CO23D190R",78.6753133143991,44.3169011774551,"INC"
"CO23D194R",78.6753133143988,43.0229850792187,"INC"
"CO23D218R",68.6753133143985,48.7155247666195,"INC"
"CO23D240R",83.6753133143994,53.9369976706342,"INC"
"CO23D242W",38.6753133143985,49.7499511520417,"INC"
"CO23D243R",28.6753133143988,45.8986390545372,"INC"
"CO23D246W",58.6753133143987,49.5062573983124,"INC"
"CO23D247W",78.6753133143987,48.7623865070285,"INC"
"CO23SF008R",48.4238903922254,49.0350665186811,"INC"
"CO23SF009WA",58.4238903922254,52.6666063587427,"INC"
"CO23SF010WA",48.4238903922258,50.6875820519876,"INC"
"CO23SF012R",3.42389039222522,44.9108462095993,"INC"
"CO23SF012WA",53.4238903922258,46.3033506868488,"INC"
"CO23SF017WA",58.4238903922256,46.7521834815066,"INC"
"CO23SF018R",33.4238903922255,47.1881641353672,"INC"
"CO23SF040RA",78.4238903922254,48.1348376421623,"INC"
"CO23SF042R",8.42389039222506,54.3058253602768,"INC"
"CO23SF049W",23.4238903922253,50.3927273602772,"INC"
"CO23SF052R",38.4238903922253,50.5136994450486,"INC"
"CO23SF058R",48.4238903922254,51.5707873269677,"INC"
"CO23SF060RA",38.4238903922254,49.800265687927,"INC"
"CO23SF061W",33.4238903922254,46.1378215617477,"INC"
"CO23SF080R",58.4238903922252,45.9263176737163,"INC"
"CO23SF082R",38.4238903922251,40.5150580710246,"INC"
"CO23SF083R",58.4238903922254,46.5644350284406,"INC"
"CO23SF084R",23.4238903922253,47.848952475499,"INC"
"CO23SF085R",38.4238903922251,44.4018405079825,"INC"
"CO23SF092R",78.4238903922256,41.4723851266815,"INC"
"CO23SF105R",33.4238903922256,49.4840800325815,"INC"
"CO23SF120R",8.42389039222533,44.1237472811993,"INC"
"CO23SF125R",-1.57610960777455,51.3968804490012,"INC"
"CO23SF149R",38.4238903922255,49.7174957885787,"INC"
"CO23SF150R",3.42389039222488,52.0932946455474,"INC"
"CO23SF154R",13.4238903922254,51.5532760329503,"INC"
"CO23SF161W",48.4238903922253,49.8109784115642,"INC"
"CO23SF165R",13.4238903922254,49.6276269008463,"INC"
"CO23SF215R",48.4238903922251,46.248583756804,"INC"
"CO23SF218R",43.4238903922254,43.4150608825806,"INC"
"CO23SF225R",8.4238903922254,42.1325987777512,"INC"
"CO23SF236R",8.42389039222547,41.5263877665442,"INC"
"CO23SF237R",83.4238903922256,53.0627157760252,"INC"
"CO23SF244R",38.4238903922251,43.7373807279456,"INC"
"CO23SF245R",28.4238903922253,49.5341921138958,"INC"
"CO23SF257R",8.42389039222511,38.7275287110233,"INC"
"CO23SF260R",28.4238903922254,48.3494856528726,"INC"
"CO23SF268R",28.4238903922258,44.3678457082526,"INC"
"CO23SF269W",8.42389039222581,44.1609660652868,"INC"
"CO23SF270R",28.4238903922256,47.9992839775143,"INC"
"CO23SF271W",8.42389039222547,51.0349816006808,"INC"
"CO23SF277R",33.4238903922251,48.1563684509043,"INC"
"CO23SF283R",28.4238903922253,45.318230237925,"INC"
"CO23SFD004RA",63.4238903922261,49.931948818592,"INC"
"CO23SFD008R",38.4238903922256,46.0274308635233,"INC"
"CO23SFD011RA",58.423890392226,51.8475819545603,"INC"
"CO23SFD032WA",58.4238903922254,46.5672589336396,"INC"
"CO23SFD034RC",73.423890392225,52.553282924592,"INC"
"CO23SFD035RA",43.4238903922254,53.3466811054889,"INC"
"CO23SFD035RC",73.4238903922249,52.5362547085266,"INC"
"CO23SFD037W",58.4238903922249,52.0775110266637,"INC"
"CO23SFD038W",38.4238903922252,47.9279014415496,"INC"
"CO23SFD039W",63.4238903922252,47.7483181365431,"INC"
"CO23SFD039WA",38.4238903922256,46.6674187375337,"INC"
"CO23SFD041W",83.4238903922251,44.4959655481378,"INC"
"CO23SFD042R",73.4238903922255,48.5316453777425,"INC"
"CO23SFD045W",58.4238903922253,46.2878966625222,"INC"
"CO23SFD047W",53.4238903922256,43.8343704265518,"INC"
"CO23SFD049R",3.42389039222506,46.0812771097905,"INC"
"CO23SFD050R",43.4238903922254,46.0764346797459,"INC"
"CO23SFD051WA",33.4238903922255,51.295381814049,"INC"
"CO23SFD057M",73.4238903922251,52.1783563050077,"INC"
"CO23SFD066R",78.4238903922252,48.2953649164003,"INC"
"CO23SFD085R",38.423890392225,51.2132644597533,"INC"
"CO23SFD088R",63.4238903922252,47.7524537563303,"INC"
"CO23SFD102R",63.4238903922248,44.4486430434058,"INC"
"CO23SFD122W",18.4238903922249,49.0708882061357,"INC"
"CO23SFD130R",83.4238903922248,45.4229130228501,"INC"
"CO23SFD131R",93.4238903922249,46.8523832551478,"INC"
"CO23SFD188R",78.4238903922248,57.0635407311359,"INC"
"Canvas",43.6753133143995,43.6997275788468,"INC"
"CrescentAX",78.6753133143993,47.5581048673691,"INC"
"FortifySF",58.423890392224,47.2543328108429,"INC"
"Fortress",78.4238903922239,51.3981466879923,"INC"
"Langin",43.6753133143986,47.2991268611056,"INC"
"Sheridan",48.6753133143988,44.864311246581,"INC"
"Snowmass2.0",78.6753133143988,49.8466058361354,"INC"
"Telluride",63.6753133143986,44.8851373544063,"INC"
"WindomSF",33.6753133143989,48.7440822302021,"INC"
"AmplifySF",89.999999999996,31.214011246004,"SEV"
"Avery",70.0000000000008,29.1946409482489,"SEV"
"Byrd",44.9999999999997,29.1314539364772,"SEV"
"ByrdCLPlus",59.9999999999897,30.0075808740646,"SEV"
"CO18042RA",20.9999999999985,29.4742700874115,"SEV"
"CO19410R",69.9999999999982,30.9457927356341,"SEV"
"CO19D087R",34.9999999999993,28.704413146275,"SEV"
"CO200037R",59.9999999999994,30.005576576895,"SEV"
"CO200082R",59.9999999999997,30.4331091463858,"SEV"
"CO20022RC",49.999999999998,30.725454681227,"SEV"
"CO200247W",54.9999999999991,30.0472605307623,"SEV"
"CO20D036R",74.9999999999979,29.9541738414883,"SEV"
"CO20D068W",74.9999999999992,31.0490142460172,"SEV"
"CO20D079R",69.9999999999987,29.9139199260152,"SEV"
"CO20D097R",64.9999999999995,29.3864141705171,"SEV"
"CO20D108R",30.4999999999993,30.31791539429,"SEV"
"CO20SFD019R",54.9999999999986,30.3634000288711,"SEV"
"CO20SFD020R",30.4999999999998,30.3287198181183,"SEV"
"CO210077R",40.0000000000001,29.5268209775089,"SEV"
"CO210198R",44.9999999999998,29.7081322808359,"SEV"
"CO210240W",49.9999999999996,30.4571941588164,"SEV"
"CO210418R",29.9999999999998,28.5593933032777,"SEV"
"CO210771R",54.9999999999991,29.1709020913399,"SEV"
"CO21D1790R",79.9999999999975,29.3305979993172,"SEV"
"CO21SF0073W",30.0000000000019,28.6064349606246,"SEV"
"CO21SF191RA",32.000000000001,29.8780471289195,"SEV"
"CO21SF197R",65.0000000000007,29.5738453971213,"SEV"
"CO21SF226R",79.9999999999988,29.2413394511934,"SEV"
"CO21SF240R",17.500000000001,28.5422588224207,"SEV"
"CO21SF263RA",10.5,29.8333972589115,"SEV"
"CO21SF496R",64.9999999999998,30.7239099647263,"SEV"
"CO21SFD0950R",90.0000000000007,31.5499596166348,"SEV"
"CO220002W",49.9999999999992,29.696761800667,"SEV"
"CO220025W",59.999999999997,30.0482282577481,"SEV"
"CO220052R",25.4999999999981,29.0064618091165,"SEV"
"CO220054R",59.999999999998,29.5022612166579,"SEV"
"CO220087R",54.9999999999979,29.251500146919,"SEV"
"CO220133R",44.9999999999992,29.5557268786753,"SEV"
"CO220151R",74.9999999999992,30.1937071625616,"SEV"
"CO220156R",79.9999999999977,30.3443641719252,"SEV"
"CO220188R",44.9999999999975,29.2747044102353,"SEV"
"CO220211R",25.499999999997,30.1883770062885,"SEV"
"CO220215R",55.0000000000006,30.0482108316434,"SEV"
"CO220241R",54.9999999999996,29.5091644984239,"SEV"
"CO220251R",54.9999999999971,29.4319279788298,"SEV"
"CO220285R",49.9999999999977,29.782329783208,"SEV"
"CO220296R",34.9999999999988,29.5708198283685,"SEV"
"CO220362R",39.9999999999995,30.070118238613,"SEV"
"CO220406R",49.9999999999988,30.1000693026262,"SEV"
"CO220467R",69.9999999999985,29.6938110597481,"SEV"
"CO220469R",69.9999999999994,29.7866223514391,"SEV"
"CO220479R",59.9999999999972,30.0613042578642,"SEV"
"CO220502R",54.9999999999992,29.7215504174027,"SEV"
"CO220506R",35.4999999999981,30.040656953417,"SEV"
"CO220512R",59.9999999999993,30.8737612550647,"SEV"
"CO220570R",44.9999999999988,30.4720660177344,"SEV"
"CO220610R",69.999999999999,30.3907676368503,"SEV"
"CO220622R",25.4999999999989,29.3404833565349,"SEV"
"CO220683R",31.9999999999997,28.6361221726284,"SEV"
"CO220720R",31.9999999999988,29.999539174106,"SEV"
"CO220786R",59.9999999999981,28.8472584404218,"SEV"
"CO220794R",69.9999999999981,30.1006926480442,"SEV"
"CO220796R",69.9999999999989,30.8610996792703,"SEV"
"CO220802R",49.9999999999977,30.46884333262,"SEV"
"CO220865R",59.9999999999985,29.2458530489966,"SEV"
"CO220869R",49.9999999999979,30.16140654187,"SEV"
"CO220881R",70.0000000000002,29.7214832418389,"SEV"
"CO220884R",80.0000000000002,30.2084982300425,"SEV"
"CO22D002R",69.9999999999978,29.6394228820995,"SEV"
"CO22D027R",64.9999999999997,28.4618471928678,"SEV"
"CO22D037R",30.4999999999993,30.8372892307202,"SEV"
"CO22D103W",44.9999999999974,30.679069159179,"SEV"
"CO22D157R",49.9999999999973,29.0966119138316,"SEV"
"CO22D324R",39.9999999999975,30.0244421926709,"SEV"
"CO22SF003R",90.0000000000006,32.8439840081468,"SEV"
"CO22SF008WC",41.9999999999995,31.2282899914421,"SEV"
"CO22SF019R",55.0000000000003,29.6410396989184,"SEV"
"CO22SF039M",45,28.8821807646711,"SEV"
"CO22SF047RA",69.9999999999997,29.9703545466342,"SEV"
"CO22SF085R",60.0000000000006,29.877895130394,"SEV"
"CO22SFD101R",60.0000000000006,30.85138662129,"SEV"
"CO22SFD105M",75.0000000000006,28.5540434183704,"SEV"
"CO22SFD168W",27.0000000000005,30.494024198283,"SEV"
"CO22SFD177W",55.0000000000003,31.3843560019068,"SEV"
"CO23D004R",79.9999999999987,29.9621104906631,"SEV"
"CO23D013R",44.9999999999984,30.7746029922618,"SEV"
"CO23D017R",59.9999999999977,31.148108176999,"SEV"
"CO23D020R",64.9999999999976,30.9418904511184,"SEV"
"CO23D025R",69.9999999999978,30.7498831840461,"SEV"
"CO23D032R",54.9999999999976,29.5284203279639,"SEV"
"CO23D042R",74.9999999999985,29.2409253835255,"SEV"
"CO23D047R",49.9999999999986,31.0609759805919,"SEV"
"CO23D049R",54.9999999999973,29.5762838650559,"SEV"
"CO23D059R",49.9999999999978,31.7684408017092,"SEV"
"CO23D060W",64.9999999999991,30.5584465676996,"SEV"
"CO23D061R",69.999999999998,31.7787406725382,"SEV"
"CO23D070R",29.9999999999978,29.8837275717835,"SEV"
"CO23D078R",64.9999999999981,29.9836182928509,"SEV"
"CO23D090R",64.9999999999982,30.0692336541876,"SEV"
"CO23D103R",59.9999999999986,30.820206239202,"SEV"
"CO23D118W",79.9999999999976,30.9417443286559,"SEV"
"CO23D123R",39.9999999999977,31.099110196132,"SEV"
"CO23D182R",34.9999999999985,28.8171075107265,"SEV"
"CO23D184R",64.9999999999985,29.618473784594,"SEV"
"CO23D190R",84.9999999999976,29.0919165294377,"SEV"
"CO23D194R",89.9999999999984,28.4231718631649,"SEV"
"CO23D218R",64.9999999999971,30.4582928335019,"SEV"
"CO23D240R",54.9999999999971,31.4241620858721,"SEV"
"CO23D242W",34.9999999999976,30.6867803845876,"SEV"
"CO23D243R",26.999999999997,30.0463120681724,"SEV"
"CO23D246W",49.9999999999974,31.1936865122397,"SEV"
"CO23D247W",59.9999999999975,30.8211686989251,"SEV"
"CO23SF008R",65.0000000000001,30.0870944788463,"SEV"
"CO23SF009WA",65.0000000000001,29.9002597869518,"SEV"
"CO23SF010WA",50.0000000000018,29.7870023305613,"SEV"
"CO23SF012R",7,28.4994215579729,"SEV"
"CO23SF012WA",75.0000000000006,29.093142132218,"SEV"
"CO23SF017WA",44.9999999999999,28.882310188518,"SEV"
"CO23SF018R",80.000000000001,30.2997913491246,"SEV"
"CO23SF040RA",60.0000000000001,28.9312700109135,"SEV"
"CO23SF042R",18.5000000000005,30.563518304801,"SEV"
"CO23SF049W",40.4999999999995,30.66749721838,"SEV"
"CO23SF052R",65.0000000000001,29.3780549281574,"SEV"
"CO23SF058R",75.0000000000001,30.1778436307923,"SEV"
"CO23SF060RA",75.0000000000014,29.4596939626151,"SEV"
"CO23SF061W",35.0000000000006,29.1195198583373,"SEV"
"CO23SF080R",50.0000000000009,29.8399635713681,"SEV"
"CO23SF082R",25.5000000000006,29.618089349256,"SEV"
"CO23SF083R",50.0000000000009,30.1458517714737,"SEV"
"CO23SF084R",29.9999999999997,31.1578258338169,"SEV"
"CO23SF085R",35.4999999999997,29.9222243349905,"SEV"
"CO23SF092R",70.0000000000005,28.8455324613253,"SEV"
"CO23SF105R",55.0000000000009,28.9829336403566,"SEV"
"CO23SF120R",10.5000000000006,28.9226150327927,"SEV"
"CO23SF125R",1.98951966012828e-13,30.1778201207145,"SEV"
"CO23SF149R",45.0000000000007,29.9501974116117,"SEV"
"CO23SF150R",3.50000000000018,29.6415792095117,"SEV"
"CO23SF154R",19.9999999999997,29.1474695812241,"SEV"
"CO23SF161W",60.0000000000009,28.8028298421789,"SEV"
"CO23SF165R",14.0000000000006,29.0566759922242,"SEV"
"CO23SF215R",50.0000000000005,29.4014474629328,"SEV"
"CO23SF218R",55.0000000000009,29.4825747769779,"SEV"
"CO23SF225R",46.9999999999998,28.6781675903289,"SEV"
"CO23SF236R",10.4999999999997,28.4758964292595,"SEV"
"CO23SF237R",70.0000000000009,30.9379508274549,"SEV"
"CO23SF244R",30.0000000000011,30.4006113327631,"SEV"
"CO23SF245R",25.0000000000002,31.6993144074309,"SEV"
"CO23SF257R",7.00000000000018,27.6663878372832,"SEV"
"CO23SF260R",45.0000000000002,28.9876909012335,"SEV"
"CO23SF268R",21,28.8221494104432,"SEV"
"CO23SF269W",40.0000000000002,27.8856668390741,"SEV"
"CO23SF270R",50.0000000000002,28.7826252423944,"SEV"
"CO23SF271W",30.0000000000002,29.4252155700263,"SEV"
"CO23SF277R",39.9999999999998,30.0374413299053,"SEV"
"CO23SF283R",30.4999999999997,28.9448914798389,"SEV"
"CO23SFD004RA",75.0000000000007,27.6487680202697,"SEV"
"CO23SFD008R",45.0000000000005,30.6167567283664,"SEV"
"CO23SFD011RA",55.0000000000005,30.0545004273446,"SEV"
"CO23SFD032WA",80.0000000000002,30.3506920897386,"SEV"
"CO23SFD034RC",50.0000000000006,30.882571526963,"SEV"
"CO23SFD035RA",43.4999999999997,30.7271870013811,"SEV"
"CO23SFD035RC",45.0000000000002,30.8795167619359,"SEV"
"CO23SFD037W",50.0000000000005,31.5189309497807,"SEV"
"CO23SFD038W",45.0000000000006,30.0267994753955,"SEV"
"CO23SFD039W",69.9999999999998,30.7978355396826,"SEV"
"CO23SFD039WA",85.0000000000004,29.3447809462785,"SEV"
"CO23SFD041W",50.0000000000002,31.2302610145851,"SEV"
"CO23SFD042R",60.0000000000012,31.6063183496143,"SEV"
"CO23SFD045W",60.0000000000002,31.4013855493145,"SEV"
"CO23SFD047W",65.0000000000007,31.8272725283157,"SEV"
"CO23SFD049R",10.4999999999997,31.9040227752832,"SEV"
"CO23SFD050R",80.0000000000007,31.8512780042731,"SEV"
"CO23SFD051WA",37.0000000000004,30.0754065581737,"SEV"
"CO23SFD057M",84.999999999996,31.8209389710338,"SEV"
"CO23SFD066R",59.9999999999959,29.7825368986234,"SEV"
"CO23SFD085R",49.999999999996,29.6136874587959,"SEV"
"CO23SFD088R",34.9999999999957,29.31158623957,"SEV"
"CO23SFD102R",54.9999999999964,30.1146484601589,"SEV"
"CO23SFD122W",40.4999999999964,30.6407726018932,"SEV"
"CO23SFD130R",79.9999999999972,29.8730597227117,"SEV"
"CO23SFD131R",79.9999999999965,28.8118473237461,"SEV"
"CO23SFD188R",49.9999999999959,30.5028053873223,"SEV"
"Canvas",34.9999999999998,30.0382628810754,"SEV"
"CrescentAX",44.9999999999974,28.8205550763122,"SEV"
"FortifySF",35.4999999999955,28.9932921615312,"SEV"
"Fortress",69.999999999995,30.211346580682,"SEV"
"Langin",25.4999999999971,29.220525800262,"SEV"
"Sheridan",34.9999999999976,30.2949826365939,"SEV"
"Snowmass2.0",59.9999999999979,30.9880837395219,"SEV"
"Telluride",84.9999999999977,30.2193217868532,"SEV"
"WindomSF",64.9999999999977,30.8418659980361,"SEV"
"AmplifySF",28.7000000000076,10.8288804477435,"DON"
"Avery",18.8,9.48483284558063,"DON"
"Byrd",10,8.55998758395065,"DON"
"ByrdCLPlus",23.4711881941261,10.1563890465451,"DON"
"CO18042RA",6.20000000000011,8.54036678040412,"DON"
"CO19410R",20.3000000000004,12.2200624688116,"DON"
"CO19D087R",7.19999999999975,10.5776503230902,"DON"
"CO200037R",15.35,9.92608988725176,"DON"
"CO200082R",14.4499999999995,8.73610028911844,"DON"
"CO20022RC",14.5499999999997,10.2983529270273,"DON"
"CO200247W",18.9000000000001,14.5414130016116,"DON"
"CO20D036R",7.84999999999994,12.2774054238801,"DON"
"CO20D068W",22.3999999999997,14.8573214478139,"DON"
"CO20D079R",15.0999999999998,8.52988417638966,"DON"
"CO20D097R",16.1499999999998,9.5393170970566,"DON"
"CO20D108R",12.0499999999997,10.7385886390094,"DON"
"CO20SFD019R",17.0499999999999,11.5326271031838,"DON"
"CO20SFD020R",10.4500000000003,10.2390700772087,"DON"
"CO210077R",9.84999999999963,9.30425103885187,"DON"
"CO210198R",10.7999999999998,10.9788225525706,"DON"
"CO210240W",22.5500000000002,15.251966895626,"DON"
"CO210418R",8.99999999999983,9.7791231133774,"DON"
"CO210771R",9.15000000000017,9.99314055012636,"DON"
"CO21D1790R",20.45,11.8763663918495,"DON"
"CO21SF0073W",11.9211881941277,9.55775004949521,"DON"
"CO21SF191RA",12.2711881941275,9.29435431445492,"DON"
"CO21SF197R",19.3211881941276,9.52567158509529,"DON"
"CO21SF226R",29.6711881941274,9.19318305448544,"DON"
"CO21SF240R",10.4211881941276,8.59751282904378,"DON"
"CO21SF263RA",9.87118819412764,9.0807267518241,"DON"
"CO21SF496R",21.2211881941276,10.7510978769088,"DON"
"CO21SFD0950R",35.8211881941274,10.2788899536856,"DON"
"CO220002W",7.95000000000008,12.2709268566421,"DON"
"CO220025W",22.9000000000001,13.1450766622783,"DON"
"CO220052R",9.5500000000001,8.88615173222392,"DON"
"CO220054R",12.65,10.0775200664303,"DON"
"CO220087R",10.4500000000005,9.70142919557707,"DON"
"CO220133R",13.8499999999998,9.74654830368432,"DON"
"CO220151R",19.3999999999994,10.1830575735863,"DON"
"CO220156R",20.0000000000001,11.7182442253693,"DON"
"CO220188R",16.1999999999999,9.03949575615906,"DON"
"CO220211R",8.25000000000037,12.3963858091221,"DON"
"CO220215R",13.0999999999999,10.3348394132798,"DON"
"CO220241R",15.2999999999997,9.43153989822674,"DON"
"CO220251R",17.3500000000001,10.3325180585186,"DON"
"CO220285R",9.50000000000002,9.99194054052031,"DON"
"CO220296R",8.55000000000033,9.47626793699386,"DON"
"CO220362R",8.89999999999971,8.75083534052013,"DON"
"CO220406R",15.6499999999993,10.0141598923783,"DON"
"CO220467R",15.2999999999992,10.1419763145111,"DON"
"CO220469R",17.6999999999995,8.69635295733622,"DON"
"CO220479R",13.1499999999997,9.46737664864869,"DON"
"CO220502R",19.0000000000004,10.4373473716944,"DON"
"CO220506R",9.10000000000008,10.2354113019388,"DON"
"CO220512R",16.6999999999993,15.8071200206653,"DON"
"CO220570R",11.649999999999,10.9445274165768,"DON"
"CO220610R",16.849999999999,9.25671645591097,"DON"
"CO220622R",11.2999999999998,9.84248156647947,"DON"
"CO220683R",11.5499999999991,10.6026581553757,"DON"
"CO220720R",21.0499999999989,10.6805608190611,"DON"
"CO220786R",17.399999999999,9.3557522768498,"DON"
"CO220794R",19.4999999999992,11.8991333009939,"DON"
"CO220796R",18.6499999999994,13.524453891303,"DON"
"CO220802R",16.499999999999,9.99620674328208,"DON"
"CO220865R",13.3999999999995,9.2388928856998,"DON"
"CO220869R",12.0999999999997,10.2063438177147,"DON"
"CO220881R",24.5499999999993,10.0284147240473,"DON"
"CO220884R",14.2499999999994,9.47090945142999,"DON"
"CO22D002R",16.8999999999991,9.50074031268524,"DON"
"CO22D027R",21.3499999999993,9.68410070349588,"DON"
"CO22D037R",12.6499999999991,13.7725856726125,"DON"
"CO22D103W",14.6999999999995,14.708917791844,"DON"
"CO22D157R",15.800000000001,9.46759850056431,"DON"
"CO22D324R",12.1000000000011,8.93870511128074,"DON"
"CO22SF003R",32.8711881941274,14.4024326645779,"DON"
"CO22SF008WC",17.1211881941276,8.70887987106158,"DON"
"CO22SF019R",12.6211881941275,8.55356919696225,"DON"
"CO22SF039M",12.3211881941275,11.1441829825098,"DON"
"CO22SF047RA",21.4211881941276,9.40508551605827,"DON"
"CO22SF085R",15.9211881941275,10.0393765187188,"DON"
"CO22SFD101R",31.8211881941276,13.3695773470054,"DON"
"CO22SFD105M",24.2211881941274,11.1593453861366,"DON"
"CO22SFD168W",18.4211881941276,11.2853735903571,"DON"
"CO22SFD177W",15.6711881941276,11.0026670985993,"DON"
"CO23D004R",20.400000000001,11.475042804589,"DON"
"CO23D013R",20.1000000000011,8.56177996139208,"DON"
"CO23D017R",14.9000000000004,9.74879806084961,"DON"
"CO23D020R",14.1000000000003,9.15870608514695,"DON"
"CO23D025R",17.150000000001,8.56449252931447,"DON"
"CO23D032R",15.9500000000009,7.21069905515623,"DON"
"CO23D042R",28.7500000000011,8.53684317883181,"DON"
"CO23D047R",15.2000000000004,5.88138121134192,"DON"
"CO23D049R",18.5500000000008,8.28913512267432,"DON"
"CO23D059R",11.4500000000005,8.81917969901516,"DON"
"CO23D060W",18.7000000000008,9.67887478797192,"DON"
"CO23D061R",13.9500000000013,8.86975699723224,"DON"
"CO23D070R",22.3500000000005,8.81137789051125,"DON"
"CO23D078R",15.9000000000008,7.29556459110131,"DON"
"CO23D090R",23.1000000000007,8.71141346422399,"DON"
"CO23D103R",15.2500000000013,9.80767841351863,"DON"
"CO23D118W",16.0000000000008,9.33434350384215,"DON"
"CO23D123R",9.45000000000031,8.97430273243714,"DON"
"CO23D182R",11.4000000000002,8.03767448053786,"DON"
"CO23D184R",16.8500000000003,8.82211284875449,"DON"
"CO23D190R",25.4999999999998,11.6635160647427,"DON"
"CO23D194R",34.1499999999997,12.2902732796021,"DON"
"CO23D218R",20.4500000000001,12.2686418575654,"DON"
"CO23D240R",17.9499999999997,14.1248396678457,"DON"
"CO23D242W",11.1999999999998,10.5169973383935,"DON"
"CO23D243R",7.84999999999971,8.73112237091624,"DON"
"CO23D246W",9.44999999999972,10.6584137872808,"DON"
"CO23D247W",17.5999999999996,11.2229859810659,"DON"
"CO23SF008R",13.3211881941276,11.2971878486539,"DON"
"CO23SF009WA",17.0211881941275,11.3708536422172,"DON"
"CO23SF010WA",4.82118819412759,11.3142737807028,"DON"
"CO23SF012R",10.9711881941276,8.16097839220021,"DON"
"CO23SF012WA",6.4211881941276,11.4837051473531,"DON"
"CO23SF017WA",14.2211881941276,11.4023383526606,"DON"
"CO23SF018R",15.1211881941276,12.8440714191307,"DON"
"CO23SF040RA",11.6711881941276,7.51200804630235,"DON"
"CO23SF042R",11.9211881941276,11.0593018430868,"DON"
"CO23SF049W",16.2211881941275,12.2022832474397,"DON"
"CO23SF052R",16.7711881941276,10.6676849145876,"DON"
"CO23SF058R",18.7211881941276,11.6218749381205,"DON"
"CO23SF060RA",28.5711881941276,7.7270135943639,"DON"
"CO23SF061W",26.9211881941276,12.0134457812017,"DON"
"CO23SF080R",16.9211881941276,10.9332680500587,"DON"
"CO23SF082R",8.22118819412764,13.0166173980103,"DON"
"CO23SF083R",11.4211881941276,11.6851568920634,"DON"
"CO23SF084R",30.8711881941276,12.7055259293491,"DON"
"CO23SF085R",11.9211881941277,11.8240766134332,"DON"
"CO23SF092R",18.4711881941276,13.3332895912441,"DON"
"CO23SF105R",10.0211881941276,10.094670147556,"DON"
"CO23SF120R",35.0211881941277,12.3409429451934,"DON"
"CO23SF125R",44.7711881941277,10.8477404502428,"DON"
"CO23SF149R",24.1711881941277,9.75114831650944,"DON"
"CO23SF150R",27.6711881941277,9.69682498011898,"DON"
"CO23SF154R",20.6211881941277,9.44020204064616,"DON"
"CO23SF161W",15.3211881941277,8.8024562982552,"DON"
"CO23SF165R",15.1211881941276,9.32624349083544,"DON"
"CO23SF215R",10.5711881941275,11.3613638029129,"DON"
"CO23SF218R",10.6711881941276,11.6878330748083,"DON"
"CO23SF225R",14.1711881941277,10.0885594140306,"DON"
"CO23SF236R",11.3211881941277,11.3341012394748,"DON"
"CO23SF237R",14.7211881941277,10.698247830769,"DON"
"CO23SF244R",10.5211881941278,7.29792040018998,"DON"
"CO23SF245R",22.2711881941278,7.98777775908008,"DON"
"CO23SF257R",23.4211881941278,9.86397796660605,"DON"
"CO23SF260R",16.8711881941278,8.38060691084586,"DON"
"CO23SF268R",16.3211881941278,9.37127077906316,"DON"
"CO23SF269W",20.7211881941279,10.3895843460288,"DON"
"CO23SF270R",20.1711881941278,11.2652747812052,"DON"
"CO23SF271W",22.4211881941279,11.2034876033883,"DON"
"CO23SF277R",16.4211881941278,10.7950358623298,"DON"
"CO23SF283R",13.8711881941278,9.37674352682514,"DON"
"CO23SFD004RA",30.8211881941276,9.11505806819125,"DON"
"CO23SFD008R",7.17118819412774,12.4934370242641,"DON"
"CO23SFD011RA",23.1711881941275,10.8218936565567,"DON"
"CO23SFD032WA",33.5211881941275,11.9228411549708,"DON"
"CO23SFD034RC",15.2711881941276,9.91604448753604,"DON"
"CO23SFD035RA",41.8711881941276,11.8446348580235,"DON"
"CO23SFD035RC",19.3711881941276,9.90466094941958,"DON"
"CO23SFD037W",16.9211881941277,10.7747019007579,"DON"
"CO23SFD038W",21.5711881941277,11.6118897678674,"DON"
"CO23SFD039W",12.4711881941276,12.9284195432977,"DON"
"CO23SFD039WA",27.9711881941276,12.7724660877595,"DON"
"CO23SFD041W",8.22118819412772,11.90169949535,"DON"
"CO23SFD042R",7.12118819412778,9.06978277735892,"DON"
"CO23SFD045W",15.4211881941276,11.8661989007363,"DON"
"CO23SFD047W",20.8211881941275,9.87840943184773,"DON"
"CO23SFD049R",8.1211881941276,10.40756384795,"DON"
"CO23SFD050R",17.8211881941276,10.8263060010345,"DON"
"CO23SFD051WA",31.6711881941275,8.45594174069181,"DON"
"CO23SFD057M",22.5711881941277,9.84657468616517,"DON"
"CO23SFD066R",29.7211881941277,10.689402241992,"DON"
"CO23SFD085R",12.9711881941278,9.50740545199382,"DON"
"CO23SFD088R",29.4211881941276,9.61676193984156,"DON"
"CO23SFD102R",27.7211881941276,13.3323451229603,"DON"
"CO23SFD122W",23.1711881941277,14.6629413948021,"DON"
"CO23SFD130R",26.3211881941277,9.07453065510117,"DON"
"CO23SFD131R",32.9711881941276,9.09553404587593,"DON"
"CO23SFD188R",11.6211881941276,9.13526347086762,"DON"
"Canvas",8.04999999999992,10.1907670911605,"DON"
"CrescentAX",7.64999999999975,9.25587435051884,"DON"
"FortifySF",9.82118819412751,9.29820486078694,"DON"
"Fortress",20.7211881941276,8.84402650750124,"DON"
"Langin",6.15000000000006,8.85988535332492,"DON"
"Sheridan",11.8000000000001,12.4164486636863,"DON"
"Snowmass2.0",13.9000000000001,17.0645810250157,"DON"
"Telluride",21.6000000000001,15.2533958750474,"DON"
"WindomSF",15.0000000000002,14.7966004450453,"DON"
"AmplifySF",65.2644018495474,27.5524637865352,"FDK"
"Avery",50.264401849543,25.6507804454774,"FDK"
"Byrd",25.2644018495429,25.1345947189027,"FDK"
"ByrdCLPlus",37.7806754228537,25.8504693286774,"FDK"
"CO18042RA",10.264401849543,24.9736837971481,"FDK"
"CO19410R",40.2644018495429,26.2787189066815,"FDK"
"CO19D087R",17.7644018495429,24.9081495214054,"FDK"
"CO200037R",37.7644018495428,24.4002690868181,"FDK"
"CO200082R",17.764401849543,24.6303898653317,"FDK"
"CO20022RC",20.264401849543,24.6269063755905,"FDK"
"CO200247W",32.764401849543,24.1109109198021,"FDK"
"CO20D036R",12.7644018495429,23.7669546121618,"FDK"
"CO20D068W",37.764401849543,24.1496628936289,"FDK"
"CO20D079R",42.764401849543,24.8447268689261,"FDK"
"CO20D097R",32.7644018495429,24.5134306068699,"FDK"
"CO20D108R",20.264401849543,23.0664267609998,"FDK"
"CO20SFD019R",47.7644018495431,29.2267373206678,"FDK"
"CO20SFD020R",12.764401849543,27.30310193369,"FDK"
"CO210077R",30.264401849543,24.907629438468,"FDK"
"CO210198R",25.2644018495429,24.2751169991443,"FDK"
"CO210240W",40.264401849543,23.846059997345,"FDK"
"CO210418R",20.264401849543,24.2066849902055,"FDK"
"CO210771R",15.264401849543,25.3441069695675,"FDK"
"CO21D1790R",30.264401849543,23.6264903385082,"FDK"
"CO21SF0073W",10.2806754228557,25.3553963152335,"FDK"
"CO21SF191RA",17.7806754228557,25.8456787833621,"FDK"
"CO21SF197R",32.7806754228559,25.4597513207993,"FDK"
"CO21SF226R",37.7806754228556,25.0391147681652,"FDK"
"CO21SF240R",12.7806754228558,25.3756736092784,"FDK"
"CO21SF263RA",10.2806754228556,25.452439541766,"FDK"
"CO21SF496R",35.2806754228559,26.9478322101412,"FDK"
"CO21SFD0950R",50.2806754228559,27.3702067624128,"FDK"
"CO220002W",12.7644018495429,23.6702667585393,"FDK"
"CO220025W",27.7644018495429,24.0478752123109,"FDK"
"CO220052R",17.764401849543,24.2619194463693,"FDK"
"CO220054R",35.264401849543,24.2478151153942,"FDK"
"CO220087R",17.7644018495429,24.7056722663608,"FDK"
"CO220133R",20.2644018495429,23.2024296536515,"FDK"
"CO220151R",35.264401849543,24.2822435698668,"FDK"
"CO220156R",40.264401849543,24.3360852280085,"FDK"
"CO220188R",32.764401849543,24.4662419768887,"FDK"
"CO220211R",17.7644018495429,24.594241495655,"FDK"
"CO220215R",17.7644018495432,24.863164911946,"FDK"
"CO220241R",25.264401849543,24.5582448517894,"FDK"
"CO220251R",30.264401849543,24.820063061648,"FDK"
"CO220285R",17.764401849543,24.8525424670702,"FDK"
"CO220296R",10.264401849543,25.3385555093406,"FDK"
"CO220362R",17.764401849543,23.9692615284982,"FDK"
"CO220406R",30.264401849543,24.691188988538,"FDK"
"CO220467R",22.764401849543,24.7434016661205,"FDK"
"CO220469R",25.2644018495429,24.2888434385672,"FDK"
"CO220479R",30.264401849543,25.5595361702892,"FDK"
"CO220502R",37.7644018495431,24.9077587302183,"FDK"
"CO220506R",12.7644018495428,24.4205104637967,"FDK"
"CO220512R",47.764401849543,25.6929085787907,"FDK"
"CO220570R",17.764401849543,24.7494598633846,"FDK"
"CO220610R",32.764401849543,24.1881500128204,"FDK"
"CO220622R",30.264401849543,24.6629395485517,"FDK"
"CO220683R",17.7644018495429,24.9641181563188,"FDK"
"CO220720R",37.764401849543,23.7081924240853,"FDK"
"CO220786R",35.264401849543,24.6755693733337,"FDK"
"CO220794R",32.7644018495432,24.733495248783,"FDK"
"CO220796R",42.7644018495431,24.3621648113127,"FDK"
"CO220802R",37.7644018495431,24.757156124653,"FDK"
"CO220865R",27.7644018495429,24.5682100519043,"FDK"
"CO220869R",37.764401849543,24.8091773241317,"FDK"
"CO220881R",65.264401849543,25.0477935521931,"FDK"
"CO220884R",30.264401849543,25.6529782953644,"FDK"
"CO22D002R",47.7644018495431,24.3342027192832,"FDK"
"CO22D027R",35.2644018495429,24.9044868204071,"FDK"
"CO22D037R",15.264401849543,23.7592787389272,"FDK"
"CO22D103W",32.764401849543,23.5657368210192,"FDK"
"CO22D157R",40.2644018495431,25.1063709540161,"FDK"
"CO22D324R",17.764401849543,24.7522732334717,"FDK"
"CO22SF003R",52.7806754228558,26.6428012542409,"FDK"
"CO22SF008WC",20.2806754228557,25.293455181475,"FDK"
"CO22SF019R",20.280675422856,24.8550955259368,"FDK"
"CO22SF039M",12.7806754228559,26.0356236740638,"FDK"
"CO22SF047RA",42.7806754228557,25.5151529240103,"FDK"
"CO22SF085R",27.7806754228558,26.8839812119901,"FDK"
"CO22SFD101R",60.2806754228555,26.2319025221417,"FDK"
"CO22SFD105M",32.7806754228559,23.9021943974193,"FDK"
"CO22SFD168W",17.780675422856,24.6592037748401,"FDK"
"CO22SFD177W",17.7806754228557,25.0199512056438,"FDK"
"CO23D004R",32.764401849543,24.6742799076507,"FDK"
"CO23D013R",27.764401849543,24.3625384945944,"FDK"
"CO23D017R",25.2644018495431,24.2054538431929,"FDK"
"CO23D020R",37.764401849543,23.7228329555482,"FDK"
"CO23D025R",40.264401849543,25.2136776595036,"FDK"
"CO23D032R",27.764401849543,23.6834776944441,"FDK"
"CO23D042R",50.2644018495431,25.562988350524,"FDK"
"CO23D047R",32.7644018495431,24.1389647826857,"FDK"
"CO23D049R",32.764401849543,25.2546498181873,"FDK"
"CO23D059R",12.764401849543,23.9748500234876,"FDK"
"CO23D060W",22.764401849543,25.3010465486685,"FDK"
"CO23D061R",25.264401849543,23.9970384731598,"FDK"
"CO23D070R",40.2644018495429,25.2771450164253,"FDK"
"CO23D078R",32.7644018495429,24.6654362143069,"FDK"
"CO23D090R",47.7644018495431,25.260869666603,"FDK"
"CO23D103R",27.7644018495429,25.1045829270349,"FDK"
"CO23D118W",27.764401849543,25.3182809652152,"FDK"
"CO23D123R",12.7644018495429,25.6794846315895,"FDK"
"CO23D182R",17.7644018495429,26.0059354124002,"FDK"
"CO23D184R",25.2644018495429,25.1223134839593,"FDK"
"CO23D190R",47.764401849543,25.0380231022268,"FDK"
"CO23D194R",60.264401849543,25.0201376130857,"FDK"
"CO23D218R",42.7644018495432,25.626681396731,"FDK"
"CO23D240R",25.2644018495429,22.4870895077089,"FDK"
"CO23D242W",17.764401849543,24.5995826348301,"FDK"
"CO23D243R",10.2644018495431,24.1760394937771,"FDK"
"CO23D246W",17.764401849543,23.9400045327316,"FDK"
"CO23D247W",20.2644018495431,24.6747876481749,"FDK"
"CO23SF008R",17.7806754228557,23.9870248540985,"FDK"
"CO23SF009WA",30.2806754228557,25.2997296878192,"FDK"
"CO23SF010WA",2.78067542285565,25.5897323530573,"FDK"
"CO23SF012R",10.2806754228557,24.7709860212626,"FDK"
"CO23SF012WA",7.78067542285587,25.6490832263508,"FDK"
"CO23SF017WA",25.2806754228557,25.8847154383524,"FDK"
"CO23SF018R",25.2806754228557,24.1917728810839,"FDK"
"CO23SF040RA",17.780675422856,24.5653782699611,"FDK"
"CO23SF042R",12.7806754228557,25.134124004273,"FDK"
"CO23SF049W",20.2806754228557,25.3082371981839,"FDK"
"CO23SF052R",20.2806754228557,25.6552840217959,"FDK"
"CO23SF058R",27.7806754228556,26.2332800583961,"FDK"
"CO23SF060RA",45.280675422856,25.0664151587855,"FDK"
"CO23SF061W",32.7806754228559,24.2374370309314,"FDK"
"CO23SF080R",25.2806754228557,24.795730735517,"FDK"
"CO23SF082R",10.2806754228556,26.4568759422271,"FDK"
"CO23SF083R",17.7806754228556,24.6600423996079,"FDK"
"CO23SF084R",42.780675422856,25.9107727476952,"FDK"
"CO23SF085R",15.280675422856,25.8893868114674,"FDK"
"CO23SF092R",27.7806754228557,25.2589235326777,"FDK"
"CO23SF105R",15.2806754228556,25.5636252579497,"FDK"
"CO23SF120R",42.7806754228556,25.4622005986407,"FDK"
"CO23SF125R",50.2806754228558,25.1481547514229,"FDK"
"CO23SF149R",32.7806754228556,26.4762703292762,"FDK"
"CO23SF150R",30.280675422856,25.9786633043521,"FDK"
"CO23SF154R",30.2806754228556,25.1378862399391,"FDK"
"CO23SF161W",15.2806754228559,25.9768756663443,"FDK"
"CO23SF165R",20.280675422856,25.150318449562,"FDK"
"CO23SF215R",15.2806754228557,24.4868275798371,"FDK"
"CO23SF218R",20.2806754228556,25.3458794472525,"FDK"
"CO23SF225R",17.780675422856,25.4667130048451,"FDK"
"CO23SF236R",12.7806754228558,25.1815927105815,"FDK"
"CO23SF237R",25.2806754228557,26.408353352161,"FDK"
"CO23SF244R",20.2806754228557,26.1070665733862,"FDK"
"CO23SF245R",35.2806754228559,25.4689948384118,"FDK"
"CO23SF257R",25.2806754228558,25.1017886057825,"FDK"
"CO23SF260R",27.7806754228557,24.9253085975009,"FDK"
"CO23SF268R",15.2806754228558,24.9869226890156,"FDK"
"CO23SF269W",22.7806754228559,25.4689428625473,"FDK"
"CO23SF270R",27.7806754228559,24.5105914345249,"FDK"
"CO23SF271W",27.7806754228559,24.8046990211382,"FDK"
"CO23SF277R",15.2806754228559,25.6219111962534,"FDK"
"CO23SF283R",15.2806754228557,25.1157222543273,"FDK"
"CO23SFD004RA",50.2806754228557,24.7344018427172,"FDK"
"CO23SFD008R",10.2806754228558,25.330764758407,"FDK"
"CO23SFD011RA",37.780675422856,25.765817983791,"FDK"
"CO23SFD032WA",35.2806754228559,26.9602668776619,"FDK"
"CO23SFD034RC",25.280675422856,26.4970605199191,"FDK"
"CO23SFD035RA",45.2806754228559,26.356252067257,"FDK"
"CO23SFD035RC",30.2806754228558,26.418856984808,"FDK"
"CO23SFD037W",20.2806754228558,24.0590866235533,"FDK"
"CO23SFD038W",20.280675422856,23.7046400110612,"FDK"
"CO23SFD039W",15.2806754228556,25.7572102317944,"FDK"
"CO23SFD039WA",40.2806754228558,25.4618526576394,"FDK"
"CO23SFD041W",7.78067542285581,26.2582841737929,"FDK"
"CO23SFD042R",10.2806754228559,23.9785515426048,"FDK"
"CO23SFD045W",22.7806754228557,25.3936257026511,"FDK"
"CO23SFD047W",35.2806754228558,25.0194574358182,"FDK"
"CO23SFD049R",15.280675422856,24.937619591887,"FDK"
"CO23SFD050R",25.280675422856,24.9145062657915,"FDK"
"CO23SFD051WA",25.2806754228559,25.3402809092701,"FDK"
"CO23SFD057M",32.7806754228558,25.3317412553858,"FDK"
"CO23SFD066R",60.2806754228559,26.4759401846644,"FDK"
"CO23SFD085R",22.7806754228558,26.1594820037624,"FDK"
"CO23SFD088R",37.7806754228557,25.485934470141,"FDK"
"CO23SFD102R",35.280675422856,24.7619925871977,"FDK"
"CO23SFD122W",25.2806754228558,25.6141899999769,"FDK"
"CO23SFD130R",32.780675422856,25.8780340340954,"FDK"
"CO23SFD131R",35.2806754228558,25.4813800697385,"FDK"
"CO23SFD188R",12.7806754228558,24.0145978549944,"FDK"
"Canvas",27.7644018495428,24.5340615767542,"FDK"
"CrescentAX",25.2644018495431,25.5031988752921,"FDK"
"FortifySF",17.7806754228554,25.7650776166561,"FDK"
"Fortress",30.2806754228558,25.7968439663075,"FDK"
"Langin",12.764401849543,24.6802078183187,"FDK"
"Sheridan",32.764401849543,23.6252246810902,"FDK"
"Snowmass2.0",27.764401849543,23.087582995409,"FDK"
"Telluride",42.764401849543,25.2137451565461,"FDK"
"WindomSF",27.764401849543,25.742792829108,"FDK"
