"Trait","Population","Location","n_observations","n_genotypes","mean_reps_per_genotype","Vg","Vge","Ve","H2","singular_fit"
"INC","Historical training","Multiple environments",2114,1330,1.28354584092289,0,28.2616580244188,329.257583278776,0,TRUE
"SEV","Historical training","Multiple environments",2093,1325,1.28720787207872,21.5611998217776,12.9884438600097,126.701415938771,0.191902125378007,TRUE
"DON","Historical training","Multiple environments",1070,737,1.04594330400782,5.23685650754674,1.4325059656137,11.8911960902116,0.362177739706498,FALSE
"FDK","Historical training","Multiple environments",978,721,1.04823151125402,42.7553526379,19.4188517604374,64.8654555597874,0.40494999027997,FALSE
"INC","2025 testing","UIUC",472,268,1.76119402985075,337.884821253527,NA,344.758125063326,0.633173151740459,TRUE
"SEV","2025 testing","UIUC",472,268,1.76119402985075,227.509379764751,NA,285.582631069356,0.583863054915318,TRUE
"DON","2025 testing","UIUC",471,267,1.76404494382022,38.7905383373626,NA,19.757927255251,0.77595211411682,FALSE
"FDK","2025 testing","UIUC",472,268,1.76119402985075,96.5040607737355,NA,68.6798142193019,0.712205900201049,TRUE
"INC","2026 testing","UNL",158,85,1.85882352941176,0,NA,140.200783761378,0,TRUE
"SEV","2026 testing","UNL",158,85,1.85882352941176,0,NA,419.207339077403,0,TRUE
"FDK","2026 testing","UNL",157,85,1.84705882352941,0,NA,155.391556426588,0,TRUE
"INC","2026 testing","UIUC",158,85,1.85882352941176,300.354024223087,NA,115.352376274295,0.828767028276737,FALSE
"SEV","2026 testing","UIUC",158,85,1.85882352941176,171.810489756719,NA,455.307742690279,0.4122582431347,TRUE
"FDK","2026 testing","UIUC",158,85,1.85882352941176,95.9131191317153,NA,159.317066517803,0.528092933031761,FALSE
