"Trait","Population","Location","n_observations","n_genotypes","mean_reps_per_genotype","Vg","Vge","Ve","H2","singular_fit","convergence_warning","model_notes","estimator"
"INC","Historical training","Multiple environments",2114,1330,1.28354584092289,0,28.2616763287432,329.257563993834,0,TRUE,"boundary (singular) fit: see help('isSingular')","boundary (singular) fit: see help('isSingular')
","Approximate entry-mean H2"
"SEV","Historical training","Multiple environments",2093,1325,1.28720787207872,21.5612128677413,12.9884543366179,126.701393270612,0.191902229137975,TRUE,"boundary (singular) fit: see help('isSingular')","boundary (singular) fit: see help('isSingular')
","Approximate entry-mean H2"
"DON","Historical training","Multiple environments",1070,737,1.04594330400782,5.23685611363857,1.43250036099193,11.8912028941347,0.362177706081977,FALSE,"","","Approximate entry-mean H2"
"FDK","Historical training","Multiple environments",978,721,1.04823151125402,42.7553148809181,19.4188411332053,64.8654950869322,0.404949697218472,FALSE,"Model is nearly unidentifiable: large eigenvalue ratio
 - Rescale variables?","Model is nearly unidentifiable: large eigenvalue ratio
 - Rescale variables?","Approximate entry-mean H2"
"INC","2025 testing Elite","UIUC",200,100,2,147.575747468587,NA,282.722229046811,0.510754309613416,FALSE,"","","Approximate entry-mean H2"
"SEV","2025 testing Elite","UIUC",200,100,2,192.516967032288,NA,163.580001214622,0.701830393478113,TRUE,"boundary (singular) fit: see help('isSingular')","boundary (singular) fit: see help('isSingular')
","Approximate entry-mean H2"
"DON","2025 testing Elite","UIUC",200,100,2,20.6181111100634,NA,14.9384500004367,0.734071434510867,TRUE,"boundary (singular) fit: see help('isSingular')","boundary (singular) fit: see help('isSingular')
","Approximate entry-mean H2"
"FDK","2025 testing Elite","UIUC",200,100,2,107.015155851828,NA,74.36742254551,0.742135898747182,FALSE,"","","Approximate entry-mean H2"
"INC","2025 testing WSS AYN","UIUC",182,91,2,383.296691080264,NA,425.018321264087,0.64332481793976,FALSE,"","","Approximate entry-mean H2"
"SEV","2025 testing WSS AYN","UIUC",182,91,2,288.081382938611,NA,397.725272879839,0.59161088641417,TRUE,"boundary (singular) fit: see help('isSingular')","boundary (singular) fit: see help('isSingular')
","Approximate entry-mean H2"
"DON","2025 testing WSS AYN","UIUC",182,91,2,59.8946517822258,NA,21.0897147558295,0.850299107650771,FALSE,"","","Approximate entry-mean H2"
"FDK","2025 testing WSS AYN","UIUC",182,91,2,121.66667513142,NA,57.79609016254,0.80806894842,FALSE,"","","Approximate entry-mean H2"
"INC","2026 testing","UNL",158,85,1.85882352941176,0,NA,140.200783761378,0,TRUE,"boundary (singular) fit: see help('isSingular')","boundary (singular) fit: see help('isSingular')
","Approximate entry-mean H2"
"SEV","2026 testing","UNL",158,85,1.85882352941176,0,NA,419.207339077403,0,TRUE,"boundary (singular) fit: see help('isSingular')","boundary (singular) fit: see help('isSingular')
","Approximate entry-mean H2"
"DON","2026 testing","UNL",157,85,1.84705882352941,40.6285035815316,NA,18.9626977915603,0.798281906032155,FALSE,"","","Approximate entry-mean H2"
"FDK","2026 testing","UNL",157,85,1.84705882352941,0,NA,155.391556426588,0,TRUE,"boundary (singular) fit: see help('isSingular')","boundary (singular) fit: see help('isSingular')
","Approximate entry-mean H2"
"INC","2026 testing","UIUC",158,85,1.85882352941176,300.354024223087,NA,115.352376274295,0.828767028276737,FALSE,"","","Approximate entry-mean H2"
"SEV","2026 testing","UIUC",158,85,1.85882352941176,171.810489756719,NA,455.307742690279,0.4122582431347,TRUE,"boundary (singular) fit: see help('isSingular')","boundary (singular) fit: see help('isSingular')
","Approximate entry-mean H2"
"FDK","2026 testing","UIUC",158,85,1.85882352941176,95.9131191317153,NA,159.317066517803,0.528092933031761,FALSE,"","","Approximate entry-mean H2"
"INC","2026 testing","SDSU",145,83,1.74698795180723,5.0884012228572e-14,NA,12.1476659159282,7.31776432757899e-15,TRUE,"boundary (singular) fit: see help('isSingular')","boundary (singular) fit: see help('isSingular')
","Approximate entry-mean H2"
"SEV","2026 testing","SDSU",145,83,1.74698795180723,26.7013815350857,NA,72.6366253756121,0.391059501110787,FALSE,"","","Approximate entry-mean H2"
