"FullSampleName","BLUE","predicted","TRAIT","observed","trait_mean","predicted_on_observed_scale"
"AmplifySF",83.6753133144016,53.0081628753557,"INC",83.6753133144016,50.2285187306886,103.236681606044
"Avery",83.6753133143988,47.3152150622892,"INC",83.6753133143988,50.2285187306886,97.5437337929779
"Byrd",58.6753133143989,46.2258668530713,"INC",58.6753133143989,50.2285187306886,96.4543855837599
"ByrdCLPlus",48.4238903922216,45.7846836645484,"INC",48.4238903922216,50.2285187306886,96.013202395237
"CO18042RA",53.6753133143993,49.9627450503285,"INC",53.6753133143993,50.2285187306886,100.191263781017
"CO19410R",88.6753133143995,46.3116823692911,"INC",88.6753133143995,50.2285187306886,96.5402010999797
"CO19D087R",28.6753133143996,46.5331289539641,"INC",28.6753133143996,50.2285187306886,96.7616476846527
"CO200037R",68.6753133143998,44.1142647058266,"INC",68.6753133143998,50.2285187306886,94.3427834365152
"CO200082R",73.675313314399,42.1899062961086,"INC",73.675313314399,50.2285187306886,92.4184250267972
"CO20022RC",53.6753133143986,44.2789506276785,"INC",53.6753133143986,50.2285187306886,94.5074693583671
"CO200247W",43.6753133143992,44.0076888132431,"INC",43.6753133143992,50.2285187306886,94.2362075439317
"CO20D036R",93.6753133143991,46.1021897775838,"INC",93.6753133143991,50.2285187306886,96.3307085082724
"CO20D068W",78.6753133143991,48.7640876452199,"INC",78.6753133143991,50.2285187306886,98.9926063759085
"CO20D079R",88.6753133143987,46.3666213230179,"INC",88.6753133143987,50.2285187306886,96.5951400537065
"CO20D097R",73.6753133143987,42.8959696803845,"INC",73.6753133143987,50.2285187306886,93.1244884110731
"CO20D108R",18.6753133143993,47.8339210584171,"INC",18.6753133143993,50.2285187306886,98.0624397891057
"CO20SFD019R",88.675313314399,50.5786029666186,"INC",88.675313314399,50.2285187306886,100.807121697307
"CO20SFD020R",68.6753133143989,51.8130054194341,"INC",68.6753133143989,50.2285187306886,102.041524150123
"CO210077R",58.6753133143994,46.0096246015154,"INC",58.6753133143994,50.2285187306886,96.238143332204
"CO210198R",88.6753133143991,47.2353181842441,"INC",88.6753133143991,50.2285187306886,97.4638369149327
"CO210240W",83.675313314399,45.3182915409179,"INC",83.675313314399,50.2285187306886,95.5468102716065
"CO210418R",48.6753133143989,41.3555511426564,"INC",48.6753133143989,50.2285187306886,91.584069873345
"CO210771R",78.6753133143993,44.9699303787947,"INC",78.6753133143993,50.2285187306886,95.1984491094833
"CO21D1790R",78.6753133143995,44.3632177353637,"INC",78.6753133143995,50.2285187306886,94.5917364660523
"CO21SF0073W",23.4238903922246,46.8214369617741,"INC",23.4238903922246,50.2285187306886,97.0499556924627
"CO21SF191RA",13.4238903922258,52.5785174160377,"INC",13.4238903922258,50.2285187306886,102.807036146726
"CO21SF197R",58.4238903922257,46.5918483127357,"INC",58.4238903922257,50.2285187306886,96.8203670434243
"CO21SF226R",63.4238903922251,45.7985749145993,"INC",63.4238903922251,50.2285187306886,96.0270936452879
"CO21SF240R",8.42389039222433,43.5174857270208,"INC",8.42389039222433,50.2285187306886,93.7460044577094
"CO21SF263RA",8.42389039222412,50.7804388939631,"INC",8.42389039222412,50.2285187306886,101.008957624652
"CO21SF496R",68.4238903922255,50.8499171359163,"INC",68.4238903922255,50.2285187306886,101.078435866605
"CO21SFD0950R",83.4238903922252,50.7329681719556,"INC",83.4238903922252,50.2285187306886,100.961486902644
"CO220002W",78.6753133143989,46.9569145616662,"INC",78.6753133143989,50.2285187306886,97.1854332923548
"CO220025W",43.6753133143992,49.4434253746086,"INC",43.6753133143992,50.2285187306886,99.6719441052972
"CO220052R",38.6753133143985,43.0124267576114,"INC",38.6753133143985,50.2285187306886,93.2409454883
"CO220054R",73.675313314399,46.8158202851813,"INC",73.675313314399,50.2285187306886,97.0443390158699
"CO220087R",73.6753133143986,43.7273251824584,"INC",73.6753133143986,50.2285187306886,93.955843913147
"CO220133R",38.6753133143986,44.1016431531835,"INC",38.6753133143986,50.2285187306886,94.3301618838722
"CO220151R",78.6753133143989,55.3730760957775,"INC",78.6753133143989,50.2285187306886,105.601594826466
"CO220156R",98.6753133143988,48.2642916092464,"INC",98.6753133143988,50.2285187306886,98.492810339935
"CO220188R",73.6753133143989,51.3983544730884,"INC",73.6753133143989,50.2285187306886,101.626873203777
"CO220211R",58.6753133143992,47.0577245658943,"INC",58.6753133143992,50.2285187306886,97.286243296583
"CO220215R",83.675313314399,47.474724807822,"INC",83.675313314399,50.2285187306886,97.7032435385106
"CO220241R",63.6753133143993,42.2671352367489,"INC",63.6753133143993,50.2285187306886,92.4956539674375
"CO220251R",78.6753133143989,44.0597379072458,"INC",78.6753133143989,50.2285187306886,94.2882566379344
"CO220285R",73.675313314399,49.255746251634,"INC",73.675313314399,50.2285187306886,99.4842649823226
"CO220296R",63.6753133143988,48.450163793231,"INC",63.6753133143988,50.2285187306886,98.6786825239196
"CO220362R",58.6753133143984,47.1165400729557,"INC",58.6753133143984,50.2285187306886,97.3450588036443
"CO220406R",63.675313314399,49.2488387407579,"INC",63.675313314399,50.2285187306886,99.4773574714465
"CO220467R",68.6753133143987,42.9058233178005,"INC",68.6753133143987,50.2285187306886,93.1343420484891
"CO220469R",38.6753133143991,42.8592154024164,"INC",38.6753133143991,50.2285187306886,93.087734133105
"CO220479R",48.6753133143989,45.1043225475814,"INC",48.6753133143989,50.2285187306886,95.33284127827
"CO220502R",48.675313314399,42.5626520766153,"INC",48.675313314399,50.2285187306886,92.7911708073039
"CO220506R",58.6753133143989,43.8168711349609,"INC",58.6753133143989,50.2285187306886,94.0453898656495
"CO220512R",93.6753133143987,51.2087770011928,"INC",93.6753133143987,50.2285187306886,101.437295731881
"CO220570R",48.6753133143985,48.4823962946188,"INC",48.6753133143985,50.2285187306886,98.7109150253074
"CO220610R",78.6753133143988,45.2569579975788,"INC",78.6753133143988,50.2285187306886,95.4854767282674
"CO220622R",93.675313314399,45.6541021746428,"INC",93.675313314399,50.2285187306886,95.8826209053314
"CO220683R",63.6753133143993,41.9546438642919,"INC",63.6753133143993,50.2285187306886,92.1831625949805
"CO220720R",38.675313314399,49.3778686876691,"INC",38.675313314399,50.2285187306886,99.6063874183577
"CO220786R",63.6753133143987,45.5331063454104,"INC",63.6753133143987,50.2285187306886,95.761625076099
"CO220794R",78.6753133143987,47.4026468706386,"INC",78.6753133143987,50.2285187306886,97.6311656013272
"CO220796R",78.6753133143986,48.586326098669,"INC",78.6753133143986,50.2285187306886,98.8148448293576
"CO220802R",88.6753133143986,43.239210207915,"INC",88.6753133143986,50.2285187306886,93.4677289386036
"CO220865R",68.6753133143988,42.2052253395161,"INC",68.6753133143988,50.2285187306886,92.4337440702047
"CO220869R",63.6753133143987,48.0524274738708,"INC",63.6753133143987,50.2285187306886,98.2809462045594
"CO220881R",83.6753133143988,49.9144838706428,"INC",83.6753133143988,50.2285187306886,100.143002601331
"CO220884R",73.6753133143987,49.0802308107874,"INC",73.6753133143987,50.2285187306886,99.308749541476
"CO22D002R",83.6753133143987,45.95813064684,"INC",83.6753133143987,50.2285187306886,96.1866493775286
"CO22D027R",83.6753133143989,44.3375789382628,"INC",83.6753133143989,50.2285187306886,94.5660976689514
"CO22D037R",58.675313314399,53.2907622520872,"INC",58.675313314399,50.2285187306886,103.519280982776
"CO22D103W",58.6753133143995,47.7184540338742,"INC",58.6753133143995,50.2285187306886,97.9469727645628
"CO22D157R",68.6753133143991,40.4399645992854,"INC",68.6753133143991,50.2285187306886,90.668483329974
"CO22D324R",73.675313314399,46.042999078817,"INC",73.675313314399,50.2285187306886,96.2715178095056
"CO22SF003R",88.4238903922248,58.3622339131661,"INC",88.4238903922248,50.2285187306886,108.590752643855
"CO22SF008WC",18.423890392226,51.63078447152,"INC",18.423890392226,50.2285187306886,101.859303202209
"CO22SF019R",58.4238903922251,48.1491129780806,"INC",58.4238903922251,50.2285187306886,98.3776317087692
"CO22SF039M",23.4238903922256,47.8590410170371,"INC",23.4238903922256,50.2285187306886,98.0875597477257
"CO22SF047RA",73.4238903922243,52.0770013678434,"INC",73.4238903922243,50.2285187306886,102.305520098532
"CO22SF085R",48.4238903922257,46.0004447545718,"INC",48.4238903922257,50.2285187306886,96.2289634852604
"CO22SFD101R",58.4238903922261,52.2719594368604,"INC",58.4238903922261,50.2285187306886,102.500478167549
"CO22SFD105M",43.4238903922246,48.9739662028922,"INC",43.4238903922246,50.2285187306886,99.2024849335808
"CO22SFD168W",13.423890392226,46.0561915605824,"INC",13.423890392226,50.2285187306886,96.284710291271
"CO22SFD177W",58.4238903922259,47.1473549207438,"INC",58.4238903922259,50.2285187306886,97.3758736514324
"CO23D004R",83.6753133143987,48.1668394985837,"INC",83.6753133143987,50.2285187306886,98.3953582292723
"CO23D013R",68.675313314399,46.2453146316548,"INC",68.675313314399,50.2285187306886,96.4738333623434
"CO23D017R",48.6753133143988,50.8484791122327,"INC",48.6753133143988,50.2285187306886,101.076997842921
"CO23D020R",68.6753133143988,47.755733290284,"INC",68.6753133143988,50.2285187306886,97.9842520209726
"CO23D025R",68.6753133143989,45.1274718143295,"INC",68.6753133143989,50.2285187306886,95.3559905450181
"CO23D032R",88.675313314399,47.355027202888,"INC",88.675313314399,50.2285187306886,97.5835459335766
"CO23D042R",73.6753133143989,40.3969749127148,"INC",73.6753133143989,50.2285187306886,90.6254936434034
"CO23D047R",68.6753133143989,44.1543978248337,"INC",68.6753133143989,50.2285187306886,94.3829165555223
"CO23D049R",58.675313314399,41.1691598713542,"INC",58.675313314399,50.2285187306886,91.3976786020428
"CO23D059R",73.675313314399,49.5342566452314,"INC",73.675313314399,50.2285187306886,99.76277537592
"CO23D060W",73.6753133143988,48.2960179155398,"INC",73.6753133143988,50.2285187306886,98.5245366462284
"CO23D061R",93.675313314399,49.4728960531675,"INC",93.675313314399,50.2285187306886,99.7014147838561
"CO23D070R",88.6753133143989,43.7505141886686,"INC",88.6753133143989,50.2285187306886,93.9790329193572
"CO23D078R",78.6753133143987,43.3427788711825,"INC",78.6753133143987,50.2285187306886,93.5712976018711
"CO23D090R",78.6753133143988,43.7938444362257,"INC",78.6753133143988,50.2285187306886,94.0223631669143
"CO23D103R",83.6753133143988,42.2661074743044,"INC",83.6753133143988,50.2285187306886,92.494626204993
"CO23D118W",83.6753133143987,45.7137620692634,"INC",83.6753133143987,50.2285187306886,95.942280799952
"CO23D123R",78.6753133143991,51.7747170471656,"INC",78.6753133143991,50.2285187306886,102.003235777854
"CO23D182R",58.6753133143986,39.4699193605159,"INC",58.6753133143986,50.2285187306886,89.6984380912045
"CO23D184R",63.6753133143998,44.9760804885517,"INC",63.6753133143998,50.2285187306886,95.2045992192403
"CO23D190R",78.6753133143991,44.3169011775368,"INC",78.6753133143991,50.2285187306886,94.5454199082254
"CO23D194R",78.6753133143988,43.0229850793029,"INC",78.6753133143988,50.2285187306886,93.2515038099915
"CO23D218R",68.6753133143985,48.7155247666928,"INC",68.6753133143985,50.2285187306886,98.9440434973814
"CO23D240R",83.6753133143994,53.9369976707051,"INC",83.6753133143994,50.2285187306886,104.165516401394
"CO23D242W",38.6753133143985,49.7499511521169,"INC",38.6753133143985,50.2285187306886,99.9784698828055
"CO23D243R",28.6753133143988,45.8986390546041,"INC",28.6753133143988,50.2285187306886,96.1271577852927
"CO23D246W",58.6753133143987,49.5062573983861,"INC",58.6753133143987,50.2285187306886,99.7347761290747
"CO23D247W",78.6753133143987,48.7623865070959,"INC",78.6753133143987,50.2285187306886,98.9909052377845
"CO23SF008R",48.4238903922254,49.0350665187577,"INC",48.4238903922254,50.2285187306886,99.2635852494463
"CO23SF009WA",58.4238903922254,52.6666063588187,"INC",58.4238903922254,50.2285187306886,102.895125089507
"CO23SF010WA",48.4238903922258,50.6875820520657,"INC",48.4238903922258,50.2285187306886,100.916100782754
"CO23SF012R",3.42389039222522,44.9108462096704,"INC",3.42389039222522,50.2285187306886,95.139364940359
"CO23SF012WA",53.4238903922258,46.3033506869302,"INC",53.4238903922258,50.2285187306886,96.5318694176188
"CO23SF017WA",58.4238903922256,46.7521834815868,"INC",58.4238903922256,50.2285187306886,96.9807022122754
"CO23SF018R",33.4238903922255,47.1881641354362,"INC",33.4238903922255,50.2285187306886,97.4166828661248
"CO23SF040RA",78.4238903922254,48.1348376422358,"INC",78.4238903922254,50.2285187306886,98.3633563729244
"CO23SF042R",8.42389039222506,54.3058253603394,"INC",8.42389039222506,50.2285187306886,104.534344091028
"CO23SF049W",23.4238903922253,50.3927273603314,"INC",23.4238903922253,50.2285187306886,100.62124609102
"CO23SF052R",38.4238903922253,50.5136994451103,"INC",38.4238903922253,50.2285187306886,100.742218175799
"CO23SF058R",48.4238903922254,51.5707873270294,"INC",48.4238903922254,50.2285187306886,101.799306057718
"CO23SF060RA",38.4238903922254,49.8002656880138,"INC",38.4238903922254,50.2285187306886,100.028784418702
"CO23SF061W",33.4238903922254,46.1378215618283,"INC",33.4238903922254,50.2285187306886,96.3663402925169
"CO23SF080R",58.4238903922252,45.9263176738,"INC",58.4238903922252,50.2285187306886,96.1548364044886
"CO23SF082R",38.4238903922251,40.515058071095,"INC",38.4238903922251,50.2285187306886,90.7435768017835
"CO23SF083R",58.4238903922254,46.5644350285265,"INC",58.4238903922254,50.2285187306886,96.7929537592151
"CO23SF084R",23.4238903922253,47.8489524755769,"INC",23.4238903922253,50.2285187306886,98.0774712062655
"CO23SF085R",38.4238903922251,44.4018405080569,"INC",38.4238903922251,50.2285187306886,94.6303592387455
"CO23SF092R",78.4238903922256,41.4723851267534,"INC",78.4238903922256,50.2285187306886,91.700903857442
"CO23SF105R",33.4238903922256,49.4840800326422,"INC",33.4238903922256,50.2285187306886,99.7125987633308
"CO23SF120R",8.42389039222533,44.1237472812659,"INC",8.42389039222533,50.2285187306886,94.3522660119545
"CO23SF125R",-1.57610960777455,51.3968804490641,"INC",-1.57610960777455,50.2285187306886,101.625399179753
"CO23SF149R",38.4238903922255,49.7174957886425,"INC",38.4238903922255,50.2285187306886,99.9460145193311
"CO23SF150R",3.42389039222488,52.0932946456116,"INC",3.42389039222488,50.2285187306886,102.3218133763
"CO23SF154R",13.4238903922254,51.553276033014,"INC",13.4238903922254,50.2285187306886,101.781794763703
"CO23SF161W",48.4238903922253,49.8109784116304,"INC",48.4238903922253,50.2285187306886,100.039497142319
"CO23SF165R",13.4238903922254,49.6276269009065,"INC",13.4238903922254,50.2285187306886,99.8561456315951
"CO23SF215R",48.4238903922251,46.2485837568751,"INC",48.4238903922251,50.2285187306886,96.4771024875637
"CO23SF218R",43.4238903922254,43.4150608826584,"INC",43.4238903922254,50.2285187306886,93.643579613347
"CO23SF225R",8.4238903922254,42.1325987778229,"INC",8.4238903922254,50.2285187306886,92.3611175085115
"CO23SF236R",8.42389039222547,41.5263877666175,"INC",8.42389039222547,50.2285187306886,91.7549064973061
"CO23SF237R",83.4238903922256,53.0627157760942,"INC",83.4238903922256,50.2285187306886,103.291234506783
"CO23SF244R",38.4238903922251,43.7373807280117,"INC",38.4238903922251,50.2285187306886,93.9658994587003
"CO23SF245R",28.4238903922253,49.5341921139526,"INC",28.4238903922253,50.2285187306886,99.7627108446412
"CO23SF257R",8.42389039222511,38.7275287110883,"INC",8.42389039222511,50.2285187306886,88.9560474417769
"CO23SF260R",28.4238903922254,48.3494856529442,"INC",28.4238903922254,50.2285187306886,98.5780043836328
"CO23SF268R",28.4238903922258,44.367845708319,"INC",28.4238903922258,50.2285187306886,94.5963644390077
"CO23SF269W",8.42389039222581,44.1609660653544,"INC",8.42389039222581,50.2285187306886,94.389484796043
"CO23SF270R",28.4238903922256,47.9992839775801,"INC",28.4238903922256,50.2285187306886,98.2278027082687
"CO23SF271W",8.42389039222547,51.0349816007453,"INC",8.42389039222547,50.2285187306886,101.263500331434
"CO23SF277R",33.4238903922251,48.1563684509705,"INC",33.4238903922251,50.2285187306886,98.3848871816591
"CO23SF283R",28.4238903922253,45.3182302379981,"INC",28.4238903922253,50.2285187306886,95.5467489686867
"CO23SFD004RA",63.4238903922261,49.9319488186766,"INC",63.4238903922261,50.2285187306886,100.160467549365
"CO23SFD008R",38.4238903922256,46.0274308635946,"INC",38.4238903922256,50.2285187306886,96.2559495942832
"CO23SFD011RA",58.423890392226,51.8475819546521,"INC",58.423890392226,50.2285187306886,102.076100685341
"CO23SFD032WA",58.4238903922254,46.5672589337232,"INC",58.4238903922254,50.2285187306886,96.7957776644118
"CO23SFD034RC",73.423890392225,52.5532829246614,"INC",73.423890392225,50.2285187306886,102.78180165535
"CO23SFD035RA",43.4238903922254,53.346681105567,"INC",43.4238903922254,50.2285187306886,103.575199836256
"CO23SFD035RC",73.4238903922249,52.5362547085958,"INC",73.4238903922249,50.2285187306886,102.764773439284
"CO23SFD037W",58.4238903922249,52.0775110267429,"INC",58.4238903922249,50.2285187306886,102.306029757432
"CO23SFD038W",38.4238903922252,47.9279014416187,"INC",38.4238903922252,50.2285187306886,98.1564201723073
"CO23SFD039W",63.4238903922252,47.7483181366077,"INC",63.4238903922252,50.2285187306886,97.9768368672963
"CO23SFD039WA",38.4238903922256,46.6674187376211,"INC",38.4238903922256,50.2285187306886,96.8959374683097
"CO23SFD041W",83.4238903922251,44.495965548216,"INC",83.4238903922251,50.2285187306886,94.7244842789046
"CO23SFD042R",73.4238903922255,48.531645377815,"INC",73.4238903922255,50.2285187306886,98.7601641085036
"CO23SFD045W",58.4238903922253,46.2878966626097,"INC",58.4238903922253,50.2285187306886,96.5164153932983
"CO23SFD047W",53.4238903922256,43.8343704266242,"INC",53.4238903922256,50.2285187306886,94.0628891573128
"CO23SFD049R",3.42389039222506,46.0812771098776,"INC",3.42389039222506,50.2285187306886,96.3097958405662
"CO23SFD050R",43.4238903922254,46.0764346798322,"INC",43.4238903922254,50.2285187306886,96.3049534105208
"CO23SFD051WA",33.4238903922255,51.2953818141272,"INC",33.4238903922255,50.2285187306886,101.523900544816
"CO23SFD057M",73.4238903922251,52.1783563050778,"INC",73.4238903922251,50.2285187306886,102.406875035766
"CO23SFD066R",78.4238903922252,48.2953649164686,"INC",78.4238903922252,50.2285187306886,98.5238836471572
"CO23SFD085R",38.423890392225,51.2132644598142,"INC",38.423890392225,50.2285187306886,101.441783190503
"CO23SFD088R",63.4238903922252,47.7524537564059,"INC",63.4238903922252,50.2285187306886,97.9809724870945
"CO23SFD102R",63.4238903922248,44.4486430434807,"INC",63.4238903922248,50.2285187306886,94.6771617741693
"CO23SFD122W",18.4238903922249,49.0708882062044,"INC",18.4238903922249,50.2285187306886,99.299406936893
"CO23SFD130R",83.4238903922248,45.4229130229243,"INC",83.4238903922248,50.2285187306886,95.6514317536129
"CO23SFD131R",93.4238903922249,46.8523832552049,"INC",93.4238903922249,50.2285187306886,97.0809019858935
"CO23SFD188R",78.4238903922248,57.0635407311972,"INC",78.4238903922248,50.2285187306886,107.292059461886
"Canvas",43.6753133143995,43.6997275789273,"INC",43.6753133143995,50.2285187306886,93.9282463096159
"CrescentAX",78.6753133143993,47.5581048674541,"INC",78.6753133143993,50.2285187306886,97.7866235981427
"FortifySF",58.423890392224,47.2543328109114,"INC",58.423890392224,50.2285187306886,97.4828515416
"Fortress",78.4238903922239,51.3981466880621,"INC",78.4238903922239,50.2285187306886,101.626665418751
"Langin",43.6753133143986,47.2991268611758,"INC",43.6753133143986,50.2285187306886,97.5276455918644
"Sheridan",48.6753133143988,44.8643112466462,"INC",48.6753133143988,50.2285187306886,95.0928299773348
"Snowmass2.0",78.6753133143988,49.8466058362112,"INC",78.6753133143988,50.2285187306886,100.0751245669
"Telluride",63.6753133143986,44.885137354477,"INC",63.6753133143986,50.2285187306886,95.1136560851656
"WindomSF",33.6753133143989,48.7440822302864,"INC",33.6753133143989,50.2285187306886,98.972600960975
"AmplifySF",89.999999999996,31.2140112461753,"SEV",89.999999999996,29.8697876305442,61.0837988767195
"Avery",70.0000000000008,29.1946409483884,"SEV",70.0000000000008,29.8697876305442,59.0644285789326
"Byrd",44.9999999999997,29.1314539366429,"SEV",44.9999999999997,29.8697876305442,59.0012415671872
"ByrdCLPlus",59.9999999999897,30.0075808742622,"SEV",59.9999999999897,29.8697876305442,59.8773685048065
"CO18042RA",20.9999999999985,29.4742700875627,"SEV",20.9999999999985,29.8697876305442,59.344057718107
"CO19410R",69.9999999999982,30.9457927358047,"SEV",69.9999999999982,29.8697876305442,60.8155803663489
"CO19D087R",34.9999999999993,28.7044131464623,"SEV",34.9999999999993,29.8697876305442,58.5742007770066
"CO200037R",59.9999999999994,30.0055765770797,"SEV",59.9999999999994,29.8697876305442,59.875364207624
"CO200082R",59.9999999999997,30.433109146605,"SEV",59.9999999999997,29.8697876305442,60.3028967771492
"CO20022RC",49.999999999998,30.7254546813907,"SEV",49.999999999998,29.8697876305442,60.5952423119349
"CO200247W",54.9999999999991,30.0472605310017,"SEV",54.9999999999991,29.8697876305442,59.9170481615459
"CO20D036R",74.9999999999979,29.9541738416508,"SEV",74.9999999999979,29.8697876305442,59.8239614721951
"CO20D068W",74.9999999999992,31.0490142462235,"SEV",74.9999999999992,29.8697876305442,60.9188018767677
"CO20D079R",69.9999999999987,29.9139199262133,"SEV",69.9999999999987,29.8697876305442,59.7837075567575
"CO20D097R",64.9999999999995,29.3864141706921,"SEV",64.9999999999995,29.8697876305442,59.2562018012364
"CO20D108R",30.4999999999993,30.3179153945559,"SEV",30.4999999999993,29.8697876305442,60.1877030251001
"CO20SFD019R",54.9999999999986,30.3634000290275,"SEV",54.9999999999986,29.8697876305442,60.2331876595717
"CO20SFD020R",30.4999999999998,30.3287198182868,"SEV",30.4999999999998,29.8697876305442,60.198507448831
"CO210077R",40.0000000000001,29.5268209776926,"SEV",40.0000000000001,29.8697876305442,59.3966086082368
"CO210198R",44.9999999999998,29.7081322810859,"SEV",44.9999999999998,29.8697876305442,59.5779199116301
"CO210240W",49.9999999999996,30.4571941590555,"SEV",49.9999999999996,29.8697876305442,60.3269817895997
"CO210418R",29.9999999999998,28.559393303496,"SEV",29.9999999999998,29.8697876305442,58.4291809340402
"CO210771R",54.9999999999991,29.1709020915238,"SEV",54.9999999999991,29.8697876305442,59.040689722068
"CO21D1790R",79.9999999999975,29.3305979995855,"SEV",79.9999999999975,29.8697876305442,59.2003856301298
"CO21SF0073W",30.0000000000019,28.6064349608332,"SEV",30.0000000000019,29.8697876305442,58.4762225913775
"CO21SF191RA",32.000000000001,29.8780471291032,"SEV",32.000000000001,29.8697876305442,59.7478347596474
"CO21SF197R",65.0000000000007,29.573845397337,"SEV",65.0000000000007,29.8697876305442,59.4436330278812
"CO21SF226R",79.9999999999988,29.2413394513917,"SEV",79.9999999999988,29.8697876305442,59.111127081936
"CO21SF240R",17.500000000001,28.5422588226468,"SEV",17.500000000001,29.8697876305442,58.412046453191
"CO21SF263RA",10.5,29.8333972591175,"SEV",10.5,29.8697876305442,59.7031848896617
"CO21SF496R",64.9999999999998,30.7239099648627,"SEV",64.9999999999998,29.8697876305442,60.5936975954069
"CO21SFD0950R",90.0000000000007,31.5499596167993,"SEV",90.0000000000007,29.8697876305442,61.4197472473435
"CO220002W",49.9999999999992,29.6967618008804,"SEV",49.9999999999992,29.8697876305442,59.5665494314246
"CO220025W",59.999999999997,30.0482282579972,"SEV",59.999999999997,29.8697876305442,59.9180158885414
"CO220052R",25.4999999999981,29.0064618093112,"SEV",25.4999999999981,29.8697876305442,58.8762494398554
"CO220054R",59.999999999998,29.5022612168504,"SEV",59.999999999998,29.8697876305442,59.3720488473947
"CO220087R",54.9999999999979,29.2515001470957,"SEV",54.9999999999979,29.8697876305442,59.1212877776399
"CO220133R",44.9999999999992,29.5557268788925,"SEV",44.9999999999992,29.8697876305442,59.4255145094367
"CO220151R",74.9999999999992,30.1937071628254,"SEV",74.9999999999992,29.8697876305442,60.0634947933696
"CO220156R",79.9999999999977,30.3443641720758,"SEV",79.9999999999977,29.8697876305442,60.21415180262
"CO220188R",44.9999999999975,29.2747044104553,"SEV",44.9999999999975,29.8697876305442,59.1444920409995
"CO220211R",25.499999999997,30.1883770064503,"SEV",25.499999999997,29.8697876305442,60.0581646369945
"CO220215R",55.0000000000006,30.0482108318606,"SEV",55.0000000000006,29.8697876305442,59.9179984624049
"CO220241R",54.9999999999996,29.5091644986302,"SEV",54.9999999999996,29.8697876305442,59.3789521291744
"CO220251R",54.9999999999971,29.4319279790119,"SEV",54.9999999999971,29.8697876305442,59.3017156095561
"CO220285R",49.9999999999977,29.7823297834104,"SEV",49.9999999999977,29.8697876305442,59.6521174139546
"CO220296R",34.9999999999988,29.5708198285567,"SEV",34.9999999999988,29.8697876305442,59.440607459101
"CO220362R",39.9999999999995,30.0701182388523,"SEV",39.9999999999995,29.8697876305442,59.9399058693965
"CO220406R",49.9999999999988,30.1000693027849,"SEV",49.9999999999988,29.8697876305442,59.9698569333291
"CO220467R",69.9999999999985,29.6938110599358,"SEV",69.9999999999985,29.8697876305442,59.56359869048
"CO220469R",69.9999999999994,29.7866223516322,"SEV",69.9999999999994,29.8697876305442,59.6564099821765
"CO220479R",59.9999999999972,30.0613042580194,"SEV",59.9999999999972,29.8697876305442,59.9310918885636
"CO220502R",54.9999999999992,29.7215504175822,"SEV",54.9999999999992,29.8697876305442,59.5913380481264
"CO220506R",35.4999999999981,30.0406569536389,"SEV",35.4999999999981,29.8697876305442,59.9104445841831
"CO220512R",59.9999999999993,30.8737612552722,"SEV",59.9999999999993,29.8697876305442,60.7435488858164
"CO220570R",44.9999999999988,30.4720660178818,"SEV",44.9999999999988,29.8697876305442,60.341853648426
"CO220610R",69.999999999999,30.3907676370146,"SEV",69.999999999999,29.8697876305442,60.2605552675588
"CO220622R",25.4999999999989,29.3404833566966,"SEV",25.4999999999989,29.8697876305442,59.2102709872408
"CO220683R",31.9999999999997,28.6361221728646,"SEV",31.9999999999997,29.8697876305442,58.5059098034089
"CO220720R",31.9999999999988,29.9995391743608,"SEV",31.9999999999988,29.8697876305442,59.869326804905
"CO220786R",59.9999999999981,28.8472584406626,"SEV",59.9999999999981,29.8697876305442,58.7170460712068
"CO220794R",69.9999999999981,30.1006926482541,"SEV",69.9999999999981,29.8697876305442,59.9704802787983
"CO220796R",69.9999999999989,30.8610996794755,"SEV",69.9999999999989,29.8697876305442,60.7308873100197
"CO220802R",49.9999999999977,30.468843332812,"SEV",49.9999999999977,29.8697876305442,60.3386309633562
"CO220865R",59.9999999999985,29.2458530491949,"SEV",59.9999999999985,29.8697876305442,59.1156406797391
"CO220869R",49.9999999999979,30.1614065420322,"SEV",49.9999999999979,29.8697876305442,60.0311941725764
"CO220881R",70.0000000000002,29.7214832420242,"SEV",70.0000000000002,29.8697876305442,59.5912708725684
"CO220884R",80.0000000000002,30.2084982302141,"SEV",80.0000000000002,29.8697876305442,60.0782858607583
"CO22D002R",69.9999999999978,29.6394228823036,"SEV",69.9999999999978,29.8697876305442,59.5092105128478
"CO22D027R",64.9999999999997,28.461847193077,"SEV",64.9999999999997,29.8697876305442,58.3316348236212
"CO22D037R",30.4999999999993,30.8372892309592,"SEV",30.4999999999993,29.8697876305442,60.7070768615034
"CO22D103W",44.9999999999974,30.6790691593606,"SEV",44.9999999999974,29.8697876305442,60.5488567899048
"CO22D157R",49.9999999999973,29.0966119140903,"SEV",49.9999999999973,29.8697876305442,58.9663995446345
"CO22D324R",39.9999999999975,30.0244421928929,"SEV",39.9999999999975,29.8697876305442,59.8942298234371
"CO22SF003R",90.0000000000006,32.8439840083323,"SEV",90.0000000000006,29.8697876305442,62.7137716388766
"CO22SF008WC",41.9999999999995,31.2282899916526,"SEV",41.9999999999995,29.8697876305442,61.0980776221968
"CO22SF019R",55.0000000000003,29.641039699133,"SEV",55.0000000000003,29.8697876305442,59.5108273296772
"CO22SF039M",45,28.8821807649006,"SEV",45,29.8697876305442,58.7519683954448
"CO22SF047RA",69.9999999999997,29.9703545468172,"SEV",69.9999999999997,29.8697876305442,59.8401421773615
"CO22SF085R",60.0000000000006,29.8778951306311,"SEV",60.0000000000006,29.8697876305442,59.7476827611753
"CO22SFD101R",60.0000000000006,30.8513866214696,"SEV",60.0000000000006,29.8697876305442,60.7211742520139
"CO22SFD105M",75.0000000000006,28.5540434186303,"SEV",75.0000000000006,29.8697876305442,58.4238310491746
"CO22SFD168W",27.0000000000005,30.4940241985537,"SEV",27.0000000000005,29.8697876305442,60.3638118290979
"CO22SFD177W",55.0000000000003,31.3843560021408,"SEV",55.0000000000003,29.8697876305442,61.254143632685
"CO23D004R",79.9999999999987,29.9621104908524,"SEV",79.9999999999987,29.8697876305442,59.8318981213967
"CO23D013R",44.9999999999984,30.7746029924783,"SEV",44.9999999999984,29.8697876305442,60.6443906230225
"CO23D017R",59.9999999999977,31.1481081771691,"SEV",59.9999999999977,29.8697876305442,61.0178958077133
"CO23D020R",64.9999999999976,30.9418904512749,"SEV",64.9999999999976,29.8697876305442,60.8116780818191
"CO23D025R",69.9999999999978,30.7498831842846,"SEV",69.9999999999978,29.8697876305442,60.6196708148288
"CO23D032R",54.9999999999976,29.5284203281868,"SEV",54.9999999999976,29.8697876305442,59.398207958731
"CO23D042R",74.9999999999985,29.240925383745,"SEV",74.9999999999985,29.8697876305442,59.1107130142893
"CO23D047R",49.9999999999986,31.0609759808212,"SEV",49.9999999999986,29.8697876305442,60.9307636113654
"CO23D049R",54.9999999999973,29.5762838652993,"SEV",54.9999999999973,29.8697876305442,59.4460714958435
"CO23D059R",49.9999999999978,31.7684408019117,"SEV",49.9999999999978,29.8697876305442,61.6382284324559
"CO23D060W",64.9999999999991,30.5584465678951,"SEV",64.9999999999991,29.8697876305442,60.4282341984393
"CO23D061R",69.999999999998,31.7787406727401,"SEV",69.999999999998,29.8697876305442,61.6485283032843
"CO23D070R",29.9999999999978,29.8837275720052,"SEV",29.9999999999978,29.8697876305442,59.7535152025495
"CO23D078R",64.9999999999981,29.9836182930882,"SEV",64.9999999999981,29.8697876305442,59.8534059236324
"CO23D090R",64.9999999999982,30.0692336543748,"SEV",64.9999999999982,29.8697876305442,59.9390212849191
"CO23D103R",59.9999999999986,30.820206239355,"SEV",59.9999999999986,29.8697876305442,60.6899938698993
"CO23D118W",79.9999999999976,30.9417443288248,"SEV",79.9999999999976,29.8697876305442,60.811531959369
"CO23D123R",39.9999999999977,31.0991101963619,"SEV",39.9999999999977,29.8697876305442,60.9688978269062
"CO23D182R",34.9999999999985,28.8171075109761,"SEV",34.9999999999985,29.8697876305442,58.6868951415203
"CO23D184R",64.9999999999985,29.6184737848487,"SEV",64.9999999999985,29.8697876305442,59.488261415393
"CO23D190R",84.9999999999976,29.0919165296456,"SEV",84.9999999999976,29.8697876305442,58.9617041601898
"CO23D194R",89.9999999999984,28.4231718634441,"SEV",89.9999999999984,29.8697876305442,58.2929594939883
"CO23D218R",64.9999999999971,30.4582928336536,"SEV",64.9999999999971,29.8697876305442,60.3280804641978
"CO23D240R",54.9999999999971,31.4241620861167,"SEV",54.9999999999971,29.8697876305442,61.2939497166609
"CO23D242W",34.9999999999976,30.6867803847683,"SEV",34.9999999999976,29.8697876305442,60.5565680153125
"CO23D243R",26.999999999997,30.0463120683781,"SEV",26.999999999997,29.8697876305442,59.9160996989223
"CO23D246W",49.9999999999974,31.1936865124325,"SEV",49.9999999999974,29.8697876305442,61.0634741429768
"CO23D247W",59.9999999999975,30.8211686991362,"SEV",59.9999999999975,29.8697876305442,60.6909563296804
"CO23SF008R",65.0000000000001,30.0870944790941,"SEV",65.0000000000001,29.8697876305442,59.9568821096383
"CO23SF009WA",65.0000000000001,29.9002597871674,"SEV",65.0000000000001,29.8697876305442,59.7700474177116
"CO23SF010WA",50.0000000000018,29.7870023307953,"SEV",50.0000000000018,29.8697876305442,59.6567899613396
"CO23SF012R",7,28.499421558232,"SEV",7,29.8697876305442,58.3692091887762
"CO23SF012WA",75.0000000000006,29.0931421324508,"SEV",75.0000000000006,29.8697876305442,58.962929762995
"CO23SF017WA",44.9999999999999,28.8823101887531,"SEV",44.9999999999999,29.8697876305442,58.7520978192973
"CO23SF018R",80.000000000001,30.2997913493671,"SEV",80.000000000001,29.8697876305442,60.1695789799113
"CO23SF040RA",60.0000000000001,28.9312700111255,"SEV",60.0000000000001,29.8697876305442,58.8010576416697
"CO23SF042R",18.5000000000005,30.5635183049645,"SEV",18.5000000000005,29.8697876305442,60.4333059355087
"CO23SF049W",40.4999999999995,30.6674972185881,"SEV",40.4999999999995,29.8697876305442,60.5372848491323
"CO23SF052R",65.0000000000001,29.3780549284062,"SEV",65.0000000000001,29.8697876305442,59.2478425589504
"CO23SF058R",75.0000000000001,30.1778436310035,"SEV",75.0000000000001,29.8697876305442,60.0476312615478
"CO23SF060RA",75.0000000000014,29.4596939628204,"SEV",75.0000000000014,29.8697876305442,59.3294815933646
"CO23SF061W",35.0000000000006,29.1195198585909,"SEV",35.0000000000006,29.8697876305442,58.9893074891352
"CO23SF080R",50.0000000000009,29.8399635715785,"SEV",50.0000000000009,29.8697876305442,59.7097512021227
"CO23SF082R",25.5000000000006,29.6180893494775,"SEV",25.5000000000006,29.8697876305442,59.4878769800217
"CO23SF083R",50.0000000000009,30.1458517716869,"SEV",50.0000000000009,29.8697876305442,60.0156394022311
"CO23SF084R",29.9999999999997,31.1578258340411,"SEV",29.9999999999997,29.8697876305442,61.0276134645853
"CO23SF085R",35.4999999999997,29.922224335262,"SEV",35.4999999999997,29.8697876305442,59.7920119658063
"CO23SF092R",70.0000000000005,28.8455324615931,"SEV",70.0000000000005,29.8697876305442,58.7153200921373
"CO23SF105R",55.0000000000009,28.9829336405979,"SEV",55.0000000000009,29.8697876305442,58.8527212711421
"CO23SF120R",10.5000000000006,28.9226150330392,"SEV",10.5000000000006,29.8697876305442,58.7924026635834
"CO23SF125R",1.98951966012828e-13,30.1778201208683,"SEV",1.98951966012828e-13,29.8697876305442,60.0476077514125
"CO23SF149R",45.0000000000007,29.9501974118373,"SEV",45.0000000000007,29.8697876305442,59.8199850423815
"CO23SF150R",3.50000000000018,29.6415792097433,"SEV",3.50000000000018,29.8697876305442,59.5113668402875
"CO23SF154R",19.9999999999997,29.1474695814668,"SEV",19.9999999999997,29.8697876305442,59.017257212011
"CO23SF161W",60.0000000000009,28.8028298424197,"SEV",60.0000000000009,29.8697876305442,58.6726174729639
"CO23SF165R",14.0000000000006,29.0566759924573,"SEV",14.0000000000006,29.8697876305442,58.9264636230015
"CO23SF215R",50.0000000000005,29.4014474631318,"SEV",50.0000000000005,29.8697876305442,59.271235093676
"CO23SF218R",55.0000000000009,29.4825747772217,"SEV",55.0000000000009,29.8697876305442,59.352362407766
"CO23SF225R",46.9999999999998,28.678167590538,"SEV",46.9999999999998,29.8697876305442,58.5479552210822
"CO23SF236R",10.4999999999997,28.4758964295215,"SEV",10.4999999999997,29.8697876305442,58.3456840600657
"CO23SF237R",70.0000000000009,30.9379508276423,"SEV",70.0000000000009,29.8697876305442,60.8077384581865
"CO23SF244R",30.0000000000011,30.4006113330069,"SEV",30.0000000000011,29.8697876305442,60.2703989635512
"CO23SF245R",25.0000000000002,31.6993144076238,"SEV",25.0000000000002,29.8697876305442,61.569102038168
"CO23SF257R",7.00000000000018,27.6663878374856,"SEV",7.00000000000018,29.8697876305442,57.5361754680299
"CO23SF260R",45.0000000000002,28.9876909014788,"SEV",45.0000000000002,29.8697876305442,58.857478532023
"CO23SF268R",21,28.8221494106933,"SEV",21,29.8697876305442,58.6919370412376
"CO23SF269W",40.0000000000002,27.8856668393277,"SEV",40.0000000000002,29.8697876305442,57.7554544698719
"CO23SF270R",50.0000000000002,28.7826252426745,"SEV",50.0000000000002,29.8697876305442,58.6524128732187
"CO23SF271W",30.0000000000002,29.4252155702463,"SEV",30.0000000000002,29.8697876305442,59.2950032007905
"CO23SF277R",39.9999999999998,30.0374413301706,"SEV",39.9999999999998,29.8697876305442,59.9072289607148
"CO23SF283R",30.4999999999997,28.9448914800363,"SEV",30.4999999999997,29.8697876305442,58.8146791105806
"CO23SFD004RA",75.0000000000007,27.6487680205258,"SEV",75.0000000000007,29.8697876305442,57.5185556510701
"CO23SFD008R",45.0000000000005,30.6167567286465,"SEV",45.0000000000005,29.8697876305442,60.4865443591908
"CO23SFD011RA",55.0000000000005,30.0545004275738,"SEV",55.0000000000005,29.8697876305442,59.9242880581181
"CO23SFD032WA",80.0000000000002,30.3506920899541,"SEV",80.0000000000002,29.8697876305442,60.2204797204984
"CO23SFD034RC",50.0000000000006,30.8825715271897,"SEV",50.0000000000006,29.8697876305442,60.7523591577339
"CO23SFD035RA",43.4999999999997,30.7271870015561,"SEV",43.4999999999997,29.8697876305442,60.5969746321004
"CO23SFD035RC",45.0000000000002,30.8795167621597,"SEV",45.0000000000002,29.8697876305442,60.749304392704
"CO23SFD037W",50.0000000000005,31.5189309499929,"SEV",50.0000000000005,29.8697876305442,61.3887185805371
"CO23SFD038W",45.0000000000006,30.0267994756753,"SEV",45.0000000000006,29.8697876305442,59.8965871062195
"CO23SFD039W",69.9999999999998,30.797835539881,"SEV",69.9999999999998,29.8697876305442,60.6676231704253
"CO23SFD039WA",85.0000000000004,29.344780946548,"SEV",85.0000000000004,29.8697876305442,59.2145685770922
"CO23SFD041W",50.0000000000002,31.2302610148116,"SEV",50.0000000000002,29.8697876305442,61.1000486453558
"CO23SFD042R",60.0000000000012,31.6063183498954,"SEV",60.0000000000012,29.8697876305442,61.4761059804397
"CO23SFD045W",60.0000000000002,31.4013855495512,"SEV",60.0000000000002,29.8697876305442,61.2711731800954
"CO23SFD047W",65.0000000000007,31.827272528517,"SEV",65.0000000000007,29.8697876305442,61.6970601590613
"CO23SFD049R",10.4999999999997,31.904022775494,"SEV",10.4999999999997,29.8697876305442,61.7738104060382
"CO23SFD050R",80.0000000000007,31.8512780044814,"SEV",80.0000000000007,29.8697876305442,61.7210656350256
"CO23SFD051WA",37.0000000000004,30.0754065583751,"SEV",37.0000000000004,29.8697876305442,59.9451941889193
"CO23SFD057M",84.999999999996,31.8209389712576,"SEV",84.999999999996,29.8697876305442,61.6907266018018
"CO23SFD066R",59.9999999999959,29.7825368988296,"SEV",59.9999999999959,29.8697876305442,59.6523245293738
"CO23SFD085R",49.999999999996,29.6136874589716,"SEV",49.999999999996,29.8697876305442,59.4834750895159
"CO23SFD088R",34.9999999999957,29.311586239742,"SEV",34.9999999999957,29.8697876305442,59.1813738702862
"CO23SFD102R",54.9999999999964,30.1146484603615,"SEV",54.9999999999964,29.8697876305442,59.9844360909057
"CO23SFD122W",40.4999999999964,30.6407726021339,"SEV",40.4999999999964,29.8697876305442,60.5105602326781
"CO23SFD130R",79.9999999999972,29.8730597229325,"SEV",79.9999999999972,29.8697876305442,59.7428473534767
"CO23SFD131R",79.9999999999965,28.8118473239769,"SEV",79.9999999999965,29.8697876305442,58.6816349545211
"CO23SFD188R",49.9999999999959,30.5028053875769,"SEV",49.9999999999959,29.8697876305442,60.3725930181211
"Canvas",34.9999999999998,30.0382628812572,"SEV",34.9999999999998,29.8697876305442,59.9080505118014
"CrescentAX",44.9999999999974,28.820555076537,"SEV",44.9999999999974,29.8697876305442,58.6903427070812
"FortifySF",35.4999999999955,28.9932921616928,"SEV",35.4999999999955,29.8697876305442,58.863079792237
"Fortress",69.999999999995,30.2113465809011,"SEV",69.999999999995,29.8697876305442,60.0811342114454
"Langin",25.4999999999971,29.2205258004056,"SEV",25.4999999999971,29.8697876305442,59.0903134309498
"Sheridan",34.9999999999976,30.2949826367473,"SEV",34.9999999999976,29.8697876305442,60.1647702672915
"Snowmass2.0",59.9999999999979,30.988083739756,"SEV",59.9999999999979,29.8697876305442,60.8578713703002
"Telluride",84.9999999999977,30.2193217870908,"SEV",84.9999999999977,29.8697876305442,60.0891094176351
"WindomSF",64.9999999999977,30.8418659982766,"SEV",64.9999999999977,29.8697876305442,60.7116536288208
"AmplifySF",28.7000000000076,10.8288804477382,"DON",28.7000000000076,9.74914031353063,20.5780207612688
"Avery",18.8,9.48483284557696,"DON",18.8,9.74914031353063,19.2339731591076
"Byrd",10,8.55998758394611,"DON",10,9.74914031353063,18.3091278974767
"ByrdCLPlus",23.4711881941261,10.1563890465413,"DON",23.4711881941261,9.74914031353063,19.905529360072
"CO18042RA",6.20000000000011,8.54036678039906,"DON",6.20000000000011,9.74914031353063,18.2895070939297
"CO19410R",20.3000000000004,12.2200624688088,"DON",20.3000000000004,9.74914031353063,21.9692027823395
"CO19D087R",7.19999999999975,10.5776503230834,"DON",7.19999999999975,9.74914031353063,20.3267906366141
"CO200037R",15.35,9.92608988724666,"DON",15.35,9.74914031353063,19.6752302007773
"CO200082R",14.4499999999995,8.73610028910852,"DON",14.4499999999995,9.74914031353063,18.4852406026392
"CO20022RC",14.5499999999997,10.2983529270235,"DON",14.5499999999997,9.74914031353063,20.0474932405541
"CO200247W",18.9000000000001,14.5414130016127,"DON",18.9000000000001,9.74914031353063,24.2905533151433
"CO20D036R",7.84999999999994,12.2774054238717,"DON",7.84999999999994,9.74914031353063,22.0265457374023
"CO20D068W",22.3999999999997,14.8573214478119,"DON",22.3999999999997,9.74914031353063,24.6064617613425
"CO20D079R",15.0999999999998,8.52988417637793,"DON",15.0999999999998,9.74914031353063,18.2790244899086
"CO20D097R",16.1499999999998,9.53931709704515,"DON",16.1499999999998,9.74914031353063,19.2884574105758
"CO20D108R",12.0499999999997,10.7385886389999,"DON",12.0499999999997,9.74914031353063,20.4877289525305
"CO20SFD019R",17.0499999999999,11.5326271031738,"DON",17.0499999999999,9.74914031353063,21.2817674167045
"CO20SFD020R",10.4500000000003,10.2390700772012,"DON",10.4500000000003,9.74914031353063,19.9882103907318
"CO210077R",9.84999999999963,9.30425103884529,"DON",9.84999999999963,9.74914031353063,19.0533913523759
"CO210198R",10.7999999999998,10.9788225525643,"DON",10.7999999999998,9.74914031353063,20.7279628660949
"CO210240W",22.5500000000002,15.2519668956203,"DON",22.5500000000002,9.74914031353063,25.0011072091509
"CO210418R",8.99999999999983,9.77912311337221,"DON",8.99999999999983,9.74914031353063,19.5282634269028
"CO210771R",9.15000000000017,9.99314055011903,"DON",9.15000000000017,9.74914031353063,19.7422808636497
"CO21D1790R",20.45,11.8763663918433,"DON",20.45,9.74914031353063,21.6255067053739
"CO21SF0073W",11.9211881941277,9.55775004949052,"DON",11.9211881941277,9.74914031353063,19.3068903630212
"CO21SF191RA",12.2711881941275,9.29435431445135,"DON",12.2711881941275,9.74914031353063,19.043494627982
"CO21SF197R",19.3211881941276,9.52567158508943,"DON",19.3211881941276,9.74914031353063,19.2748118986201
"CO21SF226R",29.6711881941274,9.19318305447585,"DON",29.6711881941274,9.74914031353063,18.9423233680065
"CO21SF240R",10.4211881941276,8.59751282904016,"DON",10.4211881941276,9.74914031353063,18.3466531425708
"CO21SF263RA",9.87118819412764,9.08072675181952,"DON",9.87118819412764,9.74914031353063,18.8298670653502
"CO21SF496R",21.2211881941276,10.7510978769003,"DON",21.2211881941276,9.74914031353063,20.5002381904309
"CO21SFD0950R",35.8211881941274,10.278889953682,"DON",35.8211881941274,9.74914031353063,20.0280302672126
"CO220002W",7.95000000000008,12.270926856635,"DON",7.95000000000008,9.74914031353063,22.0200671701657
"CO220025W",22.9000000000001,13.1450766622748,"DON",22.9000000000001,9.74914031353063,22.8942169758054
"CO220052R",9.5500000000001,8.8861517322203,"DON",9.5500000000001,9.74914031353063,18.6352920457509
"CO220054R",12.65,10.0775200664274,"DON",12.65,9.74914031353063,19.8266603799581
"CO220087R",10.4500000000005,9.70142919557094,"DON",10.4500000000005,9.74914031353063,19.4505695091016
"CO220133R",13.8499999999998,9.74654830368048,"DON",13.8499999999998,9.74914031353063,19.4956886172111
"CO220151R",19.3999999999994,10.183057573578,"DON",19.3999999999994,9.74914031353063,19.9321978871087
"CO220156R",20.0000000000001,11.7182442253677,"DON",20.0000000000001,9.74914031353063,21.4673845388984
"CO220188R",16.1999999999999,9.03949575615431,"DON",16.1999999999999,9.74914031353063,18.7886360696849
"CO220211R",8.25000000000037,12.3963858091189,"DON",8.25000000000037,9.74914031353063,22.1455261226495
"CO220215R",13.0999999999999,10.3348394132778,"DON",13.0999999999999,9.74914031353063,20.0839797268085
"CO220241R",15.2999999999997,9.43153989822315,"DON",15.2999999999997,9.74914031353063,19.1806802117538
"CO220251R",17.3500000000001,10.3325180585122,"DON",17.3500000000001,9.74914031353063,20.0816583720428
"CO220285R",9.50000000000002,9.99194054051447,"DON",9.50000000000002,9.74914031353063,19.7410808540451
"CO220296R",8.55000000000033,9.47626793698599,"DON",8.55000000000033,9.74914031353063,19.2254082505166
"CO220362R",8.89999999999971,8.75083534051674,"DON",8.89999999999971,9.74914031353063,18.4999756540474
"CO220406R",15.6499999999993,10.0141598923707,"DON",15.6499999999993,9.74914031353063,19.7633002059013
"CO220467R",15.2999999999992,10.1419763145064,"DON",15.2999999999992,9.74914031353063,19.891116628037
"CO220469R",17.6999999999995,8.69635295733076,"DON",17.6999999999995,9.74914031353063,18.4454932708614
"CO220479R",13.1499999999997,9.4673766486414,"DON",13.1499999999997,9.74914031353063,19.216516962172
"CO220502R",19.0000000000004,10.4373473716892,"DON",19.0000000000004,9.74914031353063,20.1864876852199
"CO220506R",9.10000000000008,10.2354113019356,"DON",9.10000000000008,9.74914031353063,19.9845516154663
"CO220512R",16.6999999999993,15.8071200206557,"DON",16.6999999999993,9.74914031353063,25.5562603341864
"CO220570R",11.649999999999,10.9445274165714,"DON",11.649999999999,9.74914031353063,20.693667730102
"CO220610R",16.849999999999,9.25671645590701,"DON",16.849999999999,9.74914031353063,19.0058567694376
"CO220622R",11.2999999999998,9.84248156647028,"DON",11.2999999999998,9.74914031353063,19.5916218800009
"CO220683R",11.5499999999991,10.6026581553716,"DON",11.5499999999991,9.74914031353063,20.3517984689022
"CO220720R",21.0499999999989,10.6805608190517,"DON",21.0499999999989,9.74914031353063,20.4297011325823
"CO220786R",17.399999999999,9.35575227684613,"DON",17.399999999999,9.74914031353063,19.1048925903768
"CO220794R",19.4999999999992,11.8991333009895,"DON",19.4999999999992,9.74914031353063,21.6482736145201
"CO220796R",18.6499999999994,13.5244538912958,"DON",18.6499999999994,9.74914031353063,23.2735942048265
"CO220802R",16.499999999999,9.99620674327558,"DON",16.499999999999,9.74914031353063,19.7453470568062
"CO220865R",13.3999999999995,9.23889288569835,"DON",13.3999999999995,9.74914031353063,18.988033199229
"CO220869R",12.0999999999997,10.2063438177078,"DON",12.0999999999997,9.74914031353063,19.9554841312384
"CO220881R",24.5499999999993,10.0284147240448,"DON",24.5499999999993,9.74914031353063,19.7775550375754
"CO220884R",14.2499999999994,9.47090945142289,"DON",14.2499999999994,9.74914031353063,19.2200497649535
"CO22D002R",16.8999999999991,9.50074031268057,"DON",16.8999999999991,9.74914031353063,19.2498806262112
"CO22D027R",21.3499999999993,9.68410070349249,"DON",21.3499999999993,9.74914031353063,19.4332410170231
"CO22D037R",12.6499999999991,13.7725856726001,"DON",12.6499999999991,9.74914031353063,23.5217259861307
"CO22D103W",14.6999999999995,14.708917791844,"DON",14.6999999999995,9.74914031353063,24.4580581053746
"CO22D157R",15.800000000001,9.46759850056412,"DON",15.800000000001,9.74914031353063,19.2167388140948
"CO22D324R",12.1000000000011,8.9387051112766,"DON",12.1000000000011,9.74914031353063,18.6878454248072
"CO22SF003R",32.8711881941274,14.402432664569,"DON",32.8711881941274,9.74914031353063,24.1515729780996
"CO22SF008WC",17.1211881941276,8.70887987105198,"DON",17.1211881941276,9.74914031353063,18.4580201845826
"CO22SF019R",12.6211881941275,8.55356919695041,"DON",12.6211881941275,9.74914031353063,18.302709510481
"CO22SF039M",12.3211881941275,11.1441829825064,"DON",12.3211881941275,9.74914031353063,20.893323296037
"CO22SF047RA",21.4211881941276,9.40508551605117,"DON",21.4211881941276,9.74914031353063,19.1542258295818
"CO22SF085R",15.9211881941275,10.0393765187124,"DON",15.9211881941275,9.74914031353063,19.788516832243
"CO22SFD101R",31.8211881941276,13.3695773469987,"DON",31.8211881941276,9.74914031353063,23.1187176605293
"CO22SFD105M",24.2211881941274,11.1593453861275,"DON",24.2211881941274,9.74914031353063,20.9084856996582
"CO22SFD168W",18.4211881941276,11.2853735903497,"DON",18.4211881941276,9.74914031353063,21.0345139038803
"CO22SFD177W",15.6711881941276,11.0026670985992,"DON",15.6711881941276,9.74914031353063,20.7518074121299
"CO23D004R",20.400000000001,11.4750428045853,"DON",20.400000000001,9.74914031353063,21.224183118116
"CO23D013R",20.1000000000011,8.56177996138627,"DON",20.1000000000011,9.74914031353063,18.3109202749169
"CO23D017R",14.9000000000004,9.74879806084079,"DON",14.9000000000004,9.74914031353063,19.4979383743714
"CO23D020R",14.1000000000003,9.1587060851413,"DON",14.1000000000003,9.74914031353063,18.9078463986719
"CO23D025R",17.150000000001,8.56449252931552,"DON",17.150000000001,9.74914031353063,18.3136328428462
"CO23D032R",15.9500000000009,7.21069905515233,"DON",15.9500000000009,9.74914031353063,16.959839368683
"CO23D042R",28.7500000000011,8.53684317882895,"DON",28.7500000000011,9.74914031353063,18.2859834923596
"CO23D047R",15.2000000000004,5.88138121134145,"DON",15.2000000000004,9.74914031353063,15.6305215248721
"CO23D049R",18.5500000000008,8.28913512267683,"DON",18.5500000000008,9.74914031353063,18.0382754362075
"CO23D059R",11.4500000000005,8.81917969901033,"DON",11.4500000000005,9.74914031353063,18.568320012541
"CO23D060W",18.7000000000008,9.67887478796744,"DON",18.7000000000008,9.74914031353063,19.4280151014981
"CO23D061R",13.9500000000013,8.86975699722729,"DON",13.9500000000013,9.74914031353063,18.6188973107579
"CO23D070R",22.3500000000005,8.81137789050479,"DON",22.3500000000005,9.74914031353063,18.5605182040354
"CO23D078R",15.9000000000008,7.29556459109624,"DON",15.9000000000008,9.74914031353063,17.0447049046269
"CO23D090R",23.1000000000007,8.7114134642191,"DON",23.1000000000007,9.74914031353063,18.4605537777497
"CO23D103R",15.2500000000013,9.80767841351148,"DON",15.2500000000013,9.74914031353063,19.5568187270421
"CO23D118W",16.0000000000008,9.33434350383534,"DON",16.0000000000008,9.74914031353063,19.083483817366
"CO23D123R",9.45000000000031,8.97430273243094,"DON",9.45000000000031,9.74914031353063,18.7234430459616
"CO23D182R",11.4000000000002,8.0376744805363,"DON",11.4000000000002,9.74914031353063,17.7868147940669
"CO23D184R",16.8500000000003,8.82211284875567,"DON",16.8500000000003,9.74914031353063,18.5712531622863
"CO23D190R",25.4999999999998,11.6635160647415,"DON",25.4999999999998,9.74914031353063,21.4126563782721
"CO23D194R",34.1499999999997,12.2902732795959,"DON",34.1499999999997,9.74914031353063,22.0394135931265
"CO23D218R",20.4500000000001,12.2686418575676,"DON",20.4500000000001,9.74914031353063,22.0177821710983
"CO23D240R",17.9499999999997,14.1248396678402,"DON",17.9499999999997,9.74914031353063,23.8739799813708
"CO23D242W",11.1999999999998,10.5169973383915,"DON",11.1999999999998,9.74914031353063,20.2661376519222
"CO23D243R",7.84999999999971,8.73112237090856,"DON",7.84999999999971,9.74914031353063,18.4802626844392
"CO23D246W",9.44999999999972,10.6584137872736,"DON",9.44999999999972,9.74914031353063,20.4075541008042
"CO23D247W",17.5999999999996,11.2229859810601,"DON",17.5999999999996,9.74914031353063,20.9721262945907
"CO23SF008R",13.3211881941276,11.2971878486463,"DON",13.3211881941276,9.74914031353063,21.046328162177
"CO23SF009WA",17.0211881941275,11.3708536422115,"DON",17.0211881941275,9.74914031353063,21.1199939557422
"CO23SF010WA",4.82118819412759,11.3142737807024,"DON",4.82118819412759,9.74914031353063,21.0634140942331
"CO23SF012R",10.9711881941276,8.16097839219346,"DON",10.9711881941276,9.74914031353063,17.9101187057241
"CO23SF012WA",6.4211881941276,11.4837051473525,"DON",6.4211881941276,9.74914031353063,21.2328454608831
"CO23SF017WA",14.2211881941276,11.4023383526549,"DON",14.2211881941276,9.74914031353063,21.1514786661856
"CO23SF018R",15.1211881941276,12.8440714191264,"DON",15.1211881941276,9.74914031353063,22.593211732657
"CO23SF040RA",11.6711881941276,7.51200804630108,"DON",11.6711881941276,9.74914031353063,17.2611483598317
"CO23SF042R",11.9211881941276,11.0593018430778,"DON",11.9211881941276,9.74914031353063,20.8084421566084
"CO23SF049W",16.2211881941275,12.2022832474403,"DON",16.2211881941275,9.74914031353063,21.9514235609709
"CO23SF052R",16.7711881941276,10.6676849145797,"DON",16.7711881941276,9.74914031353063,20.4168252281103
"CO23SF058R",18.7211881941276,11.6218749381119,"DON",18.7211881941276,9.74914031353063,21.3710152516426
"CO23SF060RA",28.5711881941276,7.7270135943656,"DON",28.5711881941276,9.74914031353063,17.4761539078962
"CO23SF061W",26.9211881941276,12.0134457811925,"DON",26.9211881941276,9.74914031353063,21.7625860947232
"CO23SF080R",16.9211881941276,10.9332680500515,"DON",16.9211881941276,9.74914031353063,20.6824083635822
"CO23SF082R",8.22118819412764,13.0166173980006,"DON",8.22118819412764,9.74914031353063,22.7657577115313
"CO23SF083R",11.4211881941276,11.6851568920559,"DON",11.4211881941276,9.74914031353063,21.4342972055865
"CO23SF084R",30.8711881941276,12.7055259293382,"DON",30.8711881941276,9.74914031353063,22.4546662428688
"CO23SF085R",11.9211881941277,11.8240766134221,"DON",11.9211881941277,9.74914031353063,21.5732169269527
"CO23SF092R",18.4711881941276,13.3332895912399,"DON",18.4711881941276,9.74914031353063,23.0824299047706
"CO23SF105R",10.0211881941276,10.0946701475476,"DON",10.0211881941276,9.74914031353063,19.8438104610782
"CO23SF120R",35.0211881941277,12.3409429451824,"DON",35.0211881941277,9.74914031353063,22.090083258713
"CO23SF125R",44.7711881941277,10.8477404502313,"DON",44.7711881941277,9.74914031353063,20.5968807637619
"CO23SF149R",24.1711881941277,9.75114831649778,"DON",24.1711881941277,9.74914031353063,19.5002886300284
"CO23SF150R",27.6711881941277,9.69682498010945,"DON",27.6711881941277,9.74914031353063,19.4459652936401
"CO23SF154R",20.6211881941277,9.44020204063737,"DON",20.6211881941277,9.74914031353063,19.189342354168
"CO23SF161W",15.3211881941277,8.80245629824433,"DON",15.3211881941277,9.74914031353063,18.551596611775
"CO23SF165R",15.1211881941276,9.32624349082929,"DON",15.1211881941276,9.74914031353063,19.0753838043599
"CO23SF215R",10.5711881941275,11.3613638029114,"DON",10.5711881941275,9.74914031353063,21.1105041164421
"CO23SF218R",10.6711881941276,11.6878330747971,"DON",10.6711881941276,9.74914031353063,21.4369733883277
"CO23SF225R",14.1711881941277,10.0885594140276,"DON",14.1711881941277,9.74914031353063,19.8376997275582
"CO23SF236R",11.3211881941277,11.3341012394656,"DON",11.3211881941277,9.74914031353063,21.0832415529962
"CO23SF237R",14.7211881941277,10.6982478307564,"DON",14.7211881941277,9.74914031353063,20.4473881442871
"CO23SF244R",10.5211881941278,7.29792040018682,"DON",10.5211881941278,9.74914031353063,17.0470607137175
"CO23SF245R",22.2711881941278,7.98777775907252,"DON",22.2711881941278,9.74914031353063,17.7369180726032
"CO23SF257R",23.4211881941278,9.86397796660195,"DON",23.4211881941278,9.74914031353063,19.6131182801326
"CO23SF260R",16.8711881941278,8.38060691084135,"DON",16.8711881941278,9.74914031353063,18.129747224372
"CO23SF268R",16.3211881941278,9.37127077905804,"DON",16.3211881941278,9.74914031353063,19.1204110925887
"CO23SF269W",20.7211881941279,10.3895843460256,"DON",20.7211881941279,9.74914031353063,20.1387246595563
"CO23SF270R",20.1711881941278,11.2652747811993,"DON",20.1711881941278,9.74914031353063,21.0144150947299
"CO23SF271W",22.4211881941279,11.2034876033849,"DON",22.4211881941279,9.74914031353063,20.9526279169156
"CO23SF277R",16.4211881941278,10.7950358623234,"DON",16.4211881941278,9.74914031353063,20.5441761758541
"CO23SF283R",13.8711881941278,9.37674352682375,"DON",13.8711881941278,9.74914031353063,19.1258838403544
"CO23SFD004RA",30.8211881941276,9.11505806818354,"DON",30.8211881941276,9.74914031353063,18.8641983817142
"CO23SFD008R",7.17118819412774,12.4934370242592,"DON",7.17118819412774,9.74914031353063,22.2425773377898
"CO23SFD011RA",23.1711881941275,10.8218936565474,"DON",23.1711881941275,9.74914031353063,20.5710339700781
"CO23SFD032WA",33.5211881941275,11.9228411549617,"DON",33.5211881941275,9.74914031353063,21.6719814684924
"CO23SFD034RC",15.2711881941276,9.91604448752313,"DON",15.2711881941276,9.74914031353063,19.6651848010538
"CO23SFD035RA",41.8711881941276,11.8446348580208,"DON",41.8711881941276,9.74914031353063,21.5937751715514
"CO23SFD035RC",19.3711881941276,9.90466094940663,"DON",19.3711881941276,9.74914031353063,19.6538012629373
"CO23SFD037W",16.9211881941277,10.7747019007491,"DON",16.9211881941277,9.74914031353063,20.5238422142797
"CO23SFD038W",21.5711881941277,11.6118897678619,"DON",21.5711881941277,9.74914031353063,21.3610300813925
"CO23SFD039W",12.4711881941276,12.9284195432909,"DON",12.4711881941276,9.74914031353063,22.6775598568215
"CO23SFD039WA",27.9711881941276,12.772466087756,"DON",27.9711881941276,9.74914031353063,22.5216064012866
"CO23SFD041W",8.22118819412772,11.9016994953428,"DON",8.22118819412772,9.74914031353063,21.6508398088734
"CO23SFD042R",7.12118819412778,9.0697827773532,"DON",7.12118819412778,9.74914031353063,18.8189230908838
"CO23SFD045W",15.4211881941276,11.8661989007296,"DON",15.4211881941276,9.74914031353063,21.6153392142602
"CO23SFD047W",20.8211881941275,9.87840943184273,"DON",20.8211881941275,9.74914031353063,19.6275497453734
"CO23SFD049R",8.1211881941276,10.4075638479493,"DON",8.1211881941276,9.74914031353063,20.1567041614799
"CO23SFD050R",17.8211881941276,10.826306001033,"DON",17.8211881941276,9.74914031353063,20.5754463145636
"CO23SFD051WA",31.6711881941275,8.45594174068561,"DON",31.6711881941275,9.74914031353063,18.2050820542162
"CO23SFD057M",22.5711881941277,9.84657468615712,"DON",22.5711881941277,9.74914031353063,19.5957149996878
"CO23SFD066R",29.7211881941277,10.689402241976,"DON",29.7211881941277,9.74914031353063,20.4385425555067
"CO23SFD085R",12.9711881941278,9.50740545198392,"DON",12.9711881941278,9.74914031353063,19.2565457655146
"CO23SFD088R",29.4211881941276,9.61676193983327,"DON",29.4211881941276,9.74914031353063,19.3659022533639
"CO23SFD102R",27.7211881941276,13.3323451229565,"DON",27.7211881941276,9.74914031353063,23.0814854364871
"CO23SFD122W",23.1711881941277,14.6629413947942,"DON",23.1711881941277,9.74914031353063,24.4120817083248
"CO23SFD130R",26.3211881941277,9.07453065510047,"DON",26.3211881941277,9.74914031353063,18.8236709686311
"CO23SFD131R",32.9711881941276,9.09553404586819,"DON",32.9711881941276,9.74914031353063,18.8446743593988
"CO23SFD188R",11.6211881941276,9.1352634708603,"DON",11.6211881941276,9.74914031353063,18.8844037843909
"Canvas",8.04999999999992,10.1907670911551,"DON",8.04999999999992,9.74914031353063,19.9399074046857
"CrescentAX",7.64999999999975,9.2558743505145,"DON",7.64999999999975,9.74914031353063,19.0050146640451
"FortifySF",9.82118819412751,9.29820486078064,"DON",9.82118819412751,9.74914031353063,19.0473451743113
"Fortress",20.7211881941276,8.84402650748964,"DON",20.7211881941276,9.74914031353063,18.5931668210203
"Langin",6.15000000000006,8.85988535331474,"DON",6.15000000000006,9.74914031353063,18.6090256668454
"Sheridan",11.8000000000001,12.4164486636853,"DON",11.8000000000001,9.74914031353063,22.1655889772159
"Snowmass2.0",13.9000000000001,17.0645810250105,"DON",13.9000000000001,9.74914031353063,26.8137213385411
"Telluride",21.6000000000001,15.253395875044,"DON",21.6000000000001,9.74914031353063,25.0025361885746
"WindomSF",15.0000000000002,14.7966004450408,"DON",15.0000000000002,9.74914031353063,24.5457407585715
"AmplifySF",65.2644018495474,27.5524637867947,"FDK",65.2644018495474,24.7709302372633,52.323394024058
"Avery",50.264401849543,25.6507804455154,"FDK",50.264401849543,24.7709302372633,50.4217106827788
"Byrd",25.2644018495429,25.1345947188273,"FDK",25.2644018495429,24.7709302372633,49.9055249560906
"ByrdCLPlus",37.7806754228537,25.8504693287968,"FDK",37.7806754228537,24.7709302372633,50.6213995660601
"CO18042RA",10.264401849543,24.9736837970166,"FDK",10.264401849543,24.7709302372633,49.7446140342799
"CO19410R",40.2644018495429,26.2787189069855,"FDK",40.2644018495429,24.7709302372633,51.0496491442488
"CO19D087R",17.7644018495429,24.9081495212871,"FDK",17.7644018495429,24.7709302372633,49.6790797585504
"CO200037R",37.7644018495428,24.4002690865541,"FDK",37.7644018495428,24.7709302372633,49.1711993238174
"CO200082R",17.764401849543,24.6303898650953,"FDK",17.764401849543,24.7709302372633,49.4013201023586
"CO20022RC",20.264401849543,24.6269063753792,"FDK",20.264401849543,24.7709302372633,49.3978366126425
"CO200247W",32.764401849543,24.1109109194915,"FDK",32.764401849543,24.7709302372633,48.8818411567548
"CO20D036R",12.7644018495429,23.7669546118502,"FDK",12.7644018495429,24.7709302372633,48.5378848491136
"CO20D068W",37.764401849543,24.1496628934164,"FDK",37.764401849543,24.7709302372633,48.9205931306797
"CO20D079R",42.764401849543,24.8447268686317,"FDK",42.764401849543,24.7709302372633,49.615657105895
"CO20D097R",32.7644018495429,24.5134306066558,"FDK",32.7644018495429,24.7709302372633,49.2843608439191
"CO20D108R",20.264401849543,23.0664267604285,"FDK",20.264401849543,24.7709302372633,47.8373569976918
"CO20SFD019R",47.7644018495431,29.2267373215203,"FDK",47.7644018495431,24.7709302372633,53.9976675587837
"CO20SFD020R",12.764401849543,27.3031019340645,"FDK",12.764401849543,24.7709302372633,52.0740321713278
"CO210077R",30.264401849543,24.9076294383315,"FDK",30.264401849543,24.7709302372633,49.6785596755949
"CO210198R",25.2644018495429,24.2751169989483,"FDK",25.2644018495429,24.7709302372633,49.0460472362116
"CO210240W",40.264401849543,23.8460599970319,"FDK",40.264401849543,24.7709302372633,48.6169902342952
"CO210418R",20.264401849543,24.2066849899584,"FDK",20.264401849543,24.7709302372633,48.9776152272217
"CO210771R",15.264401849543,25.3441069695998,"FDK",15.264401849543,24.7709302372633,50.1150372068631
"CO21D1790R",30.264401849543,23.6264903380856,"FDK",30.264401849543,24.7709302372633,48.3974205753489
"CO21SF0073W",10.2806754228557,25.3553963152477,"FDK",10.2806754228557,24.7709302372633,50.1263265525111
"CO21SF191RA",17.7806754228557,25.8456787836346,"FDK",17.7806754228557,24.7709302372633,50.6166090208979
"CO21SF197R",32.7806754228559,25.4597513206726,"FDK",32.7806754228559,24.7709302372633,50.230681557936
"CO21SF226R",37.7806754228556,25.0391147679736,"FDK",37.7806754228556,24.7709302372633,49.8100450052369
"CO21SF240R",12.7806754228558,25.3756736093418,"FDK",12.7806754228558,24.7709302372633,50.1466038466051
"CO21SF263RA",10.2806754228556,25.4524395419799,"FDK",10.2806754228556,24.7709302372633,50.2233697792433
"CO21SF496R",35.2806754228559,26.9478322103545,"FDK",35.2806754228559,24.7709302372633,51.7187624476179
"CO21SFD0950R",50.2806754228559,27.3702067625407,"FDK",50.2806754228559,24.7709302372633,52.141136999804
"CO220002W",12.7644018495429,23.6702667582189,"FDK",12.7644018495429,24.7709302372633,48.4411969954822
"CO220025W",27.7644018495429,24.0478752120353,"FDK",27.7644018495429,24.7709302372633,48.8188054492986
"CO220052R",17.764401849543,24.2619194460789,"FDK",17.764401849543,24.7709302372633,49.0328496833423
"CO220054R",35.264401849543,24.2478151150938,"FDK",35.264401849543,24.7709302372633,49.0187453523572
"CO220087R",17.7644018495429,24.7056722661587,"FDK",17.7644018495429,24.7709302372633,49.476602503422
"CO220133R",20.2644018495429,23.2024296530888,"FDK",20.2644018495429,24.7709302372633,47.9733598903522
"CO220151R",35.264401849543,24.2822435694725,"FDK",35.264401849543,24.7709302372633,49.0531738067359
"CO220156R",40.264401849543,24.3360852278048,"FDK",40.264401849543,24.7709302372633,49.1070154650682
"CO220188R",32.764401849543,24.4662419766939,"FDK",32.764401849543,24.7709302372633,49.2371722139573
"CO220211R",17.7644018495429,24.5942414955246,"FDK",17.7644018495429,24.7709302372633,49.365171732788
"CO220215R",17.7644018495432,24.8631649117323,"FDK",17.7644018495432,24.7709302372633,49.6340951489956
"CO220241R",25.264401849543,24.5582448515594,"FDK",25.264401849543,24.7709302372633,49.3291750888227
"CO220251R",30.264401849543,24.8200630614717,"FDK",30.264401849543,24.7709302372633,49.590993298735
"CO220285R",17.764401849543,24.852542466922,"FDK",17.764401849543,24.7709302372633,49.6234727041853
"CO220296R",10.264401849543,25.338555509346,"FDK",10.264401849543,24.7709302372633,50.1094857466094
"CO220362R",17.764401849543,23.9692615279105,"FDK",17.764401849543,24.7709302372633,48.7401917651738
"CO220406R",30.264401849543,24.6911889883215,"FDK",30.264401849543,24.7709302372633,49.4621192255849
"CO220467R",22.764401849543,24.7434016660021,"FDK",22.764401849543,24.7709302372633,49.5143319032654
"CO220469R",25.2644018495429,24.2888434382212,"FDK",25.2644018495429,24.7709302372633,49.0597736754846
"CO220479R",30.264401849543,25.5595361703984,"FDK",30.264401849543,24.7709302372633,50.3304664076617
"CO220502R",37.7644018495431,24.9077587300932,"FDK",37.7644018495431,24.7709302372633,49.6786889673566
"CO220506R",12.7644018495428,24.4205104636061,"FDK",12.7644018495428,24.7709302372633,49.1914407008694
"CO220512R",47.764401849543,25.6929085789352,"FDK",47.764401849543,24.7709302372633,50.4638388161986
"CO220570R",17.764401849543,24.749459863223,"FDK",17.764401849543,24.7709302372633,49.5203901004864
"CO220610R",32.764401849543,24.1881500125796,"FDK",32.764401849543,24.7709302372633,48.959080249843
"CO220622R",30.264401849543,24.6629395484061,"FDK",30.264401849543,24.7709302372633,49.4338697856695
"CO220683R",17.7644018495429,24.9641181562453,"FDK",17.7644018495429,24.7709302372633,49.7350483935087
"CO220720R",37.764401849543,23.7081924236707,"FDK",37.764401849543,24.7709302372633,48.479122660934
"CO220786R",35.264401849543,24.6755693731497,"FDK",35.264401849543,24.7709302372633,49.446499610413
"CO220794R",32.7644018495432,24.7334952486887,"FDK",32.7644018495432,24.7709302372633,49.5044254859521
"CO220796R",42.7644018495431,24.3621648111639,"FDK",42.7644018495431,24.7709302372633,49.1330950484272
"CO220802R",37.7644018495431,24.7571561245447,"FDK",37.7644018495431,24.7709302372633,49.5280863618081
"CO220865R",27.7644018495429,24.5682100516394,"FDK",27.7644018495429,24.7709302372633,49.3391402889028
"CO220869R",37.764401849543,24.8091773240211,"FDK",37.764401849543,24.7709302372633,49.5801075612844
"CO220881R",65.264401849543,25.047793552181,"FDK",65.264401849543,24.7709302372633,49.8187237894443
"CO220884R",30.264401849543,25.652978295409,"FDK",30.264401849543,24.7709302372633,50.4239085326723
"CO22D002R",47.7644018495431,24.3342027189746,"FDK",47.7644018495431,24.7709302372633,49.105132956238
"CO22D027R",35.2644018495429,24.9044868202606,"FDK",35.2644018495429,24.7709302372633,49.6754170575239
"CO22D037R",15.264401849543,23.7592787386692,"FDK",15.264401849543,24.7709302372633,48.5302089759326
"CO22D103W",32.764401849543,23.5657368206849,"FDK",32.764401849543,24.7709302372633,48.3366670579482
"CO22D157R",40.2644018495431,25.1063709539519,"FDK",40.2644018495431,24.7709302372633,49.8773011912152
"CO22D324R",17.764401849543,24.752273233358,"FDK",17.764401849543,24.7709302372633,49.5232034706213
"CO22SF003R",52.7806754228558,26.6428012544929,"FDK",52.7806754228558,24.7709302372633,51.4137314917562
"CO22SF008WC",20.2806754228557,25.2934551813778,"FDK",20.2806754228557,24.7709302372633,50.0643854186412
"CO22SF019R",20.280675422856,24.8550955257942,"FDK",20.280675422856,24.7709302372633,49.6260257630576
"CO22SF039M",12.7806754228559,26.0356236742887,"FDK",12.7806754228559,24.7709302372633,50.806553911552
"CO22SF047RA",42.7806754228557,25.515152924245,"FDK",42.7806754228557,24.7709302372633,50.2860831615084
"CO22SF085R",27.7806754228558,26.8839812123677,"FDK",27.7806754228558,24.7709302372633,51.654911449631
"CO22SFD101R",60.2806754228555,26.2319025222143,"FDK",60.2806754228555,24.7709302372633,51.0028327594777
"CO22SFD105M",32.7806754228559,23.9021943970691,"FDK",32.7806754228559,24.7709302372633,48.6731246343324
"CO22SFD168W",17.780675422856,24.6592037747349,"FDK",17.780675422856,24.7709302372633,49.4301340119983
"CO22SFD177W",17.7806754228557,25.0199512056631,"FDK",17.7806754228557,24.7709302372633,49.7908814429264
"CO23D004R",32.764401849543,24.6742799074819,"FDK",32.764401849543,24.7709302372633,49.4452101447453
"CO23D013R",27.764401849543,24.3625384943273,"FDK",27.764401849543,24.7709302372633,49.1334687315906
"CO23D017R",25.2644018495431,24.2054538428101,"FDK",25.2644018495431,24.7709302372633,48.9763840800734
"CO23D020R",37.764401849543,23.7228329550942,"FDK",37.764401849543,24.7709302372633,48.4937631923575
"CO23D025R",40.264401849543,25.2136776593939,"FDK",40.264401849543,24.7709302372633,49.9846078966573
"CO23D032R",27.764401849543,23.6834776940165,"FDK",27.764401849543,24.7709302372633,48.4544079312798
"CO23D042R",50.2644018495431,25.5629883506548,"FDK",50.2644018495431,24.7709302372633,50.3339185879181
"CO23D047R",32.7644018495431,24.1389647823089,"FDK",32.7644018495431,24.7709302372633,48.9098950195722
"CO23D049R",32.764401849543,25.2546498181453,"FDK",32.764401849543,24.7709302372633,50.0255800554086
"CO23D059R",12.764401849543,23.9748500231173,"FDK",12.764401849543,24.7709302372633,48.7457802603807
"CO23D060W",22.764401849543,25.3010465486441,"FDK",22.764401849543,24.7709302372633,50.0719767859074
"CO23D061R",25.264401849543,23.9970384727979,"FDK",25.264401849543,24.7709302372633,48.7679687100612
"CO23D070R",40.2644018495429,25.2771450163872,"FDK",40.2644018495429,24.7709302372633,50.0480752536505
"CO23D078R",32.7644018495429,24.6654362141531,"FDK",32.7644018495429,24.7709302372633,49.4363664514164
"CO23D090R",47.7644018495431,25.2608696666298,"FDK",47.7644018495431,24.7709302372633,50.0317999038931
"CO23D103R",27.7644018495429,25.104582926981,"FDK",27.7644018495429,24.7709302372633,49.8755131642443
"CO23D118W",27.764401849543,25.3182809651405,"FDK",27.764401849543,24.7709302372633,50.0892112024038
"CO23D123R",12.7644018495429,25.6794846316212,"FDK",12.7644018495429,24.7709302372633,50.4504148688845
"CO23D182R",17.7644018495429,26.0059354124479,"FDK",17.7644018495429,24.7709302372633,50.7768656497112
"CO23D184R",25.2644018495429,25.1223134838289,"FDK",25.2644018495429,24.7709302372633,49.8932437210923
"CO23D190R",47.764401849543,25.0380231021462,"FDK",47.764401849543,24.7709302372633,49.8089533394095
"CO23D194R",60.264401849543,25.0201376130159,"FDK",60.264401849543,24.7709302372633,49.7910678502792
"CO23D218R",42.7644018495432,25.6266813968653,"FDK",42.7644018495432,24.7709302372633,50.3976116341286
"CO23D240R",25.2644018495429,22.4870895070521,"FDK",25.2644018495429,24.7709302372633,47.2580197443155
"CO23D242W",17.764401849543,24.5995826345989,"FDK",17.764401849543,24.7709302372633,49.3705128718622
"CO23D243R",10.2644018495431,24.1760394934132,"FDK",10.2644018495431,24.7709302372633,48.9469697306765
"CO23D246W",17.764401849543,23.9400045324065,"FDK",17.764401849543,24.7709302372633,48.7109347696699
"CO23D247W",20.2644018495431,24.6747876480484,"FDK",20.2644018495431,24.7709302372633,49.4457178853118
"CO23SF008R",17.7806754228557,23.9870248537703,"FDK",17.7806754228557,24.7709302372633,48.7579550910336
"CO23SF009WA",30.2806754228557,25.2997296878129,"FDK",30.2806754228557,24.7709302372633,50.0706599250763
"CO23SF010WA",2.78067542285565,25.5897323531053,"FDK",2.78067542285565,24.7709302372633,50.3606625903687
"CO23SF012R",10.2806754228557,24.7709860210773,"FDK",10.2806754228557,24.7709302372633,49.5419162583407
"CO23SF012WA",7.78067542285587,25.6490832263627,"FDK",7.78067542285587,24.7709302372633,50.4200134636261
"CO23SF017WA",25.2806754228557,25.8847154385588,"FDK",25.2806754228557,24.7709302372633,50.6556456758222
"CO23SF018R",25.2806754228557,24.1917728808781,"FDK",25.2806754228557,24.7709302372633,48.9627031181415
"CO23SF040RA",17.780675422856,24.5653782695795,"FDK",17.780675422856,24.7709302372633,49.3363085068428
"CO23SF042R",12.7806754228557,25.1341240042604,"FDK",12.7806754228557,24.7709302372633,49.9050542415237
"CO23SF049W",20.2806754228557,25.3082371981683,"FDK",20.2806754228557,24.7709302372633,50.0791674354316
"CO23SF052R",20.2806754228557,25.6552840218679,"FDK",20.2806754228557,24.7709302372633,50.4262142591312
"CO23SF058R",27.7806754228556,26.2332800586401,"FDK",27.7806754228556,24.7709302372633,51.0042102959035
"CO23SF060RA",45.280675422856,25.0664151586412,"FDK",45.280675422856,24.7709302372633,49.8373453959045
"CO23SF061W",32.7806754228559,24.2374370306834,"FDK",32.7806754228559,24.7709302372633,49.0083672679467
"CO23SF080R",25.2806754228557,24.7957307353966,"FDK",25.2806754228557,24.7709302372633,49.5666609726599
"CO23SF082R",10.2806754228556,26.456875942472,"FDK",10.2806754228556,24.7709302372633,51.2278061797354
"CO23SF083R",17.7806754228556,24.6600423994761,"FDK",17.7806754228556,24.7709302372633,49.4309726367394
"CO23SF084R",42.780675422856,25.9107727477911,"FDK",42.780675422856,24.7709302372633,50.6817029850545
"CO23SF085R",15.280675422856,25.8893868115786,"FDK",15.280675422856,24.7709302372633,50.660317048842
"CO23SF092R",27.7806754228557,25.2589235326424,"FDK",27.7806754228557,24.7709302372633,50.0298537699058
"CO23SF105R",15.2806754228556,25.5636252580688,"FDK",15.2806754228556,24.7709302372633,50.3345554953321
"CO23SF120R",42.7806754228556,25.4622005987692,"FDK",42.7806754228556,24.7709302372633,50.2331308360325
"CO23SF125R",50.2806754228558,25.148154751412,"FDK",50.2806754228558,24.7709302372633,49.9190849886753
"CO23SF149R",32.7806754228556,26.4762703295134,"FDK",32.7806754228556,24.7709302372633,51.2472005667767
"CO23SF150R",30.280675422856,25.9786633045245,"FDK",30.280675422856,24.7709302372633,50.7495935417878
"CO23SF154R",30.2806754228556,25.1378862398317,"FDK",30.2806754228556,24.7709302372633,49.9088164770951
"CO23SF161W",15.2806754228559,25.9768756665107,"FDK",15.2806754228559,24.7709302372633,50.7478059037741
"CO23SF165R",20.280675422856,25.1503184495851,"FDK",20.280675422856,24.7709302372633,49.9212486868484
"CO23SF215R",15.2806754228557,24.4868275796502,"FDK",15.2806754228557,24.7709302372633,49.2577578169136
"CO23SF218R",20.2806754228556,25.3458794473809,"FDK",20.2806754228556,24.7709302372633,50.1168096846442
"CO23SF225R",17.780675422856,25.4667130049136,"FDK",17.780675422856,24.7709302372633,50.2376432421769
"CO23SF236R",12.7806754228558,25.181592710523,"FDK",12.7806754228558,24.7709302372633,49.9525229477864
"CO23SF237R",25.2806754228557,26.4083533523284,"FDK",25.2806754228557,24.7709302372633,51.1792835895918
"CO23SF244R",20.2806754228557,26.1070665735619,"FDK",20.2806754228557,24.7709302372633,50.8779968108253
"CO23SF245R",35.2806754228559,25.4689948384464,"FDK",35.2806754228559,24.7709302372633,50.2399250757097
"CO23SF257R",25.2806754228558,25.1017886056436,"FDK",25.2806754228558,24.7709302372633,49.8727188429069
"CO23SF260R",27.7806754228557,24.9253085972933,"FDK",27.7806754228557,24.7709302372633,49.6962388345566
"CO23SF268R",15.2806754228558,24.9869226889033,"FDK",15.2806754228558,24.7709302372633,49.7578529261666
"CO23SF269W",22.7806754228559,25.4689428625513,"FDK",22.7806754228559,24.7709302372633,50.2398730998146
"CO23SF270R",27.7806754228559,24.5105914343226,"FDK",27.7806754228559,24.7709302372633,49.2815216715859
"CO23SF271W",27.7806754228559,24.8046990210152,"FDK",27.7806754228559,24.7709302372633,49.5756292582786
"CO23SF277R",15.2806754228559,25.6219111963103,"FDK",15.2806754228559,24.7709302372633,50.3928414335737
"CO23SF283R",15.2806754228557,25.1157222542509,"FDK",15.2806754228557,24.7709302372633,49.8866524915142
"CO23SFD004RA",50.2806754228557,24.7344018426269,"FDK",50.2806754228557,24.7709302372633,49.5053320798902
"CO23SFD008R",10.2806754228558,25.3307647584493,"FDK",10.2806754228558,24.7709302372633,50.1016949957126
"CO23SFD011RA",37.780675422856,25.7658179838626,"FDK",37.780675422856,24.7709302372633,50.5367482211259
"CO23SFD032WA",35.2806754228559,26.9602668780881,"FDK",35.2806754228559,24.7709302372633,51.7311971153515
"CO23SFD034RC",25.280675422856,26.4970605202643,"FDK",25.280675422856,24.7709302372633,51.2679907575276
"CO23SFD035RA",45.2806754228559,26.3562520676478,"FDK",45.2806754228559,24.7709302372633,51.1271823049111
"CO23SFD035RC",30.2806754228558,26.4188569851192,"FDK",30.2806754228558,24.7709302372633,51.1897872223826
"CO23SFD037W",20.2806754228558,24.0590866232514,"FDK",20.2806754228558,24.7709302372633,48.8300168605147
"CO23SFD038W",20.280675422856,23.7046400106533,"FDK",20.280675422856,24.7709302372633,48.4755702479167
"CO23SFD039W",15.2806754228556,25.7572102319527,"FDK",15.2806754228556,24.7709302372633,50.528140469216
"CO23SFD039WA",40.2806754228558,25.4618526576468,"FDK",40.2806754228558,24.7709302372633,50.2327828949102
"CO23SFD041W",7.78067542285581,26.2582841741686,"FDK",7.78067542285581,24.7709302372633,51.029214411432
"CO23SFD042R",10.2806754228559,23.9785515422367,"FDK",10.2806754228559,24.7709302372633,48.7494817795
"CO23SFD045W",22.7806754228557,25.3936257026848,"FDK",22.7806754228557,24.7709302372633,50.1645559399482
"CO23SFD047W",35.2806754228558,25.0194574357886,"FDK",35.2806754228558,24.7709302372633,49.790387673052
"CO23SFD049R",15.280675422856,24.9376195918564,"FDK",15.280675422856,24.7709302372633,49.7085498291198
"CO23SFD050R",25.280675422856,24.9145062657552,"FDK",25.280675422856,24.7709302372633,49.6854365030186
"CO23SFD051WA",25.2806754228559,25.3402809092622,"FDK",25.2806754228559,24.7709302372633,50.1112111465255
"CO23SFD057M",32.7806754228558,25.3317412554282,"FDK",32.7806754228558,24.7709302372633,50.1026714926915
"CO23SFD066R",60.2806754228559,26.475940184864,"FDK",60.2806754228559,24.7709302372633,51.2468704221274
"CO23SFD085R",22.7806754228558,26.1594820039685,"FDK",22.7806754228558,24.7709302372633,50.9304122412318
"CO23SFD088R",37.7806754228557,25.4859344701693,"FDK",37.7806754228557,24.7709302372633,50.2568647074326
"CO23SFD102R",35.280675422856,24.7619925871614,"FDK",35.280675422856,24.7709302372633,49.5329228244247
"CO23SFD122W",25.2806754228558,25.6141900001248,"FDK",25.2806754228558,24.7709302372633,50.3851202373881
"CO23SFD130R",32.780675422856,25.8780340343099,"FDK",32.780675422856,24.7709302372633,50.6489642715733
"CO23SFD131R",35.2806754228558,25.4813800697801,"FDK",35.2806754228558,24.7709302372633,50.2523103070434
"CO23SFD188R",12.7806754228558,24.0145978547507,"FDK",12.7806754228558,24.7709302372633,48.7855280920141
"Canvas",27.7644018495428,24.5340615765417,"FDK",27.7644018495428,24.7709302372633,49.304991813805
"CrescentAX",25.2644018495431,25.5031988752719,"FDK",25.2644018495431,24.7709302372633,50.2741291125352
"FortifySF",17.7806754228554,25.765077616714,"FDK",17.7806754228554,24.7709302372633,50.5360078539774
"Fortress",30.2806754228558,25.7968439664229,"FDK",30.2806754228558,24.7709302372633,50.5677742036862
"Langin",12.764401849543,24.6802078181593,"FDK",12.764401849543,24.7709302372633,49.4511380554226
"Sheridan",32.764401849543,23.6252246807668,"FDK",32.764401849543,24.7709302372633,48.3961549180301
"Snowmass2.0",27.764401849543,23.0875829949594,"FDK",27.764401849543,24.7709302372633,47.8585132322227
"Telluride",42.764401849543,25.2137451566083,"FDK",42.764401849543,24.7709302372633,49.9846753938716
"WindomSF",27.764401849543,25.7427928292502,"FDK",27.764401849543,24.7709302372633,50.5137230665135
