"genotype","PC1","PC2","program","set"
"Kharkof",4.6507222834541,-9.0094665431457,"Other","Training"
"CO21SFD0950R",-8.63313575146278,27.6631968111532,"CO","Testing and Training"
"CO200030R",-64.9855587851546,-3.52593651682783,"CO","Training"
"CrescentAX",-53.997191831953,-35.643877886681,"Other","Testing"
"NE18455",-6.743147987618,-9.46543351648665,"NE","Training"
"CO20SFD043R",-14.0205878562343,32.2022369906141,"CO","Training"
"CO19S076R",-18.342961122906,28.0036104681994,"CO","Training"
"CO20SFD020R",-34.8651721558655,3.38259499873009,"CO","Testing and Training"
"CO19S088W",-14.2165252625228,29.2048683552176,"CO","Training"
"Langin",-56.8620131158866,-27.2459789853017,"Other","Testing"
"CO20SF095R",-46.1558722816605,-10.9489498262835,"CO","Training"
"CO20SF192R",-22.9190832481601,-7.16426231043549,"CO","Training"
"KivariAX",-60.5655526357561,-30.3014468682795,"Other",NA
"CO18922W",-18.7409284191672,18.4540604002791,"CO","Training"
"CO20SFD033W",-13.8506596147005,41.3030518933893,"CO","Training"
"CO200034R",-67.6904889250825,-5.55263771402228,"CO","Training"
"CO18228RA",-65.3007245894585,-29.8325217065127,"CO","Training"
"CO20SFD011R",-33.1499135709,2.46265641975354,"CO","Training"
"CO21D1790R",-27.3076518407547,17.0559490430271,"CO","Testing and Training"
"NE17433",29.6739976040194,-3.13156847334953,"NE","Training"
"CO19S085W",-6.47472958814357,45.3037954127911,"CO","Training"
"Byrd",-76.0404199250014,-34.317228863333,"Other","Testing"
"CO200037R",-68.6528374360334,-4.12083433753192,"CO","Testing and Training"
"CO19041R",-44.4955229480289,-5.35233889160301,"CO","Training"
"CO20SF227R",-52.7981743325445,-9.70076772943397,"CO","Training"
"CO19393R",-21.7031480109614,8.21026700908225,"CO","Training"
"CO20SFD013R",-27.7185028235938,17.5397701956411,"CO","Training"
"Sheridan",-28.7055136817009,13.2844006365902,"Other","Testing"
"CO20022RC",-57.7777774579527,-2.00734824512483,"CO","Testing"
"CO19S053R",-49.719398786903,9.11611756732814,"CO","Training"
"CO19391R",-12.9758044551908,4.64602980110823,"CO","Training"
"WindomSF",-18.0348149048157,51.7952516545742,"Other","Testing"
"CO19D322R",-33.7939817243776,3.404458358337,"CO","Training"
"NHH17450",-7.6977343956106,-7.10290272970787,"Other","Training"
"Snowmass2.0",-5.98798127087239,46.4933247932553,"Other","Testing"
"CO19S069W",-8.88429254211274,30.7905866752839,"CO","Training"
"CO20SFD019R",-34.8038878155296,-1.85453141249263,"CO","Testing and Training"
"ByrdCLPlus",-44.3829893944157,-7.13653335418879,"Other","Testing"
"CO17449R",-25.9881578597667,27.9721321870055,"CO","Training"
"CO200215R",-20.3775316660682,9.87404922490207,"CO","Training"
"CO19S135W",-10.8904644372841,43.4159499101244,"CO","Training"
"CO18035RA",-65.5267544237394,-29.2018038317819,"CO","Training"
"CO20SF014W",-12.2075069728561,33.3972569960384,"CO","Training"
"CO19S038R",-30.9529148402429,9.48264894770116,"CO","Training"
"Canvas",-70.6157240398127,-4.55906779270855,"Other","Testing"
"CO19S129W",-16.5005098048633,33.5097112799768,"CO","Training"
"CO19D255W",-7.88817591940337,28.5631919479018,"CO","Training"
"NHH17612",-7.79774988271264,-9.59960860132568,"Other","Training"
"CO19D042W",-9.21750165158969,37.9428365309313,"CO","Training"
"CO200082R",-43.6551902400387,2.67810056968977,"CO","Testing"
"CO20SF198R",-19.4358865642237,-6.86900159112959,"CO","Training"
"AmplifySF",-10.1501975176127,34.1889282589692,"Other","Testing"
"CO20D079R",-52.2582663544304,-17.4269266196635,"CO","Testing and Training"
"CO18499M",-12.1296631376536,20.7320790000541,"CO","Training"
"CO20SFD071R",-16.1140238880369,41.6363541299176,"CO","Training"
"CO18042RA",-68.5218249803385,-30.7103147139976,"CO","Testing and Training"
"CO20SF163R",-18.5329955664503,4.17807817081221,"CO","Training"
"CO20D045R",-26.3077403417205,13.7611982574878,"CO","Training"
"CO19D087R",-54.5996773164025,-15.801482392088,"CO","Testing and Training"
"CO19S091W",-13.3278106845449,31.0722897217588,"CO","Training"
"CO20SF141R",-12.2122661392127,40.6443043693665,"CO","Training"
"Fortress",-23.9807906166355,38.2935519920376,"Other","Testing"
"CO19233R",-19.7235154142169,14.2590097571217,"CO","Training"
"CO19D040W",-8.90818751726042,37.7837450920898,"CO","Training"
"CO20D036R",-44.0483201831622,-2.40819781049505,"CO","Testing and Training"
"CO20SF240R",-20.7441120141784,-13.4186336877457,"CO","Training"
"NE19406",-0.63751862702791,7.34568480759655,"NE","Training"
"CO22D027R",-47.7932997720841,-11.0515697518073,"CO","Testing"
"NHH19651",-5.99137581212896,-6.44418941093144,"Other","Training"
"SD19B011.2",17.0870007871121,-17.7332407320688,"SD","Training"
"NHH19668",4.87979011751595,-4.84443181031854,"Other","Training"
"NE19542",30.3871665591487,-43.9054254947274,"NE","Training"
"NE19412",17.4130397852933,19.7026440690675,"NE","Training"
"NHH20669",5.56277842888136,-1.58113779921349,"Other","Training"
"CO21SF0073W",-35.653028535039,14.9881237851807,"CO","Testing and Training"
"CO22D037R",-29.4112662592653,21.6117931222926,"CO","Testing"
"NE19611",29.5233856180165,10.1922555156799,"NE","Training"
"NE19619",-8.38703127240113,-16.6150515272127,"NE","Training"
"Mattern",3.99860091071726,6.91326093981119,"Other","Training"
"NE19590",6.72274403785236,5.91362219622589,"NE","Training"
"CO19D304R",-27.4008874544086,9.52222703390689,"CO","Training"
"NE19430",12.9291102165362,3.2850332521964,"NE","Training"
"NE19455",7.41391526745401,-10.6610968439559,"NE","Training"
"NE19454",5.47810534913202,-4.62966546475528,"NE","Training"
"NE15624",16.1030728243241,9.46206128503028,"NE","Training"
"CO19D223W",-8.72080698509189,48.5834601480014,"CO","Training"
"Avery",-66.8208375786972,-37.0526626951427,"Other","Testing"
"CO16SF067",-21.5568142451345,38.4834694869973,"CO","Training"
"CO21SF496R",-40.595272347919,10.3083437664408,"CO","Testing and Training"
"OK18205",13.9565363157439,-1.72058516507998,"OK","Training"
"KS21HD147",-24.7426070517936,-12.9304232387862,"KS","Training"
"KS21HD149",-7.85383195694448,17.3588943084876,"KS","Training"
"SD18D043.5",8.5400690229306,-8.10241487811863,"SD","Training"
"VA20HRW.23",55.499130263082,21.4080149744545,"VA","Training"
"TX19AS002295",-30.7575938998759,-9.64512374638319,"TX","Training"
"KS21HD144",-1.84844734084766,-23.9766337544391,"KS","Training"
"NE20501",9.28230411186633,-3.30574542155413,"NE","Training"
"KS160476S.6",31.4111769937348,5.13349629129722,"KS","Training"
"NE20628",9.91377776073983,8.65299361765913,"NE","Training"
"NE20626",11.9413325609606,5.7000334496695,"NE","Training"
"KS21U7269.C1.B8",-18.7058442559151,-15.2353405279513,"KS","Training"
"VA20HRW.10",62.9820001892922,33.9454576947719,"VA","Training"
"VA20HRW.16",56.1035289147577,22.7068669944176,"VA","Training"
"SD19B057.1",21.9620488429329,-9.17389217545442,"SD","Training"
"OK21DTR1708.52",10.4262716476975,-11.6733756055341,"OK","Training"
"SD18D037.11",9.92063774635127,-2.86350992736733,"SD","Training"
"KS21U8584.C.A3",6.93262705469031,-4.11850415707241,"KS","Training"
"KS21U7266.E1.B2",-10.1136920376348,-1.32021824342868,"KS","Training"
"DH16GH8053",11.6073613617513,8.28472983887085,"Other","Training"
"NE20531",-7.68617515024612,-14.714258866555,"NE","Training"
"KS21HD168",-2.48409436881178,13.1525214892917,"KS","Training"
"KS160524S.10",11.633784584389,15.0870449061857,"KS","Training"
"VA20HRW.44",50.8107863758888,30.1139481782983,"VA","Training"
"VA20HRW.45",64.0307107807106,32.5961935026722,"VA","Training"
"VA20HRW.43",59.5340413677701,34.7477729705251,"VA","Training"
"VA20HRW.48",59.3346513789454,31.0090586499241,"VA","Training"
"VA20HRW.46",56.7484899481518,28.1575450324329,"VA","Training"
"NHH20651",5.68977974028624,-1.83052210756004,"Other","Training"
"NE20522",3.86649833109455,-11.0806393545165,"NE","Training"
"VA20HRW.40",53.6109495618885,43.9728645606974,"VA","Training"
"SD18D042.3",15.1087040038402,-9.83885861233018,"SD","Training"
"NHH20659",-4.08138469158994,-2.40079588820387,"Other","Training"
"KS21HD158",-1.16357987317043,8.01915729105978,"KS","Training"
"VA20HRW.39",58.6159450602234,40.6313528610485,"VA","Training"
"KS21HD159",-17.7296467215582,22.247682722659,"KS","Training"
"KS21H6",3.97473051255467,4.01441785044314,"KS","Training"
"KS21HD154",-7.42379382949961,-4.81883187813227,"KS","Training"
"KS21U7693.A.2.3",40.2960380036013,8.31879247620354,"KS","Training"
"NHH20660",-9.36636998395636,2.97565745962377,"Other","Training"
"VA20HRW.38",55.8835434239609,45.1986598707728,"VA","Training"
"KS21HD156",-6.62784156590859,-8.50942286918527,"KS","Training"
"NHH20662",-10.8101478238951,2.29269255669817,"Other","Training"
"KS21H3",-5.78577001505123,5.04735319320015,"KS","Training"
"NE20635",8.87712050225018,-12.8999945116224,"NE","Training"
"NHH20668",7.31510304205171,-5.54950977433053,"Other","Training"
"NE20517",9.95463337385485,-2.37643484365145,"NE","Training"
"CO22D103W",-30.4360593632786,30.1091809211011,"CO","Testing"
"KS21HW27",-16.7312616273698,20.1690632496444,"KS","Training"
"KS21U7294.G6.4.7",20.1468194115829,0.553361838604931,"KS","Training"
"OK21DTR1722.26",18.7644613737979,2.4667971094813,"OK","Training"
"KS141050K.10",26.2435714025691,-6.79851612449773,"KS","Training"
"KS21U7294.G6.4.3",17.8264338559038,-0.543628749569603,"KS","Training"
"TX19A001150",-1.12766444626924,-11.5572797072189,"TX","Training"
"CO22SFD101R",-20.0444164510435,23.1740264625852,"CO","Testing and Training"
"TX19A001030",-25.0473537877206,-7.97651867584606,"TX","Training"
"OK21DTR1711.102",9.97026522792278,-9.55259642306037,"OK","Training"
"SD19B024.2",4.59447607388896,0.873558072287004,"SD","Training"
"OK21DTR1709.51",27.6067893713245,-1.57078119702288,"OK","Training"
"KS21U7494.H5.C1",6.70561882868893,9.13059585654459,"KS","Training"
"OK21DTR1705.117",4.75296554881907,-4.99654828739586,"OK","Training"
"SD18D074.11",28.5871441044402,-40.0813852020154,"SD","Training"
"VA20HRW.7",60.0545292744846,32.9714172456389,"VA","Training"
"VA20HRW.6",55.7150944701314,24.2388011283678,"VA","Training"
"KS140064M.1",44.8532569061288,16.4250311097525,"KS","Training"
"VA20HRW.4",30.0330747910108,16.0055547708728,"VA","Training"
"VA20HRW.3",43.7014839537874,15.9875723456187,"VA","Training"
"CO22D157R",-40.7402799009914,-4.62042197844878,"CO","Testing"
"KS21U8715.I.F01",14.7058990256561,-3.79292449050058,"KS","Training"
"KS21U7274.A.G155",6.26499657378451,-13.7473540758985,"KS","Training"
"TX20M4405",23.4946005639672,-20.329002808236,"TX","Training"
"2021MD9006",19.8448774431246,2.18132321285905,"Other","Training"
"KS21HD125",-13.7009958225608,4.43412245226349,"KS","Training"
"KS21U8715.J.E07",2.145963563014,-1.9461677169137,"KS","Training"
"NE20608",8.69331273269506,-1.23721351561287,"NE","Training"
"TX19A001290",6.12612221806907,-11.971602295189,"TX","Training"
"OK21DTR1711.23",13.1773050356868,-6.54658092579815,"OK","Training"
"KS21U7274.A.G149",7.21148061620767,-6.12265715020451,"KS","Training"
"OK21DTR1709.74",25.2303657143057,-5.06808986564738,"OK","Training"
"TX20M4404",31.9424876299292,-44.802846479683,"TX","Training"
"NE20603",12.3749376159443,-0.745111017913678,"NE","Training"
"KS14FHB0599M.2",34.4243494331065,-0.595251718137701,"KS","Training"
"KS21U8572.A.4",33.2404429142444,3.53920426693542,"KS","Training"
"SD18B061.4",11.7879405129097,-8.65427939176574,"SD","Training"
"TX20A001132",-0.415317130879612,-45.1574386036271,"TX","Training"
"KS21U8520.C.1",29.4541891661307,4.03246681724396,"KS","Training"
"TX19AS1543",-25.2945285522123,-35.4810677074848,"TX","Training"
"SD19B087.1",-13.1005062653998,-14.476972726434,"SD","Training"
"CO210198R",-47.0880888916646,1.96301569672655,"CO","Testing"
"CO210077R",-54.7621746863355,-4.4158727141358,"CO","Testing"
"KS21U8520.S.2",31.539992407095,1.32111179849443,"KS","Training"
"NI17410",32.9580813496234,-6.075219505313,"Other","Training"
"NE20469",-0.34946880666447,3.48491700532257,"NE","Training"
"NE20462",29.6060345348653,-4.45807295598796,"NE","Training"
"KS140794K.8",10.821233267254,1.35693780130056,"KS","Training"
"TX18DH370",-1.76619522498662,-5.22738920183807,"TX","Training"
"OK21DTR1723.15W",17.4936453534406,10.7921035839749,"OK","Training"
"TX19A001366",-20.8952559269638,-21.5656365014921,"TX","Training"
"TX19A001362",-2.85173216784074,-24.5412274093443,"TX","Training"
"TX18DH129",-12.3489115702843,-1.60769403437744,"TX","Training"
"SD19B108.3",12.0820888789938,-8.21813730975404,"SD","Training"
"KS14FHB0732M.4",32.5953342737443,-3.12374104607134,"KS","Training"
"OK21DTR1709.106",16.759917754305,-5.05583709432033,"OK","Training"
"KS21U7321.B2.B7",-2.95227099703306,-4.74422470318327,"KS","Training"
"KS21N16MD9261.F02.3",20.5986860982211,4.4998872522856,"KS","Training"
"TX15A001482.19AZ16",-2.75710272042036,-19.8477640528728,"TX","Training"
"TX18DH458",26.4807834548056,-57.3746318946855,"TX","Training"
"TX18DH330",38.0710611965665,-31.3637372400433,"TX","Training"
"TX20A001228",-29.1988213347624,-21.7174619893637,"TX","Training"
"SD19B162.1",9.0636318734294,2.59481773147886,"SD","Training"
"21MD7040",21.5472066513363,2.30212502572105,"Other","Training"
"CO22SFD168W",-25.4496326048971,42.0727871826772,"CO","Testing and Training"
"TX20A001100",11.4317216752919,-34.6649787494147,"TX","Training"
"TX18DH107",1.08715878620444,4.68868122301322,"TX","Training"
"SD18D035.6",13.1905561410001,-16.3905854566874,"SD","Training"
"TX18DH102",3.72576417455479,-11.8286326181967,"TX","Training"
"SD19C008.3",30.8307438100343,-35.9116956444356,"SD","Training"
"CO22SFD177W",-23.8695272412608,44.6928914978312,"CO","Testing and Training"
"NE20432",-1.37472527496522,-8.36444975759998,"NE","Training"
"NE20553",28.9064494070083,-33.5780385274224,"NE","Training"
"22SEND9",14.4861407274953,-10.5864476972316,"Other","Training"
"VA20HRW.67",50.3098441551463,15.8589709592708,"VA","Training"
"22SEND7",13.2825324372605,-4.47846897487101,"Other","Training"
"SD19B089.3",14.3291956215438,-0.709661344152771,"SD","Training"
"TX18DH399",27.5326163238691,-50.8008023265753,"TX","Training"
"SD19B020.2",28.2428796751172,-18.4441652218085,"SD","Training"
"NE20428",11.9238663089737,8.62657753638232,"NE","Training"
"SD19D133.4",45.0918048598482,-49.2497709461593,"SD","Training"
"21MD9045",4.93196238262811,-11.4007254751827,"Other","Training"
"NE20543",10.5754094143864,-3.58085022860988,"NE","Training"
"KS170025D.6",33.2335839650384,4.86381833214086,"KS","Training"
"KS21HD172",-7.63479711574635,13.4453464890233,"KS","Training"
"VA20HRW.53",65.4861389809771,31.6575242501876,"VA","Training"
"VA20HRW.54",56.5003277124163,34.5527762133871,"VA","Training"
"OK21DTR1708.11",13.338287963639,-11.6072414610715,"OK","Training"
"VA20HRW.57",51.7160857967284,16.4436655030431,"VA","Training"
"17VDH.HRW11.211",58.3651651374211,34.0724122567037,"Other","Training"
"KS21HD170",-23.1812728295283,0.351791002857515,"KS","Training"
"VA20HRW.50",60.3383721721613,31.1692170451711,"VA","Training"
"NE20450",39.7546153658769,-8.1647105146463,"NE","Training"
"21NORD.158",24.0532147753384,-33.7882092847622,"Other","Training"
"21NORD.159",13.5390920464215,-6.3122861776854,"Other","Training"
"NE20455",6.94006664538789,12.7389035470726,"NE","Training"
"OK21DTR1721.147W",5.20636241413341,15.7902171541645,"OK","Training"
"NE20453",-1.34285367600751,-0.997530850810732,"NE","Training"
"21NORD.152",11.3164779707619,-5.66960542213633,"Other","Training"
"KS130403M.3",32.5801253965072,-14.6863406073093,"KS","Training"
"21NORD.153",32.2810643492804,-40.3630184688493,"Other","Training"
"21NORD.151",18.6063211837055,-14.0363377890726,"Other","Training"
"21NORD.156",11.1654468442994,-16.2412155091728,"Other","Training"
"22SENB6",24.0751948574955,-23.1740556687532,"Other","Training"
"21NORD.157",14.7153242091103,8.24473592227824,"Other","Training"
"SD19B176.2",13.2829263840546,2.46284409251716,"SD","Training"
"21NORD.154",18.4125199494325,-22.6945109492716,"Other","Training"
"OK21DTR1721.63W",10.3926140375593,15.1490118684391,"OK","Training"
"21NORD.155",15.9120111446686,0.253540862021979,"Other","Training"
"SD19B153.2",26.1612715213087,0.276887466074619,"SD","Training"
"VA20HRW.88",56.9631524999892,29.8295993218782,"VA","Training"
"KS21H84",2.6089143708989,9.33352752038299,"KS","Training"
"VA20HRW.89",63.2016610150551,40.6925777030413,"VA","Training"
"KS21H86",4.90543761244718,-6.26130860579697,"KS","Training"
"KS21H85",9.39272825149116,7.55732614571182,"KS","Training"
"NE20448",11.9254560941726,-20.8310988239939,"NE","Training"
"VA20HRW.80",63.3979143296149,34.1929026879463,"VA","Training"
"NE20568",9.72233424353372,1.9030741645175,"NE","Training"
"TX18DH379",10.8335243365611,-11.2600134619935,"TX","Training"
"VA20HRW.84",57.341099977334,36.6130889976298,"VA","Training"
"21MD9019",5.54422089989969,7.29501380983669,"Other","Training"
"21NORD.163",17.1310958312037,-2.66949188318376,"Other","Training"
"21NORD.164",22.0637800587756,3.02294257793218,"Other","Training"
"21NORD.161",15.5784773184213,-17.0755294689743,"Other","Training"
"21NORD.162",25.0574073234611,0.566962783027834,"Other","Training"
"21NORD.167",32.8471818239415,-35.2412218994858,"Other","Training"
"21NORD.168",17.2098286379478,-9.57965235090124,"Other","Training"
"SD19B164.3",11.5206469661129,1.86744872151644,"SD","Training"
"21NORD.165",15.1365990990183,-0.362311154475017,"Other","Training"
"21NORD.166",25.8145888177988,-2.33914866328544,"Other","Training"
"21NORD.160",9.13932721728812,-7.57625355037596,"Other","Training"
"NE20558",8.31022763407838,9.02896257747947,"NE","Training"
"VA20HRW.70",53.2952593999833,31.2485374341375,"VA","Training"
"NE20557",15.6133488525012,0.0725218376300193,"NE","Training"
"NE20434",6.65961450461799,-15.7790658866783,"NE","Training"
"VA20HRW.73",66.3088676456213,16.2086692110131,"VA","Training"
"TX18DH266",-27.9304682850944,-12.2264534522196,"TX","Training"
"22SENB24",18.9764666777084,-10.8785898990853,"Other","Training"
"TX20M4383",11.9570129612304,-19.756284739086,"TX","Training"
"OK21DTR1703.33",24.6608474549829,-9.65394437406498,"OK","Training"
"SD18B055.2",42.7660167908282,-27.9127017016395,"SD","Training"
"OK21DTR1713.69",24.4360750534972,-11.6303730570459,"OK","Training"
"OK21DTR1707.41W",12.5187754456088,5.10968320050803,"OK","Training"
"AP18AX",-52.5917425515958,-28.1025806071041,"Other",NA
"KS21H49",3.48411384927325,-0.662271419441205,"KS","Training"
"KS21U7263.B3.6.4",8.19945539170331,-12.3631323884427,"KS","Training"
"SD19B104.2",-4.38875748289663,-26.1618517483017,"SD","Training"
"KS21U8337.A.1",31.2302125205415,0.436830881686361,"KS","Training"
"TX20M4157",-14.4876246563565,-60.7339765281361,"TX","Training"
"OK21DTR1715.18",16.592418864943,-14.2423793277757,"OK","Training"
"KS21H36",12.9425419624815,6.38670341810415,"KS","Training"
"KS21H38",8.77696661934726,13.6007207535241,"KS","Training"
"22SENB46",25.8484505319992,-33.1963050494454,"Other","Training"
"VA20HRW.102",40.4345284942244,18.7621187405329,"VA","Training"
"KS160998S.2",22.4773020832691,-11.2152242872963,"KS","Training"
"TX20M4164",25.3758137830429,9.05758356127782,"TX","Training"
"TX20A001189",-14.6582659188856,-2.1201604271189,"TX","Training"
"TX20M4166",30.2811023312237,15.7633730486973,"TX","Training"
"SD18D080.2",11.8754796128853,-4.91692851635057,"SD","Training"
"OK21DTR1714.76",26.2016067326999,0.531383511089205,"OK","Training"
"KS21U7494.H1.B8",3.17501141178346,16.5113600776262,"KS","Training"
"KS21H31",-19.256430520415,-0.388777035980081,"KS","Training"
"TX18DH509",3.12898451975155,-1.27238868907363,"TX","Training"
"TX20M4292",35.5971308188356,-0.262601347346939,"TX","Training"
"21MD3088",11.7110872850768,-8.18914708133081,"Other","Training"
"TX20M4294",35.953295206697,-0.231238454604412,"TX","Training"
"KS160458S.1",35.6816722648301,-42.2238065573797,"KS","Training"
"TX20A001299",-4.03191804776825,-30.9437547623734,"TX","Training"
"TX18DH501",-27.461548585584,-4.30566567622996,"TX","Training"
"KS160563S.2",36.2469969550175,-30.7889970229167,"KS","Training"
"KS21HDW138",-9.35626191089073,8.63726100844072,"KS","Training"
"KS21H18",16.4069696557434,8.89415191937341,"KS","Training"
"KS21H11",-3.32977236882278,13.291341100089,"KS","Training"
"TX18DH437",12.2538183589382,-23.850224692425,"TX","Training"
"17VDH.HRW11.189",55.0265563308623,38.3991387919459,"Other","Training"
"DH15GH8017",9.53611653907964,-10.7875311491304,"Other","Training"
"KS21U7420.S9",34.885895704156,4.80967648026175,"KS","Training"
"KS21U8519.F.4",34.1391915539437,3.41316185510425,"KS","Training"
"TX20A001041",-19.0107523421237,-29.1807758237086,"TX","Training"
"KS21U8336.E.2",32.5850708930184,5.19555757511287,"KS","Training"
"TX18DH447",27.1512279815101,-59.287488110335,"TX","Training"
"TX20M4078",10.6388113468221,-0.896665773080148,"TX","Training"
"OK21DTR1715.58",19.0636734579165,-11.5342275578785,"OK","Training"
"SD19B051.3",11.4141878645677,2.48640980468788,"SD","Training"
"KS160332S.3",10.9945614821484,11.6588966637705,"KS","Training"
"OK21DTR1704.61",10.4711631327027,-9.42061323911114,"OK","Training"
"SD19B183.1",14.5215805747653,-4.18010131816894,"SD","Training"
"22SENC30",11.9500029817647,-10.7174891270215,"Other","Training"
"22SENC32",14.6091050275867,-14.3675750699944,"Other","Training"
"OK21DTR1712.2",23.7036120082769,-4.02834617778736,"OK","Training"
"KS21U7445.H9.C6",-18.2390408941014,-3.5378835950908,"KS","Training"
"TX18DH305",-9.95928446609517,15.7697570371314,"TX","Training"
"KS21U7445.H9.C3",-11.1382892791333,-0.201603884579491,"KS","Training"
"TX18DH303",-10.2052588289032,9.5898884220682,"TX","Training"
"KS21H106",-6.5571356422357,11.8360688316375,"KS","Training"
"OK21DTR1724.63W",6.3639568879817,12.981779224661,"OK","Training"
"OK21DTR1711.47",16.1186950347129,-6.37132412565309,"OK","Training"
"TX18DH90",14.028235903412,-49.205200387026,"TX","Training"
"KS160473S.6",24.7957392689965,-2.0453869692684,"KS","Training"
"KS21U7494.G14.C6",13.1434295442764,14.5160063163763,"KS","Training"
"CO19410R",-39.7237146939082,13.7538227774719,"CO","Testing and Training"
"TX19AS002413W",-14.7597622676338,7.48092257772964,"TX","Training"
"KS21H114",-15.8245755343244,-1.23655493981955,"KS","Training"
"KS21H116",12.5940891348953,4.53699626373897,"KS","Training"
"KS21U7748.A.10",28.5061607345122,13.9938850229388,"KS","Training"
"2021MD3072",14.998821589435,1.22391801168944,"Other","Training"
"KS21U8086.13.14",7.20331992893604,13.9503115389834,"KS","Training"
"2021MD3070",19.3313463519142,-0.976261904664705,"Other","Training"
"2021MD3069",9.11623587861934,1.25005839020162,"Other","Training"
"2021MD3066",7.97444900354787,-6.42335268553448,"Other","Training"
"KS21U8578.B.A3",22.9731622287821,0.821922683443989,"KS","Training"
"SD19B136.3",3.51321373650478,-7.32655619239015,"SD","Training"
"TX18DH77",-14.6103918247116,-3.88078441882266,"TX","Training"
"TX20M4440",28.824793583529,-8.95002786781983,"TX","Training"
"OK21DTR1712.34",31.0614502773185,-1.40549844839877,"OK","Training"
"SD19B002.1",5.27718562118589,-9.04747602107745,"SD","Training"
"KS21U8086.13.44",-0.66789054319395,12.2829752244411,"KS","Training"
"DH18HRW.138.56",42.4319186064908,21.2572796782754,"Other","Training"
"KS140732K.2",38.9922764600916,-3.72718869939033,"KS","Training"
"TX18DH85",4.51805712568296,-12.5747493017109,"TX","Training"
"KS21N16MD9210.B03.15",19.3923121948025,8.63859192376997,"KS","Training"
"FortifySF",-55.0493348299597,-24.7948350787745,"Other","Testing"
"TX20M4584",-10.9617285662094,-12.1040845940286,"TX","Training"
"Overland",10.1175936652841,-3.06910033768966,"Other","Training"
"TX20M4593",7.67528191276688,3.93244529728529,"TX","Training"
"OK21DTR1712.69",36.0815952862981,-2.76906886601686,"OK","Training"
"SD18B062.12",31.3889940121567,-12.9955165324239,"SD","Training"
"KS170275D.1",39.9219561849246,-43.1973095505641,"KS","Training"
"KS160720S.1",27.7450958736428,0.561413186953263,"KS","Training"
"OK21DTR1714.20",30.0207810238519,-1.36188154125521,"OK","Training"
"KS21HW54",-5.76210609804824,14.9078523525488,"KS","Training"
"TX20M4480",33.8370116762237,-54.5153924569403,"TX","Training"
"TX20M4123",-10.2828809699843,-45.716688277808,"TX","Training"
"SD19B004.1",12.5089779535124,2.30746311968333,"SD","Training"
"SD18B016.5",15.0504911327506,-12.6119057147745,"SD","Training"
"Telluride",-15.0107103457835,41.3538196569489,"Other","Testing"
"KS160765S.1",26.7910880831779,9.57691007694568,"KS","Training"
"OK21DTR1712.96",37.2446013465251,5.20784712913599,"OK","Training"
"OK21DTR1714.31",24.2931966534274,2.64758432260982,"OK","Training"
"TX20M4131",5.73274848386447,-64.3051887393624,"TX","Training"
"TX20M4134",3.62502610369153,-3.40990308120802,"TX","Training"
"SD19B016.1",9.38924481507077,-6.20791480557195,"SD","Training"
"TX20M4139",30.6646146339368,9.85536029446812,"TX","Training"
"CO20D097R",-62.0288099426575,-13.4647262836162,"CO","Testing and Training"
"CO20D073W",-11.7547633194725,41.3708967870683,"CO","Training"
"CO20D108R",-44.8546607822395,22.4575482698712,"CO","Testing and Training"
"NW13493",8.29219584948549,12.0272120863042,"Other","Training"
"CO20D112R",-52.2160625765007,-2.71115455992843,"CO","Training"
"NE13515",13.7717410562712,-42.1168500451895,"NE","Training"
"CO16SF032",-10.4226622392396,33.785738709779,"CO","Training"
"CO20D068W",-10.2220538497634,40.0424020003315,"CO","Testing and Training"
"CO20D058W",-11.2524073194792,46.4420406660969,"CO","Training"
"Scout66",-0.756572838444993,-5.00202844755403,"Other","Training"
"NE17589",4.23127420575758,2.82321322165085,"NE","Training"
"NE18435",-10.7152050037556,17.6193402083036,"NE","Training"
"NE18517",6.07330520015827,3.36439547397023,"NE","Training"
"NE16562",11.4380331912764,6.70754962850283,"NE","Training"
"NE18640",4.06828967607777,1.92272711095763,"NE","Training"
"SD17181",9.16777080985365,-1.23933335298675,"SD","Training"
"Jagalene",23.6835544992632,13.9586679763043,"Other","Training"
"SD17032",9.03598490328736,2.22204398853677,"SD","Training"
"SD17141",50.5369064699233,-36.7022006830425,"SD","Training"
"SD17371",26.0810431851858,-38.5493947293228,"SD","Training"
"SD17246",10.0465687694391,-2.24485317821375,"SD","Training"
"OK198509",5.73496627121604,-12.0779188905151,"OK","Training"
"NEB.144.22",7.44789490807206,6.23704938683073,"NE","Training"
"SD18B017.6",25.4441921169111,-48.1628857708338,"SD","Training"
"SD20B010.4",12.0925532778994,1.33625222797701,"SD","Training"
"KS160476S.9",15.1700670425316,-21.633236206983,"KS","Training"
"CO23SFD047W",-27.8583969296943,36.6128072711408,"CO","Testing"
"MTV2167",8.88202939789374,1.36965610144349,"MT","Training"
"TX21M5652",-4.07166638533017,-21.6410256685185,"TX","Training"
"MTV2168",5.42717452167033,-1.32619763275947,"MT","Training"
"OK21DTR1712.112",25.8241726989582,2.64138942285047,"OK","Training"
"OK21DTR1712.111",26.9475502184212,-1.2600969761436,"OK","Training"
"N22MD1144",28.4611592710019,-4.17508566485407,"Other","Training"
"SD20D063.2W",3.90787945714786,11.6670027071468,"SD","Training"
"KS22U7907.13.RS002",25.380998424114,3.91421895604486,"KS","Training"
"BASF.23.15",1.36410044380734,-15.8571381063084,"Other","Training"
"KS22U7907.13.RS001",34.811970246143,8.11737352039648,"KS","Training"
"BASF.23.16",-3.81864100981395,-18.1269829603663,"Other","Training"
"BASF.23.17",20.44336867932,-9.22585632608731,"Other","Training"
"TX21M5621",1.19630818831265,-7.7714477839416,"TX","Training"
"CO23SFD038W",-30.0583453075516,39.4967193370331,"CO","Testing"
"KS22U8693.E.6.T8",27.1710332989703,-6.28734887704197,"KS","Training"
"BASF.23.13",-2.41677002231712,-0.202629376237702,"Other","Training"
"OK21DTR1710.18",22.8573861141415,-1.29633773418077,"OK","Training"
"TX21M5629",31.2204470885238,9.38812371685898,"TX","Training"
"OK21DTR1722.16W",10.4071775232781,3.38432963356302,"OK","Training"
"TXGT2243",-9.73033105341618,9.28404244728402,"TX","Training"
"KS22U7494.E11.C7",2.68444632751397,10.6927069720755,"KS","Training"
"KS160786S.4",22.9888706929612,-11.4214969871948,"KS","Training"
"CO23SFD122W",-13.3259750252204,46.5742499241256,"CO","Testing"
"KS22U8790.J.T1",26.4971705721093,7.39742642615193,"KS","Training"
"TX21M5634",31.465993473769,-1.66300286784499,"TX","Training"
"KS130060C.2",-0.259721738171133,-12.4783004455049,"KS","Training"
"CO23SFD037W",-31.2948605148244,29.8510482989032,"CO","Testing"
"BASF.23.21",-16.6711507627828,-14.4964649650141,"Other","Training"
"TX21M5632",30.0550388935253,9.53631572269216,"TX","Training"
"N22MD1159",17.8364155063192,-1.30303187974418,"Other","Training"
"KS22U6864.1H.1R.R2.A1",1.95636740835625,14.0337472939254,"KS","Training"
"BASF.23.20",12.7653404926724,-7.36841579401812,"Other","Training"
"KS22U8054.12",10.7875303170894,-7.18581536417301,"KS","Training"
"N22MD1160",13.441277907925,3.0328163470868,"Other",NA
"SD20B046.1",13.0645005176924,13.2501500294898,"SD","Training"
"KS22U7710.E.2.2",6.50028560696115,-2.13748805050453,"KS",NA
"KS140068C.6",5.37185519637659,-0.492115648838206,"KS","Training"
"CO23SFD057M",-22.8783897391809,30.6215838608989,"CO","Testing"
"KS22U7715.R1.1G.10R",18.3170023726515,5.89565873945508,"KS","Training"
"CO23D090R",-46.6548320643554,-2.42112599865515,"CO","Testing"
"SD20B057.1",12.6770289440661,4.26679672445371,"SD","Training"
"KS160855S.4",35.2610064794134,-38.8979850650773,"KS","Training"
"TXGT4I84",3.66572885088438,-15.4481532394093,"TX","Training"
"KS140064M.6",43.2150373178886,3.36528961958386,"KS","Training"
"TX21M5615",12.4106606782759,-8.48553452668951,"TX","Training"
"KS22U8191.A.6.1",0.852031264638282,24.1009629583582,"KS","Training"
"TXGT3G64",-0.882443732118075,-45.6707004012041,"TX","Training"
"CO23SFD131R",-29.8299177283267,33.0308603151664,"CO","Testing"
"SD20B120.2",-4.03797349050385,5.91080423563032,"SD","Training"
"CO23SFD045W",-21.9734253398668,42.127045736871,"CO","Testing"
"TXGT4I65",-0.225324944707943,-13.1253740027798,"TX","Training"
"TXGT2D23",-3.23710793772341,-36.218426695249,"TX","Training"
"CO23SFD130R",-35.0475104371665,27.6353903886393,"CO","Testing"
"SD20D009.9",3.63953693059409,-3.30719167643242,"SD","Training"
"NE16468",17.8896672780716,8.44882150718345,"NE","Training"
"TXGT2D28",-5.46044372350681,-71.8621438299941,"TX","Training"
"N22MD4106",13.8664417971798,8.37616582264949,"Other","Training"
"KS22U8712.O.C07.T8",28.5909473332499,0.843463060272977,"KS","Training"
"TX21M5362",23.4743498461758,-41.5796445695419,"TX","Training"
"MT19175",22.0110446333791,5.29442195533677,"MT","Training"
"KS22U8707.H.14.T28",28.2971430923811,0.648734805584007,"KS","Training"
"CO23SFD088R",-39.8338141644793,8.88839066040527,"CO","Testing"
"KS170453S.1",16.2420502197583,-0.113087038301607,"KS",NA
"CO23D070R",-50.837521493514,0.202271154218509,"CO","Testing"
"TX20A001005",-25.5356887548372,-18.0443149593769,"TX","Training"
"KS22U8492.F.T4",10.3079246256537,7.80866856207906,"KS",NA
"KS170453S.3",18.4220284177227,-2.7507661844114,"KS","Training"
"NE21559",8.3885791159063,-6.3362140588486,"NE","Training"
"NE21431",5.61870967869384,10.4456406641075,"NE","Training"
"TX21M5132",16.5235784377237,0.158031392952321,"TX","Training"
"KS22U8313.K.2.1",-32.9858277358429,4.65218213042716,"KS","Training"
"OK21DTR1721.176W",3.51019125962055,16.9308137281524,"OK","Training"
"OK21DTR1715.4",19.7245338855725,-6.46038914319251,"OK","Training"
"OK21DTR1704.90",10.635690155972,-6.8658315641518,"OK","Training"
"SD20D108.6",-5.26590699913795,3.22821364107621,"SD","Training"
"CO23D190R",-37.077010175437,-1.56848614800867,"CO","Testing"
"NE21545",2.9539014056316,7.9071922890468,"NE","Training"
"NE21668",10.0422649409851,7.14204597629016,"NE","Training"
"KS170412S.2",23.8160569594122,2.75813444403658,"KS","Training"
"NE21464",14.8028723932805,-6.94582375640543,"NE","Training"
"NE21466",7.25666793476994,4.88593955375054,"NE","Training"
"CO23SFD042R",-20.0520400111425,33.9860632503386,"CO","Testing"
"NE21460",19.5274900770017,-35.574422031319,"NE","Training"
"CO23D061R",-47.8671013715586,12.7422437699491,"CO","Testing"
"CO23D194R",-34.0412568815131,4.69207430912203,"CO","Testing"
"CO23D182R",-48.8623032646586,-0.993906880625009,"CO","Testing"
"TXGT22289",-2.14100226735611,3.2118929134015,"TX","Training"
"TX21M5106",26.901630061642,1.79211448803705,"TX","Training"
"TX21M5102",16.1894172607135,0.604308103818369,"TX","Training"
"KS22U8314.M.A8.T7",7.26252321037159,7.51761076729765,"KS","Training"
"OK2089183",13.4951686640903,-6.76088337542389,"OK","Training"
"KS150765.4",21.5835733393133,6.64968021862191,"KS","Training"
"KS150765.6",22.2592805285719,5.46751843744587,"KS","Training"
"TXGT22296",-1.19633885168306,2.39038707483882,"TX","Training"
"KS170013D.16",29.0535288529394,4.67123605938111,"KS","Training"
"CO23D060W",-48.8909542254817,5.31403286276802,"CO","Testing"
"NE21579",8.2274920066318,3.0809149080179,"NE","Training"
"TX20A001107",-1.88601701412626,-13.6045535087224,"TX","Training"
"TX21M5111",27.5068602441865,11.6653726301794,"TX","Training"
"TX21M5110",26.3307869366726,8.22987170197642,"TX","Training"
"CO23SFD041W",-26.0763023602065,35.0765273102379,"CO","Testing"
"TX21M5477",-18.4946617403782,-24.665330213567,"TX","Training"
"TXGT4I105",3.91320263556054,-13.1289942032641,"TX","Training"
"TX18DH463",-6.42869162815652,-4.08272630983433,"TX","Training"
"TX21M5440",41.9749059452514,5.58646807176189,"TX","Training"
"TXGT4I115",11.164540464167,-17.3298077481863,"TX","Training"
"TXGT22266",6.23209803244958,13.7721243355266,"TX","Training"
"CO23D184R",-43.3928619347411,-5.58888585687751,"CO","Testing"
"TX21M5327",17.0141887667091,-7.8396765950039,"TX","Training"
"TX21M5445",8.21392515374514,-4.84780912145163,"TX","Training"
"OK20D88025F",32.9794763280028,4.22061779718834,"OK","Training"
"TX21M5443",9.3497613191295,-5.72062834141989,"TX","Training"
"SD20B140.6",49.1875733950071,-45.9376896243482,"SD","Training"
"TX21M5202",12.6455970307122,-7.76146311923069,"TX","Training"
"TX20A001209",-7.9583105382637,-11.0575184234041,"TX","Training"
"SD20D064.3",2.79137838611072,8.95300872188378,"SD","Training"
"SD20B085.1W",2.34364864010464,14.5862496756263,"SD","Training"
"SD20D064.4",3.07648651312532,11.6940867876284,"SD","Training"
"OK21DTR1705.91",12.8107846123472,-1.37616986391956,"OK","Training"
"TX18DH278",-5.48905127734243,-12.1980984128711,"TX","Training"
"OK20418.20HR.15",48.7954200829059,-40.2301353635679,"OK","Training"
"OK20418.20HR.16",49.6878295003672,-39.6207342887422,"OK","Training"
"TX20A001323",-4.82522797343812,-29.3191710396255,"TX","Training"
"KS170025D.1",25.7967552555445,-3.91482403633416,"KS","Training"
"NE21511",8.83808987539213,10.3250040736676,"NE","Training"
"TXGT4I126",4.54607814941344,-16.3983184306678,"TX","Training"
"KS22U8191.A.21.1",-5.67868533722576,22.5558933585987,"KS","Training"
"TX18DH170",-8.25170581549659,-5.15432693943909,"TX","Training"
"SD20D042.5",15.9151211735396,0.581181274451623,"SD","Training"
"SD20D030.1",15.5190022011882,-4.93606963456584,"SD","Training"
"NE21503",4.08366598719951,12.6647314182586,"NE","Training"
"NE21504",10.1791825124592,10.7668227655839,"NE","Training"
"CO23SFD050R",-25.5319444105301,31.5544227541641,"CO","Testing"
"NE21420",3.31040351935985,12.1056372782004,"NE","Training"
"KS22U8314.F.A1.A005",20.2094006760888,-1.11318908017033,"KS","Training"
"TXGT4I256",-2.89171376154589,-18.779864742593,"TX","Training"
"KS22U2017023.G40",14.6974597085529,12.6781473284051,"KS","Training"
"NHH17447",-4.03035989446956,-7.04805570954044,"Other","Training"
"TXGT4I133",1.51207965998821,-11.9804368477965,"TX","Training"
"TX20A001307",-7.69382942210612,-28.6040972436709,"TX","Training"
"KS160352S.1",26.7265885168507,11.9339731269358,"KS","Training"
"NE21656",-3.74114489305786,16.4125206845004,"NE","Training"
"OK20D87014",12.273698403921,-27.9340952665125,"OK","Training"
"TX18DH496",17.4475603960618,-48.2137450614147,"TX","Training"
"NE21658",11.8774507915202,5.64641254436342,"NE","Training"
"SD20B098.5",12.3110291544012,12.9836678793564,"SD","Training"
"NE21410",8.11951487872157,13.5956200267272,"NE","Training"
"CO23SFD085R",-38.6880020502376,23.7263955668244,"CO","Testing"
"TXGT4I268",8.20423558567325,-21.1929779181109,"TX","Training"
"KS150720.6",13.7633922987031,19.0182193263428,"KS","Training"
"KS22U8191.A.3.1",6.35336848143393,20.3171148553242,"KS","Training"
"TX21M5311",19.6891276465188,0.43967577698045,"TX","Training"
"MTS21108",27.0805662014747,19.7023827454298,"MT","Training"
"SD20D031.4",26.4760573108832,2.81166896326694,"SD","Training"
"TX18DH267",-5.59401377445911,-12.4488552046221,"TX","Training"
"TX18DH389",7.55884216608793,12.4950642703667,"TX","Training"
"MT1793",15.345613205867,-8.51427749137859,"MT","Training"
"TX18DH265",-6.00414642008202,-12.4466043645019,"TX","Training"
"KS170118S.1",25.3173526619346,-9.34024386855578,"KS","Training"
"SD20B086.1",31.2376128562612,-22.5940688685859,"SD","Training"
"TX20A001093",-21.6573618888408,-47.2526884900457,"TX","Training"
"TX20A001094",-19.7446611529006,-48.7743234875806,"TX","Training"
"KS22U7487.G57",30.9032834893721,-67.3351900306233,"KS","Training"
"TX20A001092",-22.4023697019077,-18.2099746968808,"TX","Training"
"KS22U8186.C.16.1",2.23872221762393,24.5489317684677,"KS","Training"
"TX21M5090",37.861453740515,9.95901756135113,"TX","Training"
"SD20B070.5",-2.00656403370921,2.50499639964245,"SD","Training"
"CO23D078R",-38.6537470204223,8.16204578059483,"CO","Testing"
"CO23D042R",-45.7266830926188,-8.42647116280022,"CO","Testing"
"TXGT4I163",7.21450711096072,-15.2666417243624,"TX","Training"
"TX21A001384",-15.3710934992763,-27.2811919806718,"TX","Training"
"OK20418.20HR.5",45.28389577589,-40.5009011987178,"OK","Training"
"OK20418.20HR.8",49.4575882721936,-41.8481544774282,"OK","Training"
"TX21M5184",-2.06314828485363,-17.2632313927208,"TX","Training"
"CO23D020R",-48.7747560969253,2.00647816479476,"CO","Testing"
"CO23D032R",-44.5295367239078,-8.03508814852399,"CO","Testing"
"KS22U8344.I.8.2",-19.5014448589237,-52.1396091922915,"KS","Training"
"TX18DH507",-14.3770737861064,0.879545122623169,"TX","Training"
"KS22U7710.O.6",11.8757320056715,2.25094798762907,"KS","Training"
"TXGT3G252",13.4485884760909,-73.5522388749232,"TX","Training"
"TX21M5081",30.1802680223444,2.05361293550231,"TX","Training"
"KS170569S.5",28.6038912939585,-2.90622861990123,"KS","Training"
"TX20A001171",-33.9575153741831,-33.7209316097662,"TX","Training"
"NE21489",18.0611367369162,-17.3148050571576,"NE","Training"
"KS170684S.6",33.6669623900442,-3.78183270105087,"KS","Training"
"KS22U8492.J.T1",11.3071629454572,10.5616928120566,"KS","Training"
"CO23D059R",-47.8873990086319,12.6588981315968,"CO","Testing"
"TXGT3G127",-0.575329674787315,-50.1145406143812,"TX","Training"
"CO23D047R",-41.3704286451981,10.640256913216,"CO","Testing"
"KS170778S.2",22.5529528566759,-11.5848182577216,"KS","Training"
"KS170778S.6",29.1575125671334,-40.3516739452675,"KS","Training"
"KS170778S.5",25.1314689227016,-21.3183550022216,"KS","Training"
"KS170778S.8",25.6882629311046,-23.2332643874142,"KS","Training"
"N22MD6066",17.0016201961212,0.722310951510188,"Other","Training"
"TX21M5175",18.85684717559,-39.2511832504279,"TX","Training"
"NEB.148.42",12.9918239079734,1.3424019175798,"NE","Training"
"SD20D046.6",10.3466426121348,5.09532397906139,"SD","Training"
"TXGT3G115",-7.99890538371223,-48.7268293738035,"TX","Training"
"OK21DTR1714.90",29.4672673631805,-1.31595028635761,"OK","Training"
"TXGT3G234",-3.7569409660942,-39.6834984820457,"TX","Training"
"N22MD6075",9.86402206410197,1.61091025033928,"Other","Training"
"NSF22105",11.0962307387609,1.0104689085433,"Other","Training"
"NE21469",18.3173250664399,-34.2401699594205,"NE","Training"
"NSF22102",22.2354920991491,-23.1553743148397,"Other","Training"
"KS22U8345.B.4.0",23.3974890509964,10.6402650796519,"KS","Training"
"TX21M5145",14.2843539504261,-3.30806756775921,"TX","Training"
"NSF22110",34.0662112231593,-0.772892839155503,"Other","Training"
"TX20A001194W",-14.4935870367898,2.9398895767568,"TX","Training"
"TX20A001031",-17.6276646241274,-19.2398194547738,"TX","Training"
"TX21M5141",12.0608834259943,-0.293000433697679,"TX","Training"
"CO23D013R",-35.142490642819,13.7064599270073,"CO","Testing"
"CO23D025R",-46.8636496523571,4.45103075926297,"CO","Testing"
"NSF22115",4.80928105001041,16.139285585572,"Other","Training"
"TX21M5390",20.6876592104574,8.0069181873897,"TX","Training"
"NSF22117",3.62509569756593,6.75720642944446,"Other","Training"
"TXGT2D279",-16.8505153349517,-71.759297034954,"TX","Training"
"NSF22113",11.3634716285123,13.5373531198558,"Other","Training"
"NSF22114",18.6541230021536,30.1786616039713,"Other","Training"
"NSF22121",8.19162784442538,13.5945573082821,"Other","Training"
"KS170684S.11",45.6510925505307,-31.4806394894866,"KS","Training"
"KS170364S.3",13.2379964058486,-16.560950093547,"KS","Training"
"KS22U8654.H.A06.T9",21.770692106028,-3.94962272002166,"KS","Training"
"TXGT3G217",-6.9649318099682,-44.5839722098527,"TX","Training"
"KS22U7487.G49",30.8278425589019,-67.4682133129258,"KS","Training"
"KS140535C.7",-2.35687024946817,17.2631715092017,"KS","Training"
"MT2128",48.2714054789528,16.7836961454507,"MT","Training"
"OK16107157.14CRHf17",15.5422323339286,-27.4176397680051,"OK","Training"
"OK19235.21HR.1",21.857469387244,-1.55178775022446,"OK","Training"
"TX20A001135",-8.53687761629106,-5.04573947429608,"TX","Training"
"TX20A001377",-27.21215166608,-31.837411763877,"TX","Training"
"TX20A001137",-3.6488401029311,-21.5293334274256,"TX","Training"
"TXGT2D146",-18.4386762444775,-68.1643159784906,"TX","Training"
"NSF22124",6.40623704179583,8.43323072490396,"Other","Training"
"N22MD3020",9.78619048634421,1.02891965815424,"Other","Training"
"NHH21441",-6.96322004649537,-7.0775449826906,"Other","Training"
"NEB.152.48",26.7577937776877,14.9924388728252,"NE","Training"
"TXGT2D243",-16.1673609246401,-38.9049383774055,"TX","Training"
"OK21227",13.1678887385856,-19.8387248317356,"OK","Training"
"SD20B134.4",31.0397468697707,-40.578138904894,"SD","Training"
"SD18B134.16",39.1969243901428,-42.8756929504765,"SD","Training"
"KS22U8581.F.5.8",38.8012025205966,4.67866902379668,"KS","Training"
"TXGT3G38",-3.63048621694572,-45.2097045561154,"TX","Training"
"CO23D123R",-48.9980206232727,13.5570547716804,"CO","Testing"
"CO23SFD008R",-18.3071433166053,40.6549440274936,"CO","Testing"
"OK21DTR1722.62",13.8688699333913,3.40379799133199,"OK","Training"
"OK20105",-1.42045532644186,-5.77668663063657,"OK","Training"
"TXGT3G20",7.54753426078257,-68.3045439484372,"TX","Training"
"TX21A001076",-8.05948425617514,-34.3318035017156,"TX",NA
"SD20C031.1",13.9526220756033,-5.46917143828693,"SD","Training"
"CO23D017R",-56.971455180888,8.30396075706578,"CO","Testing"
"N22MD4018",11.797797573947,8.86645725498176,"Other","Training"
"TXGT2D237",-5.53655797394619,-62.7514463576186,"TX","Training"
"KS22U2017013.G43",21.3723268713422,3.4493204110187,"KS","Training"
"KS130459C.4",18.9923493882625,7.70382432859711,"KS","Training"
"KS150167.18",18.3611478537293,5.93474947985642,"KS","Training"
"KS150167.15",28.8315104524711,9.61889766471025,"KS","Training"
"CO23D004R",-65.7475979377749,2.9891470217437,"CO","Testing"
"TX21A001081",9.38180647518294,-16.1699797965675,"TX","Training"
"KS22U8578.E.A1.H20.11",18.494309190238,0.178349036380222,"KS","Training"
"SD20D101.1",15.106896779948,-31.0900653867148,"SD","Training"
"SD20B027.1",24.8327707879213,-4.99081960871244,"SD","Training"
"OK18217.19HR.4",22.7033653048113,-57.7513511466411,"OK","Training"
"MTFH20163",18.2481337208447,-6.7979581627446,"MT","Training"
"KS22U8578.K.A2.A20.1",23.3573718110441,0.714725595782037,"KS","Training"
"OK21DTR1712.56",31.6710858669266,-1.42741501167486,"OK","Training"
"MT2178",14.4305424715997,7.64286370092301,"MT","Training"
"MT2172",11.4445686095717,14.1321969252022,"MT","Training"
"TXGT2D333",-18.2867735172182,-46.8319094485878,"TX","Training"
"OK21DTR1721.182",18.5911531877677,5.29625599442961,"OK","Training"
"SD20B012.1",29.1029891076137,-51.9840112758949,"SD","Training"
"OK19131.3C22",31.0499489566718,-4.38515437515647,"OK","Training"
"OK19225",5.7494950148382,-16.2260083247507,"OK","Training"
"OK21DTR1712.76",24.3350271048509,-7.29886326832037,"OK","Training"
"N22MD6101",2.6585855053521,2.37264384570344,"Other","Training"
"KS22U7269.F11.C10",-18.0811600009014,-11.2524058601346,"KS","Training"
"CO23D103R",-58.0928129572783,0.262160685400162,"CO","Testing"
"OK21DTR1712.66",45.6001804212109,-1.34380137684869,"OK","Training"
"TXGT2D322",-19.8565937473605,-44.9143329489177,"TX","Training"
"TXGT2D203",-13.0011724380626,-37.2833281339816,"TX","Training"
"SD20D016.3",41.5563943168539,-30.4135133644895,"SD","Training"
"CO23D118W",-46.5052438867898,11.1224907315623,"CO","Testing"
"KS22U8578.P.A7.A012",21.7229681733282,5.31892080688808,"KS","Training"
"BASF.23.9",3.40849434252113,3.3045300825755,"Other","Training"
"KS22U20F037.R2",14.255718842595,0.633802672713255,"KS",NA
"KS160765S.6",22.3452372197203,6.76018796857598,"KS","Training"
"BASF.23.2",-3.58324664123054,-17.2859696247703,"Other","Training"
"BASF.23.5",-10.0047722821744,-3.81641956340338,"Other","Training"
"BASF.23.8",14.4084928430325,-6.37168332760903,"Other","Training"
"CO23SFD102R",-21.2510221493371,34.5498363022199,"CO","Testing"
"KS170025D.11",30.0395599813487,-5.71723779647265,"KS","Training"
"BASF.23.7",-0.868035073345921,-4.47413821050958,"Other","Training"
"KS22U8520.P.3",34.4718479856425,2.43231675122366,"KS","Training"
"CO220796R",-29.1396893184543,20.1954552352965,"CO","Testing"
"TAM.107",-4.80543551737458,-27.0476740562924,"Other","Training"
"BASF.23.18",-21.729577894053,3.48384450099634,"Other","Training"
"KS22HW54",-23.0617114907342,-8.79601158939899,"KS","Training"
"BASF.23.19",17.8791482107621,-5.46897469775649,"Other","Training"
"BASF.23.14",27.1684316691403,0.623558138146684,"Other","Training"
"BASF.23.10",11.9637692396818,1.67216510571382,"Other","Training"
"BASF.23.11",15.6107972988115,-7.32628050490523,"Other","Training"
"BASF.23.12",29.4058961866811,-2.07880238295294,"Other","Training"
"CO220469R",-62.5734008780533,-8.75294208475609,"CO","Testing"
"23SeniorA.20",28.0318763687103,-25.0590217774061,"Other","Training"
"KS22HW60",3.278228374135,16.4169293315775,"KS","Training"
"CO23D218R",-43.0759253368545,2.22743774372963,"CO","Testing"
"BASF.23.22",41.6631603262251,-20.1367352116778,"Other","Training"
"CO220467R",-60.1531827454452,-7.28624571936264,"CO","Testing"
"23SeniorA.25",6.11954846090773,-1.12181605247933,"Other","Training"
"BASF.23.23",-0.499046691913223,-9.47877298382269,"Other","Training"
"BASF.23.24",-3.60520596921229,-20.1742920068163,"Other","Training"
"23SeniorB.12",17.2512028764159,6.87638510348047,"Other","Training"
"23SeniorA.41",29.8947261476593,-36.0938028584519,"Other","Training"
"CO21SF197R",-29.8762809496249,16.7259340001975,"CO","Testing and Training"
"CO21SF191RA",-38.8932722021472,14.1524507339333,"CO","Testing and Training"
"CO22SF019R",-44.9173918748573,22.9878639399786,"CO","Testing and Training"
"KS22HW44",-9.07970172682321,2.58605483343982,"KS","Training"
"CO23SFD188R",-35.0876327644495,18.148711400396,"CO","Testing"
"23SeniorA.48",30.4973688949068,-1.62786586696279,"Other","Training"
"23SeniorB.23",19.3142899069624,-4.27032820234625,"Other","Training"
"23SeniorA.47",31.3303279012545,-1.52299957673219,"Other","Training"
"CO23SFD034RC",-21.1628817774463,40.721710543941,"CO","Testing"
"CO23SFD011RA",-41.8911691582362,-0.292167549939231,"CO","Testing"
"CO200168R",-51.6578527996703,5.00724883086329,"CO","Training"
"CO220884R",-53.3489714118353,-17.9758968555989,"CO","Testing"
"23SeniorC.11",25.5904277078659,0.410008122113552,"Other","Training"
"CO220786R",-64.6305857258686,-15.0731458951752,"CO","Testing"
"VA21HRW.9",39.6240377572258,4.4373637655737,"VA","Training"
"CO23SFD035RC",-20.9108631516983,40.0936335768012,"CO","Testing"
"CO210240W",-18.3402684415142,32.4734827365449,"CO","Testing"
"VA21HRW.2",57.7189907862752,26.6020054778286,"VA","Training"
"VA21HRW.84",60.9083244125846,-1.07197916054491,"VA","Training"
"VA21HRW.85",58.0681698818571,35.1482919731124,"VA","Training"
"VA21HRW.87",52.89855574892,30.9001393392843,"VA","Training"
"VA21HRW.88",60.3660885693799,35.2289510591468,"VA","Training"
"23SeniorB.48",25.3902936759317,-13.838021263064,"Other","Training"
"23SeniorB.49",17.1396434171031,-0.217139104003036,"Other","Training"
"CO23SFD039WA",-27.0260076875832,21.9942034040067,"CO","Testing"
"KS170013D.19",32.7768821214887,-1.98228888075079,"KS","Training"
"CO220570R",-56.7306082476942,-4.88574119965629,"CO","Testing"
"23SeniorC.36",19.7062313666872,1.51130848831239,"Other","Training"
"23SeniorC.29",18.8912228427284,-5.94117952655258,"Other","Training"
"23SeniorC.40",19.7546090007024,1.24070162573287,"Other","Training"
"23SeniorC.41",16.110246400187,-2.54918734503162,"Other","Training"
"KS22H89",3.95133070092379,5.49665443135037,"KS","Training"
"CO220133R",-43.7630851068071,9.84580070891134,"CO","Testing"
"23SeniorC.37",19.7055588949451,1.15954238069095,"Other","Training"
"VA21HRW.90",56.5884208951767,32.7529293082512,"VA","Training"
"VA21HRW.94",43.479951745745,24.0638116173333,"VA","Training"
"CO220362R",-39.5047820036328,-2.53227663039446,"CO","Testing"
"VA21HRW.99",43.4524060571253,20.7474291689369,"VA","Training"
"CO220156R",-41.3049405681438,12.4355394551853,"CO","Testing"
"DH19HRW04.86",38.3327130831712,5.68612035423039,"Other","Training"
"CO200247W",-16.1739584520521,36.3571762364459,"CO","Testing and Training"
"VA21HRW.46",38.2548869861311,-24.7050577312027,"VA","Training"
"KS22H75",1.45792595712956,-2.89363279715676,"KS","Training"
"23SeniorB.9",21.7029368537304,-8.29965278640519,"Other","Training"
"23SeniorB.7",30.24974256914,-2.12949765165587,"Other","Training"
"23SeniorB.8",27.5322740833561,-8.42649901296655,"Other","Training"
"23SeniorB.6",30.5164480206684,-6.41988658040049,"Other","Training"
"VA21HRW.34",60.7574691765327,38.4749403386481,"VA","Training"
"VA21HRW.36",54.4981485508029,-9.88878058758171,"VA","Training"
"KS22H57",-9.74624644236737,4.07108993235268,"KS","Training"
"VA21HRW.37",50.3933089681831,-19.1619807288037,"VA","Training"
"VA21HRW.39",40.0684338331152,-13.2280270788583,"VA","Training"
"TX18DH287",-8.22548698947583,-8.93820775810633,"TX","Training"
"VA21HRW.68",39.9993687552124,27.1333209265403,"VA","Training"
"CO22SF008WC",-17.2874418935926,28.6188797153483,"CO","Testing and Training"
"VA21HRW.50",44.5353358679513,20.3643505399749,"VA","Training"
"KS22H38",3.77352368866395,-4.99690682512757,"KS","Training"
"VA21HRW.54",46.3225266497972,19.6397727311141,"VA","Training"
"VA21HRW.58",45.3439881272118,34.5323082715939,"VA","Training"
"KS22H40",-14.7979343808546,8.51736895545316,"KS","Training"
"CO22056RA",-58.5915741516799,-22.629902337843,"CO",NA
"KS22HW152",-12.7970154504907,2.92329856066071,"KS","Training"
"CO220151R",-27.9172690544339,-4.06655026115574,"CO","Testing"
"KS22HW150",-16.0076199540726,17.0205477848551,"KS","Training"
"KS22H28",-2.18397859948261,11.9155346059269,"KS","Training"
"CO210418R",-62.3974627052126,2.70990777705394,"CO","Testing"
"KS22H23",-4.20461978088035,9.1175842692481,"KS","Training"
"22Nord.169",13.4904060265991,-7.72148690905284,"Other","Training"
"KS22H19",-3.16987975099384,10.1888312026276,"KS","Training"
"22Nord.170",13.7985575269691,-5.85370957964115,"Other","Training"
"22Nord.175",23.34560998367,12.3299200886394,"Other","Training"
"CO22SF047RA",-55.3996810036034,4.22988691699116,"CO","Testing"
"22Nord.176",16.0606730585744,-13.4348723817079,"Other","Training"
"KS22H21",5.59906550790091,-1.3540276938598,"KS","Training"
"22Nord.177",14.6174896496131,-10.8468728972247,"Other","Training"
"22Nord.178",27.9127264838643,11.3965484936325,"Other","Training"
"22Nord.171",12.8483882195349,-7.09386802999394,"Other","Training"
"22Nord.172",14.7032908672641,-10.7672137854964,"Other","Training"
"22Nord.173",24.1297598692606,-22.4992810321053,"Other","Training"
"22Nord.174",45.880553002709,-50.9299740367671,"Other","Training"
"VA21HRW.20",54.7074020319489,29.6032428192043,"VA","Training"
"VA21HRW.24",63.7154204553321,5.78610468584357,"VA","Training"
"VA21HRW.29",28.2312618771125,-0.431515107432372,"VA","Training"
"CO23SFD051WA",-34.4455158046958,10.7557002875257,"CO","Testing"
"23SeniorC.6",31.5393643047528,-44.57666371757,"Other","Training"
"VA21HRW.11",33.2917904002829,4.81412251622647,"VA","Training"
"VA21HRW.12",32.8355513797116,12.9655779372972,"VA","Training"
"CO220087R",-52.6447437122637,-9.32530620714243,"CO","Testing"
"KS22HW118",-11.1569334710747,4.99862105104972,"KS","Training"
"CO21SF263RA",-36.3770974448164,13.4262073667003,"CO","Testing and Training"
"CO22SF085R",-27.7768888570719,19.7830963026752,"CO","Testing"
"TX18DH313",-10.3428395350518,-1.03611180299663,"TX","Training"
"CO23D240R",-26.8171359339831,30.3644431482982,"CO","Testing"
"CO220251R",-63.9836168990691,-12.9964944941491,"CO","Testing"
"CO21SF226R",-25.0218906129011,11.7105683536097,"CO","Testing and Training"
"DH19HRW04.21",36.2697534716633,5.83900650039671,"Other","Training"
"CO23D243R",-54.7886536792849,4.99572694989041,"CO","Testing"
"KS22HW175",21.9058134413406,21.3527990503126,"KS","Training"
"KS22H163",-17.6029166349907,3.61919806601698,"KS","Training"
"KS22H178",9.27968150112963,18.5374104752001,"KS","Training"
"CO23D242W",-57.3704693782203,7.75971386102406,"CO","Testing"
"CO220285R",-65.0348540421845,-14.2263253277891,"CO","Testing"
"KS22H170",-19.5793805858872,2.47738941936429,"KS","Training"
"KS22H172",-19.0851244077584,1.65591103391115,"KS","Training"
"KS22HD156",-0.403913929615063,14.4700688226179,"KS","Training"
"KS22HD157",-29.6526892556567,-5.82426816525723,"KS","Training"
"KS22H147",-7.80627417465178,7.28621947765074,"KS","Training"
"KS22H149",-13.9299740549188,19.8608561583213,"KS","Training"
"CO20SF160R",-18.0092961063221,4.14951690111059,"CO","Training"
"KS22HD158",-36.538798093597,-5.07156980153931,"KS","Training"
"CO22SF003R",-9.49096395229627,27.9202743100571,"CO","Testing and Training"
"CO22SF039M",-12.2307061607825,18.8670195252295,"CO","Testing"
"CO23D247W",-52.9544217430661,9.96937203684203,"CO","Testing"
"KS22H126",19.7360288359785,8.44890798045736,"KS","Training"
"CO220610R",-60.3914212363315,-7.38565565673251,"CO","Testing"
"CO23SFD032WA",-25.1806031625938,18.8456032576154,"CO","Testing"
"CO220502R",-57.4085234948529,-9.94779301252735,"CO","Testing"
"CO23D246W",-47.8750562786313,14.395245775831,"CO","Testing"
"KS22H100",-0.114837233942973,11.5179846461229,"KS","Training"
"KS22H108",4.48120547641962,2.75206580197541,"KS","Training"
"CO23D031RA",-49.315635621907,-12.3710529109861,"CO",NA
"KS22H112",-0.0125901290736124,0.784472191528496,"KS","Training"
"CO21SF240R",-39.6881295311127,19.110883587602,"CO","Testing and Training"
"VA21HRW.105",60.9537806559182,29.7240010717552,"VA","Training"
"VA21HRW.102",58.8216147818253,30.1495790824702,"VA","Training"
"CO220506R",-58.4188968858275,-13.5530178501537,"CO","Testing"
"VA21HRW.100",46.0339084823617,22.9741482482613,"VA","Training"
"DH19HRW01.45",42.557810472199,20.4282726233493,"Other","Training"
"CO21D1411R",-52.2217825427004,0.891295918986463,"CO","Training"
"BASF.23.1",9.60073368205553,-3.03849856113457,"Other","Training"
"BASF.23.4",-0.462526904323839,0.662124066072977,"Other","Training"
"BASF.23.3",-0.191363224637439,18.1595375908173,"Other","Training"
"BASF.23.6",-8.61594239038756,-9.918220604602,"Other","Training"
"CO220215R",-49.7951992631292,5.54989214193168,"CO","Testing"
"CO220479R",-66.5491504118742,-14.6846509044516,"CO","Testing"
"CO22195RA",-63.2298744521053,-26.2389196367525,"CO",NA
"CO220002W",-33.2186092252152,11.9677958171686,"CO","Testing"
"CO220241R",-70.5153861153006,-10.4415966734317,"CO","Testing"
"CO220683R",-61.7600147103416,-7.3259276081086,"CO","Testing"
"CO220211R",-48.8018285369601,28.8903519028118,"CO","Testing"
"CO220296R",-67.4335170337591,-18.0515107470668,"CO","Testing"
"CO220054R",-63.4765249157894,-10.4191451638543,"CO","Testing"
"CO220802R",-55.111627089198,-12.5699036140589,"CO","Testing"
"CO220052R",-59.2526032916587,-11.7031949966535,"CO","Testing"
"CO220188R",-43.3303234888532,-11.1227947498647,"CO","Testing"
"CO220720R",-39.3107603824632,21.658944720587,"CO","Testing"
"CO220406R",-61.0538290131336,0.0149801347986161,"CO","Testing"
"CO220622R",-63.0918284009016,-16.0389221697032,"CO","Testing"
"CO220865R",-60.5709636843682,-10.8239062146058,"CO","Testing"
"CO220512R",-28.2176333683362,8.10354342712795,"CO","Testing"
"CO22194RA",-50.7685729952877,-23.6278473783674,"CO",NA
"CO220869R",-60.8646752523474,-16.0017526269387,"CO","Testing"
"CO23SF052R",-28.5775765003011,38.7145994564174,"CO","Testing"
"CO23SF161W",-21.8627658862691,42.6217450242587,"CO","Testing"
"CO220881R",-47.7848137064262,-19.8460403126459,"CO","Testing"
"CO23006RA",-32.5890072032135,-6.76297202761021,"CO",NA
"CO220794R",-39.8573689707799,-0.221359309319932,"CO","Testing"
"MTFHS23316",23.1400914166369,14.620888832833,"MT","Training"
"MTFHS23315",24.7130880304977,20.707459189696,"MT","Training"
"CO23127RA",-47.3133256851595,-8.21026301866596,"CO",NA
"CO23114RA",-57.9845286223329,-34.9419761927802,"CO",NA
"CO23SF084R",-36.7955769299213,9.77686649873943,"CO","Testing"
"CO23126RA",-50.054082927565,-6.86055706221782,"CO",NA
"CO22D002R",-59.728974748759,-7.53377930238427,"CO","Testing"
"CO220025W",-9.8489418084367,39.1728036550746,"CO","Testing"
"CO23SF080R",-45.0657716376788,0.727455421168938,"CO","Testing"
"CO23SF092R",-27.5716436384545,35.2051781713118,"CO","Testing"
"CO23SF060RA",-39.5166239988396,-19.4816902761896,"CO","Testing"
"CO23161RA",-55.4748780580991,-22.5918362195418,"CO",NA
"CO23SF040RA",-50.391244936972,-6.15060756200734,"CO","Testing"
"CO23SFD004RA",-46.1195034664864,2.73338414686008,"CO","Testing"
"CO23SF218R",-35.459767187411,15.7920823518324,"CO","Testing"
"CO23160RA",-47.5028488352834,-17.9964268792852,"CO",NA
"CO22D324R",-42.7808405389225,7.53480489574676,"CO","Testing"
"TX18DH498",-3.07713134782155,-8.24751104528181,"TX","Training"
"TX18DH132",-14.6935354798436,-4.50373909053074,"TX","Training"
"CO23SF008R",-26.53304430734,19.9017506544066,"CO","Testing"
"CO23SF105R",-17.0982771922509,33.8377132013597,"CO","Testing"
"CO23SF215R",-33.2690472204334,16.8792348862486,"CO","Testing"
"CO23SF018R",-11.8391773449722,17.1042928745585,"CO","Testing"
"CO23SF236R",-13.1087070846846,37.5513837310013,"CO","Testing"
"KS21H30",-8.99348718159512,2.39093457035189,"KS","Training"
"CO23SF225R",-21.1006268994729,42.9159013174183,"CO","Testing"
"CO23SF237R",-24.8185245036938,12.4733211981215,"CO","Testing"
"CO23SF269W",-14.7540740666532,37.6416985360725,"CO","Testing"
"TX18DH319",-18.5652936461062,9.46215252608066,"TX","Training"
"KS22U7321.B2.B7",-19.1438656109669,-15.0733206826098,"KS","Training"
"CO23SF125R",-30.7430934971363,10.3933800530226,"CO","Testing"
"CO23SF149R",-21.3525161841789,33.7838480134846,"CO","Testing"
"CO23152RA",-36.0459567188473,-21.6757113006887,"CO",NA
"CO23089RA",-48.2575895263126,-21.7814510239593,"CO",NA
"CO23SF049W",-20.0867347065782,36.055042961399,"CO","Testing"
"CO23D049R",-46.6269623916704,-4.2824838479093,"CO","Testing"
"CO23SF244R",-30.7817545983851,33.0681610906646,"CO","Testing"
"CO23SF245R",-30.8190248638374,23.0078651333225,"CO","Testing"
"CO23SF257R",-28.1732063281958,5.93489714252662,"CO","Testing"
"CO23SF120R",-33.725847448988,15.4241375096874,"CO","Testing"
"CO23SF277R",-18.4910403099076,44.2766616494852,"CO","Testing"
"CO23158RA",-48.8014740774315,-18.7878320797758,"CO",NA
"CO23112RA",-52.6375724891603,-34.5410928480301,"CO",NA
"CO23SF012R",-10.6529200050424,27.4506969338701,"CO","Testing"
"CO23049RA",-31.5117448757132,-18.8529592574718,"CO",NA
"CO210771R",-62.1080457841018,-7.11070247175418,"CO","Testing"
"CO23SF154R",-14.8453295242614,35.3685725261016,"CO","Testing"
"CO23157RA",-46.1303265141014,-17.2115572622916,"CO",NA
"CO23134RA",-45.4500265272838,-25.5383275676,"CO",NA
"KS150167.19",25.2532419466376,8.22030390954819,"KS","Training"
"CO23001RA",-26.6548592545875,1.88147023050649,"CO",NA
"CO23110RA",-56.3334868597046,-36.8621695853775,"CO",NA
"CO23SF165R",-24.4907643956761,41.5599586299125,"CO","Testing"
"CO23SF150R",-16.1081116141021,34.155393300152,"CO","Testing"
"CO23SF283R",-50.8978346965181,11.6184477270255,"CO","Testing"
"CO23SF042R",-46.1952167094254,20.4283691067607,"CO","Testing"
"TX20M4135",1.042199953175,-3.91442726556197,"TX","Training"
"CO23121RA",-49.9068354311774,-7.43540712758798,"CO",NA
"CO23SF010WA",-32.1009372244391,21.2032372731957,"CO","Testing"
"LCH22.2408",-16.2404511577498,3.54396592923715,"Other","Training"
"TX21M5528",13.45088066102,0.963438201643458,"TX","Training"
"CO23SF270R",-13.3439195743231,35.7078940038606,"CO","Testing"
"NE20620",6.67962173958122,-7.18223660851418,"NE","Training"
"CO23SF085R",-40.1782508496964,5.23735067031552,"CO","Testing"
"CO23SF061W",-10.9677031503302,36.8783854823009,"CO","Testing"
"TX21M5741",2.54311394958691,-16.916681759925,"TX","Training"
"OK20738",17.9955609399221,-6.56868478051307,"OK","Training"
"NE18445",-6.0133208579851,-7.68654025816674,"NE","Training"
"CO23SFD049R",-28.0387950272191,31.1385866970962,"CO","Testing"
"CO22SFD105M",-8.44348469852523,26.8767635166956,"CO","Testing and Training"
"CO23SF083R",-47.5516705401931,-3.31558906782189,"CO","Testing"
"CO23SF012WA",-34.7234670886956,21.3716880137714,"CO","Testing"
"X220964.2896",-47.6595882687608,-2.07965466367634,"Other",NA
"X220964.2895",-30.8451571437163,-42.4794680133156,"Other",NA
"X220964.2894",-44.8423434759506,-3.64234445054541,"Other",NA
"LCH22.1741",-42.3660545243576,-20.7164822003608,"Other","Training"
"X220958.2910",-22.6969519381993,22.0283087572785,"Other",NA
"X220958.2913",-17.4313527483268,17.1885575191138,"Other",NA
"X220958.2912",-5.4004489798871,-10.7913671998563,"Other",NA
"X220964.2893",-56.0798957550436,-6.53201762168103,"Other",NA
"X220964.2892",-35.2096768703065,-30.6188607571253,"Other",NA
"NE17441",21.8792991026443,-4.05660632368313,"NE","Training"
"X220958.2904",-18.8823403337498,29.9648712879911,"Other",NA
"X220958.2903",-27.335114040084,21.4064533395032,"Other",NA
"X220958.2906",-31.104114770077,18.7802586702973,"Other",NA
"X220958.2905",-21.5579666063821,30.3199850997581,"Other",NA
"X220958.2900",-2.07301181310985,-10.8842407047595,"Other",NA
"X220958.2902",-26.3912847580571,26.792572063235,"Other",NA
"X220958.2901",-29.6272095868817,24.4721684449914,"Other",NA
"X220958.2908",-13.6221353568081,-5.34283411226187,"Other",NA
"X220958.2907",-27.8289819983897,21.5673035664413,"Other",NA
"X220958.2909",-10.9510446253084,15.528439855999,"Other",NA
"CO23SF082R",-39.916517150533,11.1292038627279,"CO","Testing"
"TX17A1247.BI8",0.847877683540627,-6.19706287833118,"TX","Training"
"TX17A1247.BI6",0.648565531007903,-4.87319038513099,"TX","Training"
"CO23SFD035RA",-30.8150065220964,10.066757383362,"CO","Testing"
"OK20708",11.0113653836185,-3.83462709321226,"OK","Training"
"MTS22118",30.778306995774,17.8156332468228,"MT","Training"
"OK23D89082X",-16.0637087013599,-26.9012929054905,"OK","Training"
"NE21582",0.813076800448812,-7.05672841385593,"NE","Training"
"CO23SFD066R",-26.4716864305984,19.9068007700853,"CO","Testing"
"KS22H88",-8.41410929538026,3.24506105253293,"KS","Training"
"KS23U7494.H1.B3",0.311149603567605,15.2312329854046,"KS","Training"
"CO23119RA",-44.1413209848343,-4.75606808706853,"CO",NA
"MTS22104",2.18034897612083,25.2514103048642,"MT","Training"
"N22MD9044",7.53805633722791,-13.0624340898819,"Other","Training"
"NE21448",-2.79774624013952,2.10899445688882,"NE","Training"
"LCH22.9889",10.2787894908674,6.35357478122853,"Other","Training"
"KS23U8313.D.6.9",-30.5461688209129,3.18263387676041,"KS","Training"
"MTS21103",18.9755266206962,9.21579167306168,"MT","Training"
"NE21646",16.8086915414235,7.88778787320819,"NE","Training"
"NE22252",-8.90030740864123,-0.982218338869339,"NE","Training"
"X220966.2482",-13.059743492219,55.2150808280292,"Other",NA
"X220966.2484",-11.4534673639396,47.5766803821689,"Other",NA
"X220966.2483",-12.1265472806878,41.8592563202989,"Other",NA
"X220966.2486",-37.8108251163737,-14.0705868357991,"Other",NA
"X220966.2485",-10.8158594963047,36.2497922394726,"Other",NA
"NE22249",17.442014141164,5.95686095995499,"NE","Training"
"NE22238",12.4333945931224,8.23103328974775,"NE","Training"
"NE22271",11.4271852614711,1.42398130845881,"NE","Training"
"TX18DH858",-13.6012406288579,-9.99645428127888,"TX","Training"
"TX21A001241",-27.8494142557557,-60.7644616837794,"TX","Training"
"NE22262",-15.1695553567553,2.8406687747696,"NE","Training"
"CO23SF017WA",-29.8890869709178,23.3715071978338,"CO","Testing"
"NE22212",8.77160747230524,-1.75406084769873,"NE","Training"
"TX21M5167",19.3558603715628,2.51077754207906,"TX","Training"
"NE22215",15.2977678539231,1.02734370922327,"NE","Training"
"CO23SF009WA",-35.0087940663778,19.5315578527172,"CO","Testing"
"MT2219",22.205981411005,3.8682242418907,"MT","Training"
"MT2335",33.7671502482308,16.5961361532336,"MT","Training"
"NE22209",13.5315159585736,-4.22340050501717,"NE","Training"
"TX21M5173",2.51406874801232,-16.4051669125074,"TX","Training"
"NE22320",13.6704313795201,5.27306967688955,"NE","Training"
"TX21M5051",33.3764788749779,4.38372486429242,"TX","Training"
"NE22200",22.0662585087095,-1.30172104017436,"NE","Training"
"24CP900017",31.2932639378324,7.33404251112327,"Other","Training"
"24CP900015",44.9548907414051,-37.1191618224492,"Other","Training"
"24CP900027",38.7149970899803,-39.0568039520004,"Other","Training"
"MT2230",9.67960080479077,14.4106235402546,"MT","Training"
"24CP900022",26.3776011371233,-2.01073765189458,"Other","Training"
"TX21A001421",6.15273484732054,-5.78719862588217,"TX","Training"
"CO23SF268R",-19.913545187496,30.0354836493996,"CO","Testing"
"NEB.147.53",8.32244545145217,2.32163028007462,"NE","Training"
"KS23U7494.E11.C5.Y22",4.12203388829407,12.7489302319004,"KS","Training"
"LCH22.2015",-34.4453230782118,-11.7046441220256,"Other","Training"
"MTS2110",28.4984978518652,4.29626774703899,"MT","Training"
"MTAX21187",-23.7337850686883,-22.3188118607628,"MT","Training"
"MT2262",3.22061579670269,-1.34416705920647,"MT","Training"
"TX21A001072",-14.1473091686975,-14.6676108685119,"TX","Training"
"OK198417C",8.03291631847338,-2.12078711583464,"OK","Training"
"MT2270",4.98104072749221,-3.60723928738424,"MT","Training"
"CO23SF058R",-33.4472575746166,29.2344636231814,"CO","Testing"
"KS150167.17",24.5769651258993,6.82211094998124,"KS","Training"
"X220958.2898",-2.73474542472391,-4.63146727401503,"Other",NA
"X220958.2897",-17.8879416234967,22.9091886442491,"Other",NA
"X220958.2899",-19.4968217899256,19.0754641267994,"Other",NA
"NE22172",-6.6396559557622,3.27892244953617,"NE","Training"
"MTS2286",33.0794398323326,5.02632564342724,"MT","Training"
"NE22174",10.4703965781112,2.280857713857,"NE","Training"
"NE22287",-10.4452410932424,16.6430737309013,"NE","Training"
"MTS2298",4.36709183433287,22.6327091681869,"MT","Training"
"CO23SFD039W",-28.1384272971443,29.7487106478481,"CO","Testing"
"18MD4448",17.6049441595488,1.38764954304063,"Other","Training"
"CO23SF271W",-17.6572803850987,29.2408503419007,"CO","Testing"
"CO23SF260R",-27.5241282174254,6.15158082167123,"CO","Testing"
"MTS2272",12.8627538676783,9.93625947270034,"MT","Training"
"NE22183",19.3633186614854,-24.9921299508041,"NE","Training"
