"PC","Variance_explained"
1,4.83220053696282
2,2.4605306830656
3,2.27790169736545
4,2.12391098953655
5,1.89145557703524
6,1.61642476416293
7,1.46592821798066
8,1.37586396962335
9,1.24365947955632
10,1.17755865542443
11,1.02855376561505
12,0.986022830974378
13,0.944708777959785
14,0.927204156462277
15,0.859041724305
16,0.810077013649623
17,0.779966435802296
18,0.767964127401273
19,0.73942122805673
20,0.720281923505604
21,0.696472133559596
22,0.655396298125338
23,0.641782563378725
24,0.633813968798737
25,0.609981949479276
26,0.591094699424902
27,0.575147526787635
28,0.555202126059683
29,0.538815799861684
30,0.524983611123689
31,0.513670705576162
32,0.500771485890728
33,0.489528834227412
34,0.47891224368947
35,0.465868554951284
36,0.461608685910956
37,0.455751533364562
38,0.434386917140024
39,0.42948037631849
40,0.422233511679867
41,0.417335004464575
42,0.40725116023777
43,0.404525528570087
44,0.393244416817432
45,0.389345704138222
46,0.382972629826046
47,0.370350478391521
48,0.367300537228323
49,0.358011963400458
50,0.356685775696519
51,0.351011642792039
52,0.347547644577925
53,0.343335943246651
54,0.334231951076947
55,0.330334819721611
56,0.322197726850939
57,0.31440827422388
58,0.313053755622515
59,0.311968911230274
60,0.306733551351111
61,0.303230118001821
62,0.302607919857785
63,0.298916382261794
64,0.295385621464307
