Dataset,Trait,n,mean,sd,minimum,maximum,range,skewness
Historical training population,INC,2114,40.78103021127698,32.3970265666981,0,100,100,0.5499846784009997
Historical training population,SEV,2093,19.810137570905393,19.458788568552908,0,100,100,1.5315298428858688
Historical training population,DON,1070,8.932800623056076,8.280414832735994,0,46.8,46.8,1.338880358770081
Historical training population,FDK,978,26.686456808120667,19.737443862168387,0,100,100,0.7926361113282282
Historical training population,DI,1749,22.031190717559152,19.57480354087762,-7.11e-14,100,100.00000000000007,1.1067569120788041
2025 UIUC testing population,INC,472,56.186440677966075,26.087212590942908,0,100,100,-0.5177090443244913
2025 UIUC testing population,SEV,472,52.658898305084755,22.626013373142218,0,90,90,-0.41319666288810875
2025 UIUC testing population,DON,471,17.391295116772824,7.829892843208333,2.6,50.9,48.3,1.0769182737420293
2025 UIUC testing population,FDK,472,27.648305084745765,12.995150054321288,5,65,60,0.5249432461703119
2026 UNL testing population,INC,158,25.6596343178481,11.840641188777665,0,55,55,-0.05189131151333999
2026 UNL testing population,SEV,158,90.12658227848101,20.841755668071315,0,100,100,-2.7062832075990046
2026 UNL testing population,DON,157,14.314323503184713,7.795957709778098,2.35058,34.52453,32.17395,0.6848986941044807
2026 UNL testing population,FDK,157,29.076433121019107,12.465614963835046,5,75,70,0.4044622779668665
2026 UIUC testing population,INC,158,24.113924050632917,20.99832407129463,0,90,90,1.5994862003531927
2026 UIUC testing population,SEV,158,33.35443037974684,25.011863668982333,0,100,100,0.8253291433614365
2026 UIUC testing population,FDK,158,38.35443037974684,16.203748858273542,5,85,80,0.3441340480376221
