"ID","INC","SEV","DON","Selection_Index","Selected_2026","Index_Rank","Top_60_Index"
"X220958.2914",0,0,4.9,1.96,FALSE,1,TRUE
"X220958.2906",0,0,12.1,4.84,FALSE,2,TRUE
"CO23SFD049R",5,10.5,8.95,8.23,TRUE,3,TRUE
"CO23SF012R",5,7,11.8,8.32,TRUE,4,TRUE
"CO21SF263RA",10,10.5,10.7,10.43,TRUE,5,TRUE
"CO23SF236R",10,10.5,12.15,11.01,TRUE,6,TRUE
"X220958.2912",10,14,10.9,11.56,TRUE,7,TRUE
"X220958.2907",10,14,12.8,12.32,TRUE,8,TRUE
"CO21SF240R",10,17.5,11.25,12.75,TRUE,9,TRUE
"CO23SF042R",10,18.5,12.75,13.65,TRUE,10,TRUE
"CO23SF150R",5,3.5,28.5,13.95,TRUE,11,TRUE
"CO23SF257R",10,7,24.25,14.8,TRUE,12,TRUE
"CO23SF165R",15,14,15.95,15.08,TRUE,13,TRUE
"X220958.2913",20,21,13.1,17.54,TRUE,14,TRUE
"CO23SF125R",0,0,45.6,18.24,TRUE,15,TRUE
"CO20D108R",15,30.5,12.05,18.47,TRUE,16,TRUE
"X220958.2910",30,14,13.4,18.56,TRUE,17,TRUE
"CO23D243R",25,27,7.85,18.74,TRUE,18,TRUE
"X220964.2892",30,14,14,18.8,TRUE,19,TRUE
"CO23SF154R",15,20,21.45,19.08,TRUE,20,TRUE
"CO21SF191RA",15,32,13.1,19.34,TRUE,21,TRUE
"CO22SFD168W",15,27,19.25,20.3,TRUE,22,TRUE
"CO23SF120R",10,10.5,35.85,20.49,TRUE,23,TRUE
"CO19D087R",25,35,7.2,20.88,TRUE,24,TRUE
"CO23SF271W",10,30,23.25,21.3,FALSE,25,TRUE
"CO21SF0073W",25,30,12.75,21.6,TRUE,26,TRUE
"X220966.2484",20,21,23.7,21.78,TRUE,27,TRUE
"CO220052R",35,25.5,9.55,21.97,TRUE,28,TRUE
"Langin",40,25.5,6.15,22.11,TRUE,29,TRUE
"CO23SF268R",30,21,17.15,22.16,TRUE,30,TRUE
"CO23SF225R",10,47,15,23.1,TRUE,31,TRUE
"CO23049RA",30,30,12.9,23.16,TRUE,32,TRUE
"X220958.2909",20,40,13,23.2,TRUE,33,TRUE
"CO23SF082R",40,25.5,9.05,23.27,TRUE,34,TRUE
"CO23SF269W",10,40,21.55,23.62,FALSE,35,TRUE
"X220964.2893",20,40,14.2,23.68,TRUE,36,TRUE
"CO18042RA",50,21,6.2,23.78,TRUE,37,TRUE
"CO23SF283R",30,30.5,14.7,24.03,TRUE,38,TRUE
"CO23D242W",35,35,11.2,25.48,TRUE,39,TRUE
"X220964.2895",50,21,10.5,25.5,TRUE,40,TRUE
"CO23SF244R",40,30,11.35,25.54,TRUE,41,TRUE
"Canvas",40,35,8.05,25.72,TRUE,42,TRUE
"CO23SF245R",30,25,23.1,25.74,FALSE,43,TRUE
"CO22SF008WC",20,42,17.95,25.78,TRUE,44,TRUE
"CO210418R",45,30,9,26.1,TRUE,45,TRUE
"CO22SF039M",25,45,13.15,26.26,TRUE,46,TRUE
"CO23SF049W",25,40.5,17.05,26.47,TRUE,47,TRUE
"X220966.2485",20,40,22.3,26.92,TRUE,48,TRUE
"CO220211R",55,25.5,8.25,27.45,TRUE,49,TRUE
"CO23SF085R",40,35.5,12.75,27.75,TRUE,50,TRUE
"CO23SFD122W",20,40.5,24,27.75,TRUE,50,TRUE
"X220957.1",40,30,18.7,28.48,FALSE,52,TRUE
"CO220720R",35,32,21.05,28.52,TRUE,53,TRUE
"CO23SFD008R",40,45,8,28.7,TRUE,54,TRUE
"Sheridan",45,35,11.8,28.72,FALSE,55,TRUE
"X220961.2",40,40,12.6,29.04,FALSE,56,TRUE
"CO23SF084R",25,30,31.7,29.18,FALSE,57,TRUE
"CO23SF277R",35,40,17.25,29.4,TRUE,58,TRUE
"CO220133R",35,45,13.85,29.54,TRUE,59,TRUE
"CO23SF260R",30,45,17.7,29.58,FALSE,60,TRUE
"CO22D037R",55,30.5,12.65,30.71,TRUE,61,FALSE
"CO220506R",55,35.5,9.1,30.79,TRUE,62,FALSE
"CO23SF105R",35,55,10.85,31.34,TRUE,63,FALSE
"CO23D182R",55,35,11.4,31.56,TRUE,64,FALSE
"X220957.2",60,30,11.6,31.64,FALSE,65,FALSE
"CO220570R",45,45,11.65,31.66,TRUE,66,FALSE
"CO220296R",60,35,8.55,31.92,TRUE,67,FALSE
"CO220362R",55,40,8.9,32.06,FALSE,68,FALSE
"CO23SF061W",35,35,27.75,32.1,FALSE,69,FALSE
"CO220683R",60,32,11.55,32.22,TRUE,70,FALSE
"CO23SF270R",30,50,21,32.4,FALSE,71,FALSE
"CO210077R",55,40,9.85,32.44,TRUE,72,FALSE
"CO23SFD085R",40,50,13.8,32.52,FALSE,73,FALSE
"CO20SFD020R",65,30.5,10.45,32.83,TRUE,74,FALSE
"Fortify SF",60,35.5,10.65,32.91,FALSE,75,FALSE
"X220958.2908",40,50,16.9,33.76,FALSE,76,FALSE
"Byrd",55,45,10,34,FALSE,77,FALSE
"CO23114RA",60,50,2.6,34.04,FALSE,78,FALSE
"X220958.2900",60,30,18.5,34.4,FALSE,79,FALSE
"CO23SFD038W",40,45,22.4,34.46,FALSE,80,FALSE
"Windom SF",30,65,15,34.5,FALSE,81,FALSE
"CO23SF215R",50,50,11.4,34.56,FALSE,82,FALSE
"CO23SF218R",45,55,11.5,34.6,FALSE,83,FALSE
"X220957.3",50,50,12.2,34.88,FALSE,84,FALSE
"X220963.5",50,50,12.5,35,FALSE,85,FALSE
"X220963.1",50,50,12.8,35.12,FALSE,86,FALSE
"CO23D246W",55,50,9.45,35.28,FALSE,87,FALSE
"CO23SF149R",40,45,25,35.5,FALSE,88,FALSE
"CO20022RC",50,50,14.55,35.82,FALSE,89,FALSE
"CO22D103W",55,45,14.7,35.88,FALSE,90,FALSE
"CO200247W",40,55,18.9,36.06,FALSE,91,FALSE
"X220966.2483",30,50,31.1,36.44,TRUE,92,FALSE
"CO220479R",45,60,13.15,36.76,FALSE,93,FALSE
"CO23D017R",45,60,14.9,37.46,FALSE,94,FALSE
"CO220502R",45,55,19,37.6,FALSE,95,FALSE
"X220966.2482",40,60,19.5,37.8,FALSE,96,FALSE
"CO220869R",60,50,12.1,37.84,FALSE,97,FALSE
"CO22D324R",70,40,12.1,37.84,FALSE,97,FALSE
"CO23SF083R",60,50,12.25,37.9,FALSE,99,FALSE
"X220958.2901",40,60,19.9,37.96,FALSE,100,FALSE
"X220963.7",50,60,12.4,37.96,FALSE,100,FALSE
"CO23SF017WA",56.6666666666667,50,15,38,FALSE,102,FALSE
"CO23SF010WA",60,60,5.03333333333333,38.0133333333333,FALSE,103,FALSE
"CO23D123R",75,40,9.45,38.28,FALSE,104,FALSE
"X220963.8",60,50,13.6,38.44,FALSE,105,FALSE
"CO23SF052R",40,65,17.6,38.54,FALSE,106,FALSE
"CO220469R",35,70,17.7,38.58,FALSE,107,FALSE
"CO23SFD051WA",46.6666666666667,44.6666666666667,28.5333333333333,38.8133333333333,FALSE,108,FALSE
"Crescent AX",75,45,7.65,39.06,FALSE,109,FALSE
"CO220025W",40,60,22.9,39.16,FALSE,110,FALSE
"CO220622R",90,25.5,11.3,39.17,FALSE,111,FALSE
"CO220406R",60,50,15.65,39.26,FALSE,112,FALSE
"CO23006RA",50,60,16.1,39.44,FALSE,113,FALSE
"CO23SF161W",50,60,16.15,39.46,FALSE,114,FALSE
"CO22SF085R",50,60,16.75,39.7,FALSE,115,FALSE
"CO220285R",70,50,9.5,39.8,FALSE,116,FALSE
"CO22SF019R",60,55,13.45,39.88,FALSE,117,FALSE
"CO23SF080R",60,50,17.75,40.1,FALSE,118,FALSE
"CO23SFD037W",60,50,17.75,40.1,FALSE,118,FALSE
"CO23SF008R",50,65,14.15,40.16,FALSE,120,FALSE
"CO23112RA",70,60,3.1,40.24,FALSE,121,FALSE
"X220958.2904",80,40,10.7,40.28,FALSE,122,FALSE
"X220960.6",60,50,18.2,40.28,FALSE,122,FALSE
"CO23D049R",55,55,18.55,40.42,FALSE,124,FALSE
"CO23D047R",65,50,15.2,40.58,FALSE,125,FALSE
"CO23D059R",70,50,11.45,40.58,FALSE,125,FALSE
"CO220241R",60,55,15.3,40.62,FALSE,127,FALSE
"CO220002W",75,50,7.95,40.68,FALSE,128,FALSE
"CO22D157R",65,50,15.8,40.82,FALSE,129,FALSE
"CO23SF018R",35,80,15.95,40.88,FALSE,130,FALSE
"CO220188R",70,45,16.2,40.98,FALSE,131,FALSE
"CO23D013R",65,45,20.1,41.04,FALSE,132,FALSE
"CO23SF060RA",33.3333333333333,60,32.7333333333333,41.0933333333333,FALSE,133,FALSE
"CO23SFD035RA",36.6666666666667,52.3333333333333,36,41.1,FALSE,134,FALSE
"CO22SFD177W",60,55,16.5,41.1,FALSE,135,FALSE
"X220958.2898",70,50,13.3,41.32,FALSE,136,FALSE
"X220958.2897",60,50,21.6,41.64,FALSE,137,FALSE
"CO220087R",70,55,10.45,41.68,FALSE,138,FALSE
"X220964.2896",40,60,29.8,41.92,FALSE,139,FALSE
"CO23SF009WA",63.3333333333333,56.6666666666667,14.8333333333333,41.9333333333333,FALSE,140,FALSE
"CO22195RA",50,70,15,42,FALSE,141,FALSE
"X220958.2905",70,40,22.5,42,FALSE,141,FALSE
"CO23SFD088R",65,35,30.25,42.1,FALSE,143,FALSE
"X220961.1",40,70,22.9,42.16,FALSE,144,FALSE
"CO23SFD045W",60,60,16.25,42.5,FALSE,145,FALSE
"CO210771R",75,55,9.15,42.66,FALSE,146,FALSE
"Byrd CL Plus",50,60,24.3,42.72,FALSE,147,FALSE
"CO220865R",65,60,13.4,42.86,FALSE,148,FALSE
"CO220786R",60,60,17.4,42.96,FALSE,149,FALSE
"X220958.2903",70,40,25.3,43.12,FALSE,150,FALSE
"CO210198R",85,45,10.8,43.32,FALSE,151,FALSE
"CO23D070R",85,30,22.35,43.44,FALSE,152,FALSE
"CO200037R",65,60,15.35,43.64,FALSE,153,FALSE
"CO23SFD042R",75,60,7.95,43.68,FALSE,154,FALSE
"CO23SF012WA",60,76.6666666666667,6.9,43.76,FALSE,155,FALSE
"CO23SFD034RC",75,50,16.1,43.94,FALSE,156,FALSE
"CO23SFD188R",80,50,12.45,43.98,FALSE,157,FALSE
"CO220054R",70,60,12.65,44.06,FALSE,158,FALSE
"CO23SFD035RC",75,45,20.2,44.08,FALSE,159,FALSE
"CO23SFD041W",85,50,9.05,44.12,FALSE,160,FALSE
"X220963.3",60,70,12.9,44.16,FALSE,161,FALSE
"CO23D184R",60,65,16.85,44.24,FALSE,162,FALSE
"CO23SFD039WA",36.6666666666667,66.6666666666667,33.3666666666667,44.3466666666667,FALSE,163,FALSE
"CO23SF040RA",76.6666666666667,56.6666666666667,10.9666666666667,44.3866666666667,FALSE,164,FALSE
"X220957.4",80,50,14,44.6,FALSE,165,FALSE
"CO23D020R",65,65,14.1,44.64,FALSE,166,FALSE
"CO23SFD047W",55,65,21.65,44.66,FALSE,167,FALSE
"CO200082R",70,60,14.45,44.78,FALSE,168,FALSE
"CO22056RA",60,70,14.5,44.8,FALSE,169,FALSE
"X220963.6",60,70,14.8,44.92,FALSE,170,FALSE
"CO23SFD050R",45,80,18.65,44.96,FALSE,171,FALSE
"X220957.5",90,40,15.4,45.16,FALSE,172,FALSE
"X220958.2899",80,50,15.6,45.24,FALSE,173,FALSE
"CO23SF058R",50,75,19.55,45.32,FALSE,174,FALSE
"CO21SF197R",60,65,20.15,45.56,FALSE,175,FALSE
"CO23D031RA",70,60,16.5,45.6,FALSE,176,FALSE
"X220960.3",80,50,16.8,45.72,FALSE,177,FALSE
"CO220215R",80,55,13.1,45.74,FALSE,178,FALSE
"CO23152RA",70,60,17,45.8,FALSE,179,FALSE
"CO23SFD039W",65,70,13.3,45.82,FALSE,180,FALSE
"CO220251R",75,55,17.35,45.94,FALSE,181,FALSE
"CO22SFD105M",45,75,25.05,46.02,FALSE,182,FALSE
"Snowmass 2.0",75,60,13.9,46.06,FALSE,183,FALSE
"CO23157RA",70,70,10.3,46.12,FALSE,184,FALSE
"X220963.4",70,70,10.8,46.32,FALSE,185,FALSE
"CO23SFD011RA",66.6666666666667,60,21.1666666666667,46.4666666666667,FALSE,186,FALSE
"X220958.2902",70,70,11.3,46.52,FALSE,187,FALSE
"CO220467R",65,70,15.3,46.62,FALSE,188,FALSE
"CO20D097R",70,65,16.15,46.96,FALSE,189,FALSE
"CO220802R",85,50,16.5,47.1,FALSE,190,FALSE
"CO23D218R",65,65,20.45,47.18,FALSE,191,FALSE
"CO23D025R",65,70,17.15,47.36,FALSE,192,FALSE
"CO23SFD102R",65,55,28.55,47.42,FALSE,193,FALSE
"CO23D247W",75,60,17.6,47.54,FALSE,194,FALSE
"CO23D240R",80,55,17.95,47.68,FALSE,195,FALSE
"CO23001RA",80,60,14.6,47.84,FALSE,196,FALSE
"CO23D060W",70,65,18.7,47.98,FALSE,197,FALSE
"CO210240W",80,50,22.55,48.02,FALSE,198,FALSE
"CO23D103R",80,60,15.25,48.1,FALSE,199,FALSE
"CO23D078R",75,65,15.9,48.36,FALSE,200,FALSE
"CO23D032R",85,55,15.95,48.38,FALSE,201,FALSE
"CO20SFD019R",85,55,17.05,48.82,FALSE,202,FALSE
"X220961.5",70,70,17.6,49.04,FALSE,203,FALSE
"CO22SFD101R",60,60,32.65,49.06,FALSE,204,FALSE
"CO21SF496R",70,65,22.05,49.32,FALSE,205,FALSE
"CO23110RA",80,80,3.3,49.32,FALSE,205,FALSE
"CO220610R",75,70,16.85,50.24,FALSE,207,FALSE
"X220960.5",60,80,20.8,50.32,FALSE,208,FALSE
"CO22SF047RA",73.3333333333333,66.6666666666667,21.1666666666667,50.4666666666667,FALSE,209,FALSE
"CO23121RA",80,60,21.6,50.64,FALSE,210,FALSE
"X220960.4",70,70,21.6,50.64,FALSE,210,FALSE
"CO220884R",70,80,14.25,50.7,FALSE,212,FALSE
"X220957.6",80,70,14.6,50.84,FALSE,213,FALSE
"X220963.2",80,70,14.7,50.88,FALSE,214,FALSE
"CO220796R",75,70,18.65,50.96,FALSE,215,FALSE
"CO23D090R",75,65,23.1,51.24,FALSE,216,FALSE
"CO220794R",75,70,19.5,51.3,FALSE,217,FALSE
"X220960.8",70,70,23.5,51.4,FALSE,218,FALSE
"X220961.4",70,80,16.5,51.6,FALSE,219,FALSE
"CO220512R",90,60,16.7,51.68,FALSE,220,FALSE
"Kivari AX",70,80,16.8,51.72,FALSE,221,FALSE
"CO22D002R",80,70,16.9,51.76,FALSE,222,FALSE
"AP18 AX",80,70,17.6,52.04,FALSE,223,FALSE
"CO22D027R",80,65,21.35,52.04,FALSE,223,FALSE
"Telluride",60,85,21.6,52.14,FALSE,225,FALSE
"Avery",80,70,18.8,52.52,FALSE,226,FALSE
"CO20D079R",85,70,15.1,52.54,FALSE,227,FALSE
"CO20D036R",90,75,7.85,52.64,FALSE,228,FALSE
"CO23SF092R",80,70,19.3,52.72,FALSE,229,FALSE
"CO23SF237R",85,70,15.55,52.72,FALSE,229,FALSE
"CO220151R",75,75,19.4,52.76,FALSE,231,FALSE
"CO23D061R",90,70,13.95,53.58,FALSE,232,FALSE
"Fortress",80,70,21.55,53.62,FALSE,233,FALSE
"CO20D068W",75,75,22.4,53.96,FALSE,234,FALSE
"X220960.2",90,70,14.9,53.96,FALSE,234,FALSE
"CO23SFD066R",80,60,30.55,54.22,FALSE,236,FALSE
"X220964.2894",90,60,23.2,54.28,FALSE,237,FALSE
"CO23D118W",80,80,16,54.4,FALSE,238,FALSE
"CO19410R",85,70,20.3,54.62,FALSE,239,FALSE
"X220961.3",80,70,24.1,54.64,FALSE,240,FALSE
"CO21D1790R",75,80,20.45,54.68,FALSE,241,FALSE
"CO23158RA",90,70,16.7,54.68,FALSE,241,FALSE
"CO23160RA",80,80,16.9,54.76,FALSE,243,FALSE
"CO220881R",80,70,24.55,54.82,FALSE,244,FALSE
"X220960.7",70,80,24.6,54.84,FALSE,245,FALSE
"CO23D042R",70,75,28.75,55,FALSE,246,FALSE
"CO23089RA",90,80,10.4,55.16,FALSE,247,FALSE
"CO23SFD032WA",63.3333333333333,80,31.6333333333333,55.6533333333333,FALSE,248,FALSE
"CO21SF226R",65,80,30.5,55.7,FALSE,249,FALSE
"CO23D004R",80,80,20.4,56.16,FALSE,250,FALSE
"CO23126RA",90,80,13.7,56.48,FALSE,251,FALSE
"CO23SFD004RA",70,80,30.0666666666667,57.0266666666667,FALSE,252,FALSE
"CO23SFD057M",75,85,23.4,57.36,FALSE,253,FALSE
"CO22194RA",90,80,17.1,57.84,FALSE,254,FALSE
"CO23D190R",75,85,25.5,58.2,FALSE,255,FALSE
"CO23161RA",90,80,22.2,59.88,FALSE,256,FALSE
"CO23119RA",90,80,23.2,60.28,FALSE,257,FALSE
"CO23SFD130R",85,80,27.15,60.36,FALSE,258,FALSE
"CO220156R",95,80,20,60.5,FALSE,259,FALSE
"X220960.1",90,80,28.2,62.28,FALSE,260,FALSE
"Amplify SF",80,90,28.7,62.48,FALSE,261,FALSE
"CO23D194R",75,90,34.15,63.16,FALSE,262,FALSE
"CO23134RA",70,80,46.1,63.44,FALSE,263,FALSE
"CO23127RA",90,90,23.9,63.56,FALSE,264,FALSE
"CO23SFD131R",95,80,33.8,66.02,FALSE,265,FALSE
"CO21SFD0950R",85,90,36.65,67.16,FALSE,266,FALSE
"CO22SF003R",90,90,33.7,67.48,FALSE,267,FALSE
"X220966.2486",0,0,NA,NA,FALSE,NA,NA
