"TRAIT","REPETITION","N","PREDICTION_ABILITY"
"DON",1,290,0.636263672457158
"DON",2,290,0.664954103731247
"DON",3,290,0.620538282183801
"DON",4,290,0.664352024963094
"DON",5,290,0.631756869863587
"DON",6,290,0.65996331760166
"DON",7,290,0.609162204023512
"DON",8,290,0.647119466571829
"DON",9,290,0.659130977071779
"DON",10,290,0.633184960037936
"DON",11,290,0.654436250202839
"DON",12,290,0.621187559058887
"DON",13,290,0.676385245187618
"DON",14,290,0.651318467061822
"DON",15,290,0.657151805233325
"DON",16,290,0.632694810325071
"DON",17,290,0.64705625985976
"DON",18,290,0.66432281916818
"DON",19,290,0.648624786107811
"DON",20,290,0.659391123922758
"DON",21,290,0.607125057259218
"DON",22,290,0.657771143517564
"DON",23,290,0.657251070188583
"DON",24,290,0.664899078539873
"DON",25,290,0.637497370329858
"DON",26,290,0.638443793232555
"DON",27,290,0.630869034154254
"DON",28,290,0.629856688155416
"DON",29,290,0.640412782953785
"DON",30,290,0.659399798697289
"DON",31,290,0.663227407879057
"DON",32,290,0.6236662172895
"DON",33,290,0.638495252447915
"DON",34,290,0.64837379659757
"DON",35,290,0.683014563715605
"DON",36,290,0.627539820907776
"DON",37,290,0.63918389979976
"DON",38,290,0.622093559369841
"DON",39,290,0.626709437958812
"DON",40,290,0.656819438648133
"DON",41,290,0.653307541129421
"DON",42,290,0.645799191551235
"DON",43,290,0.642626709021035
"DON",44,290,0.606073500074772
"DON",45,290,0.648552133225308
"DON",46,290,0.682078516140321
"DON",47,290,0.674012450315801
"DON",48,290,0.606143830875257
"DON",49,290,0.660086665381823
"DON",50,290,0.634409717324372
"DON",51,290,0.670147112615358
"DON",52,290,0.674009678245289
"DON",53,290,0.663393498780946
"DON",54,290,0.629442553357213
"DON",55,290,0.597132537537795
"DON",56,290,0.664866768279128
"DON",57,290,0.680459933567244
"DON",58,290,0.62689342163253
"DON",59,290,0.66684084454617
"DON",60,290,0.640904557480406
"DON",61,290,0.658324803506396
"DON",62,290,0.650039114556546
"DON",63,290,0.633467430274348
"DON",64,290,0.636880053660087
"DON",65,290,0.63038056936093
"DON",66,290,0.659136502553798
"DON",67,290,0.674604631103852
"DON",68,290,0.539522958039696
"DON",69,290,0.625242712605343
"DON",70,290,0.631563092651821
"DON",71,290,0.620107240260513
"DON",72,290,0.675130020654387
"DON",73,290,0.660939997515121
"DON",74,290,0.660310804977928
"DON",75,290,0.661208597327231
"DON",76,290,0.643280811126429
"DON",77,290,0.642578518074777
"DON",78,290,0.627017096028266
"DON",79,290,0.674184004693438
"DON",80,290,0.62966895721034
"DON",81,290,0.642134782802865
"DON",82,290,0.627175199473279
"DON",83,290,0.663473056589527
"DON",84,290,0.634234549616911
"DON",85,290,0.657279250423757
"DON",86,290,0.62328212257858
"DON",87,290,0.659059338789092
"DON",88,290,0.656856474940383
"DON",89,290,0.670566585193959
"DON",90,290,0.628071409223204
"DON",91,290,0.666939405694733
"DON",92,290,0.643768713105157
"DON",93,290,0.64969689357902
"DON",94,290,0.657641616174262
"DON",95,290,0.645643954748674
"DON",96,290,0.638321268374741
"DON",97,290,0.665584274013919
"DON",98,290,0.622050409939088
"DON",99,290,0.644809683059267
"DON",100,290,0.638413404490591
"FDK",1,289,0.390834933603383
"FDK",2,289,0.406373058267389
"FDK",3,289,0.416952384794511
"FDK",4,289,0.437790194882298
"FDK",5,289,0.466645143101413
"FDK",6,289,0.437507851386313
"FDK",7,289,0.402666162707233
"FDK",8,289,0.414131179253297
"FDK",9,289,0.430341820258444
"FDK",10,289,0.425708783208639
"FDK",11,289,0.426946777199907
"FDK",12,289,0.459755286838571
"FDK",13,289,0.413140857489108
"FDK",14,289,0.408908195807195
"FDK",15,289,0.455600554720707
"FDK",16,289,0.424375487426912
"FDK",17,289,0.406792465056763
"FDK",18,289,0.447741798919817
"FDK",19,289,0.386601272217918
"FDK",20,289,0.434572731469022
"FDK",21,289,0.407799466680327
"FDK",22,289,0.413909400319076
"FDK",23,289,0.429861921669139
"FDK",24,289,0.40384578617678
"FDK",25,289,0.398553132980755
"FDK",26,289,0.41186582219079
"FDK",27,289,0.363422833013863
"FDK",28,289,0.41920572538221
"FDK",29,289,0.452968916066928
"FDK",30,289,0.44429647188946
"FDK",31,289,0.443289357094376
"FDK",32,289,0.442868008714089
"FDK",33,289,0.400745379343698
"FDK",34,289,0.386351930697571
"FDK",35,289,0.442455657732468
"FDK",36,289,0.407827368609656
"FDK",37,289,0.369588790575832
"FDK",38,289,0.389098697071127
"FDK",39,289,0.393966271820749
"FDK",40,289,0.459493029086379
"FDK",41,289,0.381728150835599
"FDK",42,289,0.411930689408526
"FDK",43,289,0.385532752350753
"FDK",44,289,0.371789836057882
"FDK",45,289,0.41136541991163
"FDK",46,289,0.384435979779092
"FDK",47,289,0.394338319475308
"FDK",48,289,0.435428110723042
"FDK",49,289,0.405276714101084
"FDK",50,289,0.452460120205615
"FDK",51,289,0.398277511283227
"FDK",52,289,0.414492036669463
"FDK",53,289,0.413414607380301
"FDK",54,289,0.421395497904945
"FDK",55,289,0.422318953041623
"FDK",56,289,0.392586025293711
"FDK",57,289,0.449255921057714
"FDK",58,289,0.397507597219129
"FDK",59,289,0.434063264757417
"FDK",60,289,0.451238881648893
"FDK",61,289,0.385881662994805
"FDK",62,289,0.429720108300668
"FDK",63,289,0.435488996037692
"FDK",64,289,0.435544500515382
"FDK",65,289,0.389941809844669
"FDK",66,289,0.413257299985091
"FDK",67,289,0.458141931150231
"FDK",68,289,0.390492200690107
"FDK",69,289,0.400677766105879
"FDK",70,289,0.410038067777672
"FDK",71,289,0.446246908397364
"FDK",72,289,0.412458988758581
"FDK",73,289,0.409556331440021
"FDK",74,289,0.421986520297442
"FDK",75,289,0.429466487356304
"FDK",76,289,0.403476462685742
"FDK",77,289,0.46100754990335
"FDK",78,289,0.411240807674165
"FDK",79,289,0.446955980870796
"FDK",80,289,0.403183725801761
"FDK",81,289,0.400319372265414
"FDK",82,289,0.416135006591225
"FDK",83,289,0.420284725925397
"FDK",84,289,0.385183630928688
"FDK",85,289,0.382258155534614
"FDK",86,289,0.415174031298382
"FDK",87,289,0.424395126383436
"FDK",88,289,0.426008178562004
"FDK",89,289,0.426981284874145
"FDK",90,289,0.380085240045322
"FDK",91,289,0.403335315871593
"FDK",92,289,0.399055619910044
"FDK",93,289,0.39219494918716
"FDK",94,289,0.432089401944584
"FDK",95,289,0.447320995893855
"FDK",96,289,0.456660956124425
"FDK",97,289,0.432922667839963
"FDK",98,289,0.421708341538943
"FDK",99,289,0.439627311349684
"FDK",100,289,0.395410035087474
"INC",1,922,0.325410772510001
"INC",2,922,0.309639546510891
"INC",3,922,0.331086222944174
"INC",4,922,0.321645346221512
"INC",5,922,0.321257908576985
"INC",6,922,0.315263450243144
"INC",7,922,0.288036202002058
"INC",8,922,0.327129483226694
"INC",9,922,0.331260613557477
"INC",10,922,0.320784029492811
"INC",11,922,0.327390477338134
"INC",12,922,0.344377006285105
"INC",13,922,0.35289199345113
"INC",14,922,0.340220812960601
"INC",15,922,0.320980630929278
"INC",16,922,0.319025645532363
"INC",17,922,0.319924263978062
"INC",18,922,0.30577320373745
"INC",19,922,0.316683128794744
"INC",20,922,0.339733308700863
"INC",21,922,0.347896732728754
"INC",22,922,0.297881110853025
"INC",23,922,0.322969423555346
"INC",24,922,0.306399906448693
"INC",25,922,0.314841891368273
"INC",26,922,0.318137758502863
"INC",27,922,0.336717505528772
"INC",28,922,0.311870865827646
"INC",29,922,0.324375396071698
"INC",30,922,0.324080753141812
"INC",31,922,0.283524968995835
"INC",32,922,0.336358053319477
"INC",33,922,0.336344667148345
"INC",34,922,0.334727004913397
"INC",35,922,0.335093732777476
"INC",36,922,0.3233442533728
"INC",37,922,0.357635171405576
"INC",38,922,0.35153127340934
"INC",39,922,0.338168975905184
"INC",40,922,0.299854198056843
"INC",41,922,0.329820962047941
"INC",42,922,0.333767735926393
"INC",43,922,0.32967872544126
"INC",44,922,0.354030054721778
"INC",45,922,0.308774298507711
"INC",46,922,0.285908998573176
"INC",47,922,0.313918586163559
"INC",48,922,0.289589026763995
"INC",49,922,0.321047697603932
"INC",50,922,0.315831161282945
"INC",51,922,0.325230502371851
"INC",52,922,0.34007017363113
"INC",53,922,0.311626240110164
"INC",54,922,0.321332432748628
"INC",55,922,0.321846542978591
"INC",56,922,0.352720632966104
"INC",57,922,0.316239109696088
"INC",58,922,0.335013099602533
"INC",59,922,0.313836505962488
"INC",60,922,0.330258963875783
"INC",61,922,0.332662365195397
"INC",62,922,0.342459520375858
"INC",63,922,0.314641797461003
"INC",64,922,0.287426804248144
"INC",65,922,0.312396453376707
"INC",66,922,0.295416968999589
"INC",67,922,0.327996763896978
"INC",68,922,0.324116243478641
"INC",69,922,0.345491203555921
"INC",70,922,0.336426102750573
"INC",71,922,0.292376465613459
"INC",72,922,0.347838689225657
"INC",73,922,0.327199009535016
"INC",74,922,0.316420604127441
"INC",75,922,0.32684138996557
"INC",76,922,0.324497353910907
"INC",77,922,0.323434372833894
"INC",78,922,0.33095201529143
"INC",79,922,0.353528901178854
"INC",80,922,0.29994955160416
"INC",81,922,0.314540028064764
"INC",82,922,0.315589518014188
"INC",83,922,0.314031140435002
"INC",84,922,0.288225736427121
"INC",85,922,0.316020882639629
"INC",86,922,0.329232794045946
"INC",87,922,0.303557645772198
"INC",88,922,0.320128914167822
"INC",89,922,0.305871619060904
"INC",90,922,0.306476430090285
"INC",91,922,0.282972791189814
"INC",92,922,0.309612427677956
"INC",93,922,0.332183906016191
"INC",94,922,0.313970019642413
"INC",95,922,0.319598159518914
"INC",96,922,0.320273696597665
"INC",97,922,0.323035119801721
"INC",98,922,0.339286376733479
"INC",99,922,0.320419896580218
"INC",100,922,0.327809269033533
"SEV",1,939,0.182430909820221
"SEV",2,939,0.188147696458997
"SEV",3,939,0.149870351881125
"SEV",4,939,0.174903174635837
"SEV",5,939,0.176726142419174
"SEV",6,939,0.188213239775128
"SEV",7,939,0.129863724815582
"SEV",8,939,0.170251090649035
"SEV",9,939,0.150765485639982
"SEV",10,939,0.183207790449326
"SEV",11,939,0.184041779244412
"SEV",12,939,0.184201525958235
"SEV",13,939,0.176606056285973
"SEV",14,939,0.182702949261535
"SEV",15,939,0.136956654441366
"SEV",16,939,0.156716148005119
"SEV",17,939,0.182577270430035
"SEV",18,939,0.143399810037538
"SEV",19,939,0.176303987995608
"SEV",20,939,0.172867385571635
"SEV",21,939,0.169356311141132
"SEV",22,939,0.172337629295161
"SEV",23,939,0.180379248249985
"SEV",24,939,0.133159758080625
"SEV",25,939,0.164273036653745
"SEV",26,939,0.158022221017439
"SEV",27,939,0.163386461203814
"SEV",28,939,0.160423332911936
"SEV",29,939,0.170775736327217
"SEV",30,939,0.148451102699957
"SEV",31,939,0.161942104805799
"SEV",32,939,0.184417699354664
"SEV",33,939,0.17070091632157
"SEV",34,939,0.158834146336947
"SEV",35,939,0.186512001767364
"SEV",36,939,0.187056055783212
"SEV",37,939,0.175127660660861
"SEV",38,939,0.180731813493018
"SEV",39,939,0.176277728954923
"SEV",40,939,0.155338858802892
"SEV",41,939,0.181710704270732
"SEV",42,939,0.173684928243149
"SEV",43,939,0.200513143526431
"SEV",44,939,0.144899579612843
"SEV",45,939,0.146624018021429
"SEV",46,939,0.166026102183495
"SEV",47,939,0.161564898223248
"SEV",48,939,0.164795056868547
"SEV",49,939,0.180764450666442
"SEV",50,939,0.17759372537905
"SEV",51,939,0.173840979289993
"SEV",52,939,0.188898439620141
"SEV",53,939,0.166244906173111
"SEV",54,939,0.19930834585988
"SEV",55,939,0.181386056570371
"SEV",56,939,0.152529126570046
"SEV",57,939,0.156212158492467
"SEV",58,939,0.164083993554865
"SEV",59,939,0.176094006717749
"SEV",60,939,0.13639915609781
"SEV",61,939,0.149305759466519
"SEV",62,939,0.154209173125123
"SEV",63,939,0.185971298309459
"SEV",64,939,0.139961663842719
"SEV",65,939,0.178847216882703
"SEV",66,939,0.175942926254752
"SEV",67,939,0.153964371640335
"SEV",68,939,0.150884971268673
"SEV",69,939,0.163814127664464
"SEV",70,939,0.174969343862578
"SEV",71,939,0.214245298408098
"SEV",72,939,0.14378243646568
"SEV",73,939,0.156067517541667
"SEV",74,939,0.158232233222514
"SEV",75,939,0.164200639403419
"SEV",76,939,0.150707661242019
"SEV",77,939,0.189019886739496
"SEV",78,939,0.161626395690164
"SEV",79,939,0.161426649370284
"SEV",80,939,0.149171957907363
"SEV",81,939,0.187388494943268
"SEV",82,939,0.140655086120285
"SEV",83,939,0.172851361564402
"SEV",84,939,0.158652931346427
"SEV",85,939,0.167765600647278
"SEV",86,939,0.147555525025914
"SEV",87,939,0.152933001262586
"SEV",88,939,0.18374928159363
"SEV",89,939,0.190694342609603
"SEV",90,939,0.181679470967055
"SEV",91,939,0.161662388662196
"SEV",92,939,0.176200537497295
"SEV",93,939,0.163893329677972
"SEV",94,939,0.171149880559585
"SEV",95,939,0.154569904484377
"SEV",96,939,0.155048826426157
"SEV",97,939,0.175843809926972
"SEV",98,939,0.171762671173228
"SEV",99,939,0.156563486595464
"SEV",100,939,0.179322542014203
