"TRAIT","iteration","n","predictive_ability"
"INC",1,807,0.309312402022391
"INC",2,807,0.327749247675655
"INC",3,807,0.308364551514553
"INC",4,807,0.32471695459626
"INC",5,807,0.304813337289042
"INC",6,807,0.307387398756209
"INC",7,807,0.295900771945187
"INC",8,807,0.315541895629044
"INC",9,807,0.282443925207294
"INC",10,807,0.299976943453986
"INC",11,807,0.252657897761955
"INC",12,807,0.306966900742554
"INC",13,807,0.352034738305358
"INC",14,807,0.31671366271091
"INC",15,807,0.305506647171293
"INC",16,807,0.289473428139819
"INC",17,807,0.330882071906966
"INC",18,807,0.281311619087777
"INC",19,807,0.323874179117045
"INC",20,807,0.286563537312622
"SEV",1,824,0.108353697122319
"SEV",2,824,0.104347589052477
"SEV",3,824,0.0971462366442156
"SEV",4,824,0.113399885953808
"SEV",5,824,0.121578935571316
"SEV",6,824,0.105704943364195
"SEV",7,824,0.09167676431351
"SEV",8,824,0.140140017344243
"SEV",9,824,0.139973332855004
"SEV",10,824,0.155643190710762
"SEV",11,824,0.0839809592353983
"SEV",12,824,0.0748890235471524
"SEV",13,824,0.13837812208619
"SEV",14,824,0.075016153515126
"SEV",15,824,0.111279385287802
"SEV",16,824,0.133542747679342
"SEV",17,824,0.101967067782322
"SEV",18,824,0.125309176171944
"SEV",19,824,0.0998373941898161
"SEV",20,824,0.116328193446716
"DON",1,159,0.457110237367254
"DON",2,159,0.47010988391304
"DON",3,159,0.494458900406304
"DON",4,159,0.406107157523167
"DON",5,159,0.409798392713947
"DON",6,159,0.47518179114643
"DON",7,159,0.486192629444218
"DON",8,159,0.505448644231986
"DON",9,159,0.519862557429716
"DON",10,159,0.459746824506028
"DON",11,159,0.47412633224703
"DON",12,159,0.462721005722698
"DON",13,159,0.468808241823456
"DON",14,159,0.512894024279221
"DON",15,159,0.536279296806575
"DON",16,159,0.478209051347927
"DON",17,159,0.40601139984322
"DON",18,159,0.525452428007883
"DON",19,159,0.418417150470108
"DON",20,159,0.484837493159977
"FDK",1,158,0.0692808451782903
"FDK",2,158,0.126344754088564
"FDK",3,158,-0.0204425169372563
"FDK",4,158,-0.103791990983742
"FDK",5,158,0.00599411228189819
"FDK",6,158,0.00552163336964057
"FDK",7,158,0.018873789140114
"FDK",8,158,0.0634965308239306
"FDK",9,158,0.0751406535944754
"FDK",10,158,-0.0562019349378742
"FDK",11,158,-0.00876294972434519
"FDK",12,158,0.0234694911979604
"FDK",13,158,0.0527351682482197
"FDK",14,158,0.0112944590510604
"FDK",15,158,-0.0190951405741285
"FDK",16,158,-0.0706949721879102
"FDK",17,158,-0.0204759602023915
"FDK",18,158,0.025550987000022
"FDK",19,158,0.0382840735620389
"FDK",20,158,0.07624407211893
